Region per Sales,,,,,,Top performing products/categories,
Row Labels,Count of Field14,,Month per Sales,,,,
Central,2413,,,,,Row Labels,Count of Field16
East,2444,,Row Labels,Count of Field14,,-259.8,1
North,2413,,January,1345,,Office Supplies,1
Region,1,,February,1132,,-223.58,1
South,2374,,March,1174,,Technology,1
West,2380,,April,1096,,-210.06,1
(blank),,,May,1106,,Office Supplies,1
Grand Total,12025,,June,961,,-207.82,1
,,,July,988,,Furniture,1
,,,August,938,,-189.07,1
,,,September,860,,Technology,1
,,,October,857,,-184.38,1
,,,November,768,,Furniture,1
,,,December,772,,-171.41,1
,,,Grand Total,11997,,Technology,1
,,,,,,-168.33,1
,,,,,,Furniture,1
,,,,,,-155.74,1
,,,,,,Office Supplies,1
,,,,,,-142.71,1
,,,,,,Furniture,1
,,,,,,-128.55,1
,,,,,,Technology,1
,,,,,,-128.54,1
,,,,,,Office Supplies,1
,,,,,,-108.08,1
,,,,,,Office Supplies,1
,,,,,,-100.48,1
,,,,,,Technology,1
,,,,,,-100.36,1
,,,,,,Office Supplies,1
,,,,,,-84.16,1
,,,,,,Furniture,1
,,,,,,-78.33,1
,,,,,,Furniture,1
,,,,,,-77.3,1
,,,,,,Furniture,1
,,,,,,-74.78,1
,,,,,,Office Supplies,1
,,,,,,-74.11,1
,,,,,,Office Supplies,1
,,,,,,-63.44,1
,,,,,,Office Supplies,1
,,,,,,-57.49,1
,,,,,,Office Supplies,1
,,,,,,-55.77,1
,,,,,,Office Supplies,1
,,,,,,-55.72,1
,,,,,,Office Supplies,1
,,,,,,-55.17,1
,,,,,,Office Supplies,1
,,,,,,-54.29,1
,,,,,,Office Supplies,1
,,,,,,-53.93,1
,,,,,,Office Supplies,1
,,,,,,-51.51,1
,,,,,,Office Supplies,1
,,,,,,-50.92,1
,,,,,,Office Supplies,1
,,,,,,-50.78,1
,,,,,,Furniture,1
,,,,,,-50.54,1
,,,,,,Office Supplies,1
,,,,,,-50.42,1
,,,,,,Office Supplies,1
,,,,,,-49.47,1
,,,,,,Furniture,1
,,,,,,-49.02,1
,,,,,,Office Supplies,1
,,,,,,-48.57,1
,,,,,,Office Supplies,1
,,,,,,-47.93,1
,,,,,,Office Supplies,1
,,,,,,-47.8,1
,,,,,,Office Supplies,1
,,,,,,-47.63,1
,,,,,,Office Supplies,1
,,,,,,-46.98,1
,,,,,,Office Supplies,1
,,,,,,-46.76,1
,,,,,,Office Supplies,1
,,,,,,-46.55,1
,,,,,,Office Supplies,1
,,,,,,-46.12,1
,,,,,,Office Supplies,1
,,,,,,-46.03,1
,,,,,,Office Supplies,1
,,,,,,-46,1
,,,,,,Office Supplies,1
,,,,,,-45.77,1
,,,,,,Office Supplies,1
,,,,,,-45.72,1
,,,,,,Technology,1
,,,,,,-45.41,2
,,,,,,Office Supplies,2
,,,,,,-45.2,1
,,,,,,Office Supplies,1
,,,,,,-45.06,1
,,,,,,Office Supplies,1
,,,,,,-44.96,1
,,,,,,Office Supplies,1
,,,,,,-44.81,1
,,,,,,Office Supplies,1
,,,,,,-44.63,1
,,,,,,Office Supplies,1
,,,,,,-44.13,1
,,,,,,Office Supplies,1
,,,,,,-43.92,1
,,,,,,Office Supplies,1
,,,,,,-43.53,1
,,,,,,Office Supplies,1
,,,,,,-43.27,2
,,,,,,Office Supplies,2
,,,,,,-42.93,1
,,,,,,Office Supplies,1
,,,,,,-42.89,1
,,,,,,Office Supplies,1
,,,,,,-42.73,1
,,,,,,Office Supplies,1
,,,,,,-42.63,1
,,,,,,Office Supplies,1
,,,,,,-42.49,1
,,,,,,Office Supplies,1
,,,,,,-42.36,1
,,,,,,Office Supplies,1
,,,,,,-42.19,1
,,,,,,Office Supplies,1
,,,,,,-41.9,1
,,,,,,Office Supplies,1
,,,,,,-41.48,1
,,,,,,Office Supplies,1
,,,,,,-41.25,1
,,,,,,Office Supplies,1
,,,,,,-41.17,1
,,,,,,Office Supplies,1
,,,,,,-41.01,1
,,,,,,Office Supplies,1
,,,,,,-40.62,1
,,,,,,Office Supplies,1
,,,,,,-40.41,1
,,,,,,Office Supplies,1
,,,,,,-40.12,1
,,,,,,Office Supplies,1
,,,,,,-40.11,1
,,,,,,Office Supplies,1
,,,,,,-39.89,1
,,,,,,Office Supplies,1
,,,,,,-39.75,1
,,,,,,Office Supplies,1
,,,,,,-39.57,1
,,,,,,Office Supplies,1
,,,,,,-39.53,1
,,,,,,Office Supplies,1
,,,,,,-39.46,1
,,,,,,Furniture,1
,,,,,,-39.33,1
,,,,,,Office Supplies,1
,,,,,,-39.29,1
,,,,,,Office Supplies,1
,,,,,,-39.25,1
,,,,,,Office Supplies,1
,,,,,,-38.8,1
,,,,,,Office Supplies,1
,,,,,,-38.78,1
,,,,,,Office Supplies,1
,,,,,,-38.61,1
,,,,,,Office Supplies,1
,,,,,,-38.57,1
,,,,,,Office Supplies,1
,,,,,,-38.48,1
,,,,,,Office Supplies,1
,,,,,,-38.4,1
,,,,,,Office Supplies,1
,,,,,,-38.27,1
,,,,,,Furniture,1
,,,,,,-37.99,1
,,,,,,Office Supplies,1
,,,,,,-37.89,2
,,,,,,Office Supplies,2
,,,,,,-37.78,1
,,,,,,Office Supplies,1
,,,,,,-37.73,1
,,,,,,Office Supplies,1
,,,,,,-37.6,1
,,,,,,Office Supplies,1
,,,,,,-37.56,1
,,,,,,Office Supplies,1
,,,,,,-37.25,1
,,,,,,Office Supplies,1
,,,,,,-37.2,1
,,,,,,Office Supplies,1
,,,,,,-37.09,1
,,,,,,Office Supplies,1
,,,,,,-37,1
,,,,,,Office Supplies,1
,,,,,,-36.94,1
,,,,,,Office Supplies,1
,,,,,,-36.84,1
,,,,,,Furniture,1
,,,,,,-36.73,1
,,,,,,Office Supplies,1
,,,,,,-36.71,1
,,,,,,Office Supplies,1
,,,,,,-36.57,2
,,,,,,Office Supplies,2
,,,,,,-36.51,1
,,,,,,Office Supplies,1
,,,,,,-36.14,1
,,,,,,Office Supplies,1
,,,,,,-36.09,1
,,,,,,Office Supplies,1
,,,,,,-36.01,1
,,,,,,Office Supplies,1
,,,,,,-35.97,1
,,,,,,Furniture,1
,,,,,,-35.93,1
,,,,,,Office Supplies,1
,,,,,,-35.89,1
,,,,,,Office Supplies,1
,,,,,,-35.81,1
,,,,,,Office Supplies,1
,,,,,,-35.8,1
,,,,,,Office Supplies,1
,,,,,,-35.78,1
,,,,,,Office Supplies,1
,,,,,,-35.77,1
,,,,,,Office Supplies,1
,,,,,,-35.63,1
,,,,,,Office Supplies,1
,,,,,,-35.52,1
,,,,,,Office Supplies,1
,,,,,,-35.34,1
,,,,,,Office Supplies,1
,,,,,,-35.28,1
,,,,,,Office Supplies,1
,,,,,,-35.26,1
,,,,,,Furniture,1
,,,,,,-35.25,1
,,,,,,Office Supplies,1
,,,,,,-35.12,1
,,,,,,Office Supplies,1
,,,,,,-35.1,2
,,,,,,Office Supplies,1
,,,,,,Technology,1
,,,,,,-35.04,1
,,,,,,Office Supplies,1
,,,,,,-35.01,1
,,,,,,Furniture,1
,,,,,,-34.96,1
,,,,,,Office Supplies,1
,,,,,,-34.95,1
,,,,,,Office Supplies,1
,,,,,,-34.94,1
,,,,,,Office Supplies,1
,,,,,,-34.88,1
,,,,,,Office Supplies,1
,,,,,,-34.85,2
,,,,,,Office Supplies,2
,,,,,,-34.8,1
,,,,,,Office Supplies,1
,,,,,,-34.76,1
,,,,,,Office Supplies,1
,,,,,,-34.71,1
,,,,,,Office Supplies,1
,,,,,,-34.65,1
,,,,,,Office Supplies,1
,,,,,,-34.61,1
,,,,,,Office Supplies,1
,,,,,,-34.5,1
,,,,,,Office Supplies,1
,,,,,,-34.49,1
,,,,,,Office Supplies,1
,,,,,,-34.48,1
,,,,,,Office Supplies,1
,,,,,,-34.37,1
,,,,,,Office Supplies,1
,,,,,,-34.35,2
,,,,,,Office Supplies,2
,,,,,,-34.3,1
,,,,,,Office Supplies,1
,,,,,,-34.2,1
,,,,,,Furniture,1
,,,,,,-34.18,1
,,,,,,Office Supplies,1
,,,,,,-34.11,1
,,,,,,Furniture,1
,,,,,,-33.88,1
,,,,,,Office Supplies,1
,,,,,,-33.77,1
,,,,,,Office Supplies,1
,,,,,,-33.72,2
,,,,,,Furniture,1
,,,,,,Office Supplies,1
,,,,,,-33.47,1
,,,,,,Office Supplies,1
,,,,,,-33.29,1
,,,,,,Office Supplies,1
,,,,,,-32.85,1
,,,,,,Office Supplies,1
,,,,,,-32.76,1
,,,,,,Office Supplies,1
,,,,,,-32.67,1
,,,,,,Technology,1
,,,,,,-32.52,1
,,,,,,Office Supplies,1
,,,,,,-32.48,2
,,,,,,Office Supplies,2
,,,,,,-32.41,1
,,,,,,Office Supplies,1
,,,,,,-32.39,1
,,,,,,Office Supplies,1
,,,,,,-32.36,1
,,,,,,Office Supplies,1
,,,,,,-32.16,1
,,,,,,Office Supplies,1
,,,,,,-32.12,1
,,,,,,Office Supplies,1
,,,,,,-32.07,1
,,,,,,Office Supplies,1
,,,,,,-32.04,1
,,,,,,Technology,1
,,,,,,-32.01,1
,,,,,,Furniture,1
,,,,,,-31.62,1
,,,,,,Office Supplies,1
,,,,,,-31.5,1
,,,,,,Office Supplies,1
,,,,,,-31.38,1
,,,,,,Office Supplies,1
,,,,,,-31.24,1
,,,,,,Office Supplies,1
,,,,,,-31.17,1
,,,,,,Furniture,1
,,,,,,-31.14,1
,,,,,,Office Supplies,1
,,,,,,-31.07,1
,,,,,,Office Supplies,1
,,,,,,-31.06,2
,,,,,,Office Supplies,1
,,,,,,Technology,1
,,,,,,-30.84,1
,,,,,,Office Supplies,1
,,,,,,-30.82,1
,,,,,,Office Supplies,1
,,,,,,-30.78,1
,,,,,,Office Supplies,1
,,,,,,-30.76,1
,,,,,,Office Supplies,1
,,,,,,-30.75,1
,,,,,,Office Supplies,1
,,,,,,-30.7,1
,,,,,,Furniture,1
,,,,,,-30.67,1
,,,,,,Office Supplies,1
,,,,,,-30.61,1
,,,,,,Office Supplies,1
,,,,,,-30.58,1
,,,,,,Office Supplies,1
,,,,,,-30.57,1
,,,,,,Office Supplies,1
,,,,,,-30.5,1
,,,,,,Office Supplies,1
,,,,,,-30.44,1
,,,,,,Furniture,1
,,,,,,-30.35,1
,,,,,,Office Supplies,1
,,,,,,-30.34,1
,,,,,,Technology,1
,,,,,,-30.31,1
,,,,,,Office Supplies,1
,,,,,,-30.25,2
,,,,,,Office Supplies,2
,,,,,,-30.23,1
,,,,,,Office Supplies,1
,,,,,,-30.15,1
,,,,,,Office Supplies,1
,,,,,,-30.07,1
,,,,,,Office Supplies,1
,,,,,,-30,1
,,,,,,Office Supplies,1
,,,,,,-29.6,1
,,,,,,Office Supplies,1
,,,,,,-29.59,1
,,,,,,Office Supplies,1
,,,,,,-29.58,1
,,,,,,Office Supplies,1
,,,,,,-29.53,1
,,,,,,Office Supplies,1
,,,,,,-29.51,1
,,,,,,Office Supplies,1
,,,,,,-29.47,1
,,,,,,Office Supplies,1
,,,,,,-29.42,1
,,,,,,Office Supplies,1
,,,,,,-29.31,1
,,,,,,Furniture,1
,,,,,,-29.16,1
,,,,,,Office Supplies,1
,,,,,,-29.15,1
,,,,,,Office Supplies,1
,,,,,,-29.13,1
,,,,,,Office Supplies,1
,,,,,,-29.12,1
,,,,,,Office Supplies,1
,,,,,,-29.07,1
,,,,,,Office Supplies,1
,,,,,,-28.95,1
,,,,,,Office Supplies,1
,,,,,,-28.71,1
,,,,,,Office Supplies,1
,,,,,,-28.68,1
,,,,,,Office Supplies,1
,,,,,,-28.67,1
,,,,,,Office Supplies,1
,,,,,,-28.58,2
,,,,,,Office Supplies,2
,,,,,,-28.52,1
,,,,,,Furniture,1
,,,,,,-28.43,1
,,,,,,Office Supplies,1
,,,,,,-28.4,1
,,,,,,Office Supplies,1
,,,,,,-28.38,1
,,,,,,Office Supplies,1
,,,,,,-28.37,1
,,,,,,Office Supplies,1
,,,,,,-28.31,1
,,,,,,Office Supplies,1
,,,,,,-28.3,2
,,,,,,Office Supplies,2
,,,,,,-28.13,1
,,,,,,Office Supplies,1
,,,,,,-28.03,1
,,,,,,Office Supplies,1
,,,,,,-27.92,1
,,,,,,Office Supplies,1
,,,,,,-27.9,1
,,,,,,Office Supplies,1
,,,,,,-27.87,1
,,,,,,Office Supplies,1
,,,,,,-27.78,1
,,,,,,Office Supplies,1
,,,,,,-27.77,1
,,,,,,Office Supplies,1
,,,,,,-27.73,1
,,,,,,Office Supplies,1
,,,,,,-27.59,1
,,,,,,Office Supplies,1
,,,,,,-27.55,1
,,,,,,Office Supplies,1
,,,,,,-27.54,1
,,,,,,Office Supplies,1
,,,,,,-27.51,1
,,,,,,Office Supplies,1
,,,,,,-27.43,1
,,,,,,Office Supplies,1
,,,,,,-27.38,1
,,,,,,Office Supplies,1
,,,,,,-27.34,1
,,,,,,Office Supplies,1
,,,,,,-27.26,1
,,,,,,Office Supplies,1
,,,,,,-27.22,1
,,,,,,Technology,1
,,,,,,-27.2,1
,,,,,,Office Supplies,1
,,,,,,-27.17,1
,,,,,,Office Supplies,1
,,,,,,-27.13,1
,,,,,,Office Supplies,1
,,,,,,-26.99,1
,,,,,,Office Supplies,1
,,,,,,-26.92,1
,,,,,,Office Supplies,1
,,,,,,-26.66,1
,,,,,,Office Supplies,1
,,,,,,-26.56,1
,,,,,,Office Supplies,1
,,,,,,-26.53,1
,,,,,,Office Supplies,1
,,,,,,-26.45,1
,,,,,,Office Supplies,1
,,,,,,-26.34,1
,,,,,,Office Supplies,1
,,,,,,-26.25,1
,,,,,,Office Supplies,1
,,,,,,-26.21,1
,,,,,,Office Supplies,1
,,,,,,-26.11,3
,,,,,,Furniture,1
,,,,,,Office Supplies,2
,,,,,,-26.02,1
,,,,,,Furniture,1
,,,,,,-26,1
,,,,,,Office Supplies,1
,,,,,,-25.94,1
,,,,,,Office Supplies,1
,,,,,,-25.91,2
,,,,,,Furniture,1
,,,,,,Office Supplies,1
,,,,,,-25.88,1
,,,,,,Office Supplies,1
,,,,,,-25.78,1
,,,,,,Office Supplies,1
,,,,,,-25.75,1
,,,,,,Office Supplies,1
,,,,,,-25.74,1
,,,,,,Furniture,1
,,,,,,-25.69,1
,,,,,,Office Supplies,1
,,,,,,-25.68,1
,,,,,,Office Supplies,1
,,,,,,-25.64,2
,,,,,,Office Supplies,2
,,,,,,-25.6,2
,,,,,,Office Supplies,2
,,,,,,-25.47,1
,,,,,,Office Supplies,1
,,,,,,-25.43,1
,,,,,,Office Supplies,1
,,,,,,-25.36,1
,,,,,,Office Supplies,1
,,,,,,-25.35,1
,,,,,,Office Supplies,1
,,,,,,-25.31,1
,,,,,,Office Supplies,1
,,,,,,-25.27,1
,,,,,,Furniture,1
,,,,,,-25.22,1
,,,,,,Office Supplies,1
,,,,,,-25.2,2
,,,,,,Office Supplies,2
,,,,,,-25.18,1
,,,,,,Furniture,1
,,,,,,-25.16,1
,,,,,,Office Supplies,1
,,,,,,-25.14,1
,,,,,,Office Supplies,1
,,,,,,-25.09,1
,,,,,,Office Supplies,1
,,,,,,-25.08,2
,,,,,,Furniture,1
,,,,,,Office Supplies,1
,,,,,,-25.07,1
,,,,,,Furniture,1
,,,,,,-25,3
,,,,,,Office Supplies,3
,,,,,,-24.98,1
,,,,,,Office Supplies,1
,,,,,,-24.9,1
,,,,,,Office Supplies,1
,,,,,,-24.88,1
,,,,,,Office Supplies,1
,,,,,,-24.85,1
,,,,,,Office Supplies,1
,,,,,,-24.77,1
,,,,,,Office Supplies,1
,,,,,,-24.76,3
,,,,,,Office Supplies,1
,,,,,,Technology,2
,,,,,,-24.75,1
,,,,,,Office Supplies,1
,,,,,,-24.72,1
,,,,,,Office Supplies,1
,,,,,,-24.68,1
,,,,,,Office Supplies,1
,,,,,,-24.67,1
,,,,,,Office Supplies,1
,,,,,,-24.65,1
,,,,,,Technology,1
,,,,,,-24.61,1
,,,,,,Office Supplies,1
,,,,,,-24.59,1
,,,,,,Office Supplies,1
,,,,,,-24.57,1
,,,,,,Office Supplies,1
,,,,,,-24.55,1
,,,,,,Office Supplies,1
,,,,,,-24.52,1
,,,,,,Office Supplies,1
,,,,,,-24.5,1
,,,,,,Office Supplies,1
,,,,,,-24.46,1
,,,,,,Office Supplies,1
,,,,,,-24.45,1
,,,,,,Office Supplies,1
,,,,,,-24.39,2
,,,,,,Furniture,1
,,,,,,Office Supplies,1
,,,,,,-24.38,1
,,,,,,Office Supplies,1
,,,,,,-24.28,2
,,,,,,Office Supplies,2
,,,,,,-24.26,1
,,,,,,Office Supplies,1
,,,,,,-24.25,1
,,,,,,Office Supplies,1
,,,,,,-24.15,1
,,,,,,Office Supplies,1
,,,,,,-24.1,1
,,,,,,Office Supplies,1
,,,,,,-24.08,1
,,,,,,Office Supplies,1
,,,,,,-23.94,1
,,,,,,Office Supplies,1
,,,,,,-23.89,1
,,,,,,Office Supplies,1
,,,,,,-23.85,2
,,,,,,Office Supplies,2
,,,,,,-23.83,2
,,,,,,Furniture,1
,,,,,,Office Supplies,1
,,,,,,-23.75,1
,,,,,,Office Supplies,1
,,,,,,-23.72,2
,,,,,,Office Supplies,2
,,,,,,-23.71,1
,,,,,,Office Supplies,1
,,,,,,-23.66,1
,,,,,,Office Supplies,1
,,,,,,-23.62,1
,,,,,,Office Supplies,1
,,,,,,-23.61,1
,,,,,,Office Supplies,1
,,,,,,-23.6,1
,,,,,,Office Supplies,1
,,,,,,-23.59,2
,,,,,,Furniture,1
,,,,,,Office Supplies,1
,,,,,,-23.52,1
,,,,,,Office Supplies,1
,,,,,,-23.42,2
,,,,,,Furniture,1
,,,,,,Office Supplies,1
,,,,,,-23.37,1
,,,,,,Office Supplies,1
,,,,,,-23.36,1
,,,,,,Office Supplies,1
,,,,,,-23.35,1
,,,,,,Office Supplies,1
,,,,,,-23.31,1
,,,,,,Office Supplies,1
,,,,,,-23.25,1
,,,,,,Office Supplies,1
,,,,,,-23.24,1
,,,,,,Office Supplies,1
,,,,,,-23.18,2
,,,,,,Office Supplies,2
,,,,,,-23.11,1
,,,,,,Office Supplies,1
,,,,,,-23.09,1
,,,,,,Office Supplies,1
,,,,,,-23.07,1
,,,,,,Office Supplies,1
,,,,,,-23.06,1
,,,,,,Office Supplies,1
,,,,,,-22.97,2
,,,,,,Furniture,1
,,,,,,Office Supplies,1
,,,,,,-22.96,2
,,,,,,Furniture,1
,,,,,,Office Supplies,1
,,,,,,-22.94,1
,,,,,,Office Supplies,1
,,,,,,-22.77,1
,,,,,,Office Supplies,1
,,,,,,-22.72,1
,,,,,,Office Supplies,1
,,,,,,-22.6,1
,,,,,,Office Supplies,1
,,,,,,-22.59,1
,,,,,,Furniture,1
,,,,,,-22.57,1
,,,,,,Office Supplies,1
,,,,,,-22.49,1
,,,,,,Office Supplies,1
,,,,,,-22.45,1
,,,,,,Office Supplies,1
,,,,,,-22.37,1
,,,,,,Office Supplies,1
,,,,,,-22.3,1
,,,,,,Office Supplies,1
,,,,,,-22.29,1
,,,,,,Office Supplies,1
,,,,,,-22.21,1
,,,,,,Office Supplies,1
,,,,,,-22.17,1
,,,,,,Office Supplies,1
,,,,,,-22.16,2
,,,,,,Office Supplies,2
,,,,,,-22.14,2
,,,,,,Office Supplies,2
,,,,,,-22.13,1
,,,,,,Office Supplies,1
,,,,,,-22.12,1
,,,,,,Office Supplies,1
,,,,,,-22.03,1
,,,,,,Office Supplies,1
,,,,,,-22.01,1
,,,,,,Office Supplies,1
,,,,,,-21.98,1
,,,,,,Office Supplies,1
,,,,,,-21.89,1
,,,,,,Office Supplies,1
,,,,,,-21.86,1
,,,,,,Office Supplies,1
,,,,,,-21.84,1
,,,,,,Office Supplies,1
,,,,,,-21.8,1
,,,,,,Office Supplies,1
,,,,,,-21.76,1
,,,,,,Office Supplies,1
,,,,,,-21.72,1
,,,,,,Furniture,1
,,,,,,-21.7,1
,,,,,,Office Supplies,1
,,,,,,-21.69,2
,,,,,,Office Supplies,2
,,,,,,-21.66,1
,,,,,,Office Supplies,1
,,,,,,-21.63,1
,,,,,,Office Supplies,1
,,,,,,-21.6,1
,,,,,,Office Supplies,1
,,,,,,-21.59,1
,,,,,,Office Supplies,1
,,,,,,-21.57,1
,,,,,,Office Supplies,1
,,,,,,-21.53,1
,,,,,,Office Supplies,1
,,,,,,-21.52,1
,,,,,,Office Supplies,1
,,,,,,-21.49,2
,,,,,,Furniture,1
,,,,,,Office Supplies,1
,,,,,,-21.47,1
,,,,,,Office Supplies,1
,,,,,,-21.46,1
,,,,,,Office Supplies,1
,,,,,,-21.42,1
,,,,,,Office Supplies,1
,,,,,,-21.4,1
,,,,,,Office Supplies,1
,,,,,,-21.37,2
,,,,,,Office Supplies,2
,,,,,,-21.36,1
,,,,,,Office Supplies,1
,,,,,,-21.34,1
,,,,,,Office Supplies,1
,,,,,,-21.32,1
,,,,,,Office Supplies,1
,,,,,,-21.3,1
,,,,,,Office Supplies,1
,,,,,,-21.25,1
,,,,,,Office Supplies,1
,,,,,,-21.24,1
,,,,,,Office Supplies,1
,,,,,,-21.19,1
,,,,,,Office Supplies,1
,,,,,,-21.17,1
,,,,,,Office Supplies,1
,,,,,,-21.13,2
,,,,,,Furniture,1
,,,,,,Office Supplies,1
,,,,,,-21.11,1
,,,,,,Office Supplies,1
,,,,,,-21.1,1
,,,,,,Technology,1
,,,,,,-21.04,1
,,,,,,Office Supplies,1
,,,,,,-21.03,1
,,,,,,Office Supplies,1
,,,,,,-21,1
,,,,,,Office Supplies,1
,,,,,,-20.92,1
,,,,,,Technology,1
,,,,,,-20.9,3
,,,,,,Office Supplies,3
,,,,,,-20.88,1
,,,,,,Office Supplies,1
,,,,,,-20.85,2
,,,,,,Office Supplies,2
,,,,,,-20.83,1
,,,,,,Office Supplies,1
,,,,,,-20.8,2
,,,,,,Office Supplies,2
,,,,,,-20.79,1
,,,,,,Office Supplies,1
,,,,,,-20.78,1
,,,,,,Office Supplies,1
,,,,,,-20.73,2
,,,,,,Office Supplies,2
,,,,,,-20.71,1
,,,,,,Office Supplies,1
,,,,,,-20.7,1
,,,,,,Office Supplies,1
,,,,,,-20.68,1
,,,,,,Furniture,1
,,,,,,-20.63,1
,,,,,,Office Supplies,1
,,,,,,-20.61,1
,,,,,,Office Supplies,1
,,,,,,-20.59,1
,,,,,,Office Supplies,1
,,,,,,-20.57,1
,,,,,,Office Supplies,1
,,,,,,-20.56,2
,,,,,,Office Supplies,2
,,,,,,-20.54,3
,,,,,,Office Supplies,3
,,,,,,-20.52,1
,,,,,,Furniture,1
,,,,,,-20.5,2
,,,,,,Office Supplies,2
,,,,,,-20.44,1
,,,,,,Office Supplies,1
,,,,,,-20.42,1
,,,,,,Office Supplies,1
,,,,,,-20.41,1
,,,,,,Furniture,1
,,,,,,-20.38,2
,,,,,,Office Supplies,2
,,,,,,-20.27,1
,,,,,,Office Supplies,1
,,,,,,-20.25,1
,,,,,,Office Supplies,1
,,,,,,-20.23,1
,,,,,,Office Supplies,1
,,,,,,-20.22,1
,,,,,,Office Supplies,1
,,,,,,-20.21,1
,,,,,,Technology,1
,,,,,,-20.15,1
,,,,,,Office Supplies,1
,,,,,,-20.12,2
,,,,,,Furniture,1
,,,,,,Office Supplies,1
,,,,,,-20.11,1
,,,,,,Office Supplies,1
,,,,,,-20.1,1
,,,,,,Office Supplies,1
,,,,,,-20,1
,,,,,,Office Supplies,1
,,,,,,-19.95,1
,,,,,,Office Supplies,1
,,,,,,-19.87,1
,,,,,,Office Supplies,1
,,,,,,-19.86,1
,,,,,,Office Supplies,1
,,,,,,-19.84,1
,,,,,,Office Supplies,1
,,,,,,-19.83,1
,,,,,,Office Supplies,1
,,,,,,-19.78,1
,,,,,,Office Supplies,1
,,,,,,-19.76,1
,,,,,,Office Supplies,1
,,,,,,-19.69,1
,,,,,,Office Supplies,1
,,,,,,-19.68,1
,,,,,,Office Supplies,1
,,,,,,-19.67,1
,,,,,,Office Supplies,1
,,,,,,-19.66,1
,,,,,,Office Supplies,1
,,,,,,-19.61,1
,,,,,,Office Supplies,1
,,,,,,-19.58,1
,,,,,,Office Supplies,1
,,,,,,-19.57,2
,,,,,,Office Supplies,2
,,,,,,-19.56,1
,,,,,,Office Supplies,1
,,,,,,-19.55,1
,,,,,,Office Supplies,1
,,,,,,-19.5,1
,,,,,,Office Supplies,1
,,,,,,-19.49,1
,,,,,,Office Supplies,1
,,,,,,-19.48,1
,,,,,,Office Supplies,1
,,,,,,-19.45,1
,,,,,,Office Supplies,1
,,,,,,-19.43,1
,,,,,,Furniture,1
,,,,,,-19.35,3
,,,,,,Furniture,1
,,,,,,Office Supplies,2
,,,,,,-19.34,2
,,,,,,Office Supplies,2
,,,,,,-19.33,2
,,,,,,Furniture,1
,,,,,,Office Supplies,1
,,,,,,-19.31,1
,,,,,,Office Supplies,1
,,,,,,-19.24,3
,,,,,,Furniture,1
,,,,,,Office Supplies,2
,,,,,,-19.23,1
,,,,,,Office Supplies,1
,,,,,,-19.14,2
,,,,,,Office Supplies,2
,,,,,,-19.02,2
,,,,,,Furniture,1
,,,,,,Office Supplies,1
,,,,,,-18.98,3
,,,,,,Office Supplies,3
,,,,,,-18.97,1
,,,,,,Office Supplies,1
,,,,,,-18.95,1
,,,,,,Office Supplies,1
,,,,,,-18.91,1
,,,,,,Office Supplies,1
,,,,,,-18.89,2
,,,,,,Office Supplies,2
,,,,,,-18.87,1
,,,,,,Office Supplies,1
,,,,,,-18.85,1
,,,,,,Office Supplies,1
,,,,,,-18.84,2
,,,,,,Office Supplies,2
,,,,,,-18.78,1
,,,,,,Office Supplies,1
,,,,,,-18.77,1
,,,,,,Office Supplies,1
,,,,,,-18.75,1
,,,,,,Office Supplies,1
,,,,,,-18.72,1
,,,,,,Office Supplies,1
,,,,,,-18.71,2
,,,,,,Office Supplies,2
,,,,,,-18.67,1
,,,,,,Office Supplies,1
,,,,,,-18.64,2
,,,,,,Office Supplies,2
,,,,,,-18.63,1
,,,,,,Office Supplies,1
,,,,,,-18.62,1
,,,,,,Office Supplies,1
,,,,,,-18.61,1
,,,,,,Office Supplies,1
,,,,,,-18.56,1
,,,,,,Furniture,1
,,,,,,-18.55,1
,,,,,,Office Supplies,1
,,,,,,-18.53,1
,,,,,,Office Supplies,1
,,,,,,-18.52,3
,,,,,,Furniture,1
,,,,,,Office Supplies,2
,,,,,,-18.47,1
,,,,,,Office Supplies,1
,,,,,,-18.45,1
,,,,,,Office Supplies,1
,,,,,,-18.34,1
,,,,,,Office Supplies,1
,,,,,,-18.33,1
,,,,,,Office Supplies,1
,,,,,,-18.31,2
,,,,,,Office Supplies,2
,,,,,,-18.3,2
,,,,,,Furniture,1
,,,,,,Technology,1
,,,,,,-18.28,1
,,,,,,Office Supplies,1
,,,,,,-18.2,1
,,,,,,Office Supplies,1
,,,,,,-18.18,2
,,,,,,Furniture,1
,,,,,,Office Supplies,1
,,,,,,-18.17,1
,,,,,,Office Supplies,1
,,,,,,-18.08,1
,,,,,,Office Supplies,1
,,,,,,-18.05,2
,,,,,,Office Supplies,2
,,,,,,-18,1
,,,,,,Office Supplies,1
,,,,,,-17.99,1
,,,,,,Furniture,1
,,,,,,-17.92,1
,,,,,,Office Supplies,1
,,,,,,-17.85,1
,,,,,,Office Supplies,1
,,,,,,-17.83,2
,,,,,,Office Supplies,2
,,,,,,-17.81,1
,,,,,,Office Supplies,1
,,,,,,-17.8,2
,,,,,,Furniture,1
,,,,,,Office Supplies,1
,,,,,,-17.79,1
,,,,,,Office Supplies,1
,,,,,,-17.71,4
,,,,,,Furniture,2
,,,,,,Office Supplies,2
,,,,,,-17.7,2
,,,,,,Office Supplies,2
,,,,,,-17.68,1
,,,,,,Technology,1
,,,,,,-17.62,1
,,,,,,Office Supplies,1
,,,,,,-17.56,1
,,,,,,Office Supplies,1
,,,,,,-17.55,1
,,,,,,Office Supplies,1
,,,,,,-17.48,1
,,,,,,Office Supplies,1
,,,,,,-17.45,2
,,,,,,Furniture,1
,,,,,,Office Supplies,1
,,,,,,-17.44,1
,,,,,,Technology,1
,,,,,,-17.41,1
,,,,,,Office Supplies,1
,,,,,,-17.38,1
,,,,,,Office Supplies,1
,,,,,,-17.33,1
,,,,,,Office Supplies,1
,,,,,,-17.32,1
,,,,,,Office Supplies,1
,,,,,,-17.31,1
,,,,,,Office Supplies,1
,,,,,,-17.27,2
,,,,,,Office Supplies,2
,,,,,,-17.24,1
,,,,,,Office Supplies,1
,,,,,,-17.16,1
,,,,,,Office Supplies,1
,,,,,,-17.15,1
,,,,,,Office Supplies,1
,,,,,,-17.14,2
,,,,,,Office Supplies,2
,,,,,,-17.1,1
,,,,,,Furniture,1
,,,,,,-17.09,1
,,,,,,Office Supplies,1
,,,,,,-17.06,1
,,,,,,Office Supplies,1
,,,,,,-17.05,1
,,,,,,Office Supplies,1
,,,,,,-16.99,1
,,,,,,Office Supplies,1
,,,,,,-16.98,1
,,,,,,Office Supplies,1
,,,,,,-16.94,1
,,,,,,Technology,1
,,,,,,-16.93,1
,,,,,,Office Supplies,1
,,,,,,-16.87,1
,,,,,,Furniture,1
,,,,,,-16.85,2
,,,,,,Office Supplies,1
,,,,,,Technology,1
,,,,,,-16.84,2
,,,,,,Office Supplies,2
,,,,,,-16.82,1
,,,,,,Office Supplies,1
,,,,,,-16.78,1
,,,,,,Office Supplies,1
,,,,,,-16.75,2
,,,,,,Furniture,1
,,,,,,Office Supplies,1
,,,,,,-16.71,3
,,,,,,Office Supplies,3
,,,,,,-16.69,2
,,,,,,Office Supplies,2
,,,,,,-16.68,2
,,,,,,Furniture,1
,,,,,,Office Supplies,1
,,,,,,-16.66,2
,,,,,,Office Supplies,2
,,,,,,-16.65,1
,,,,,,Office Supplies,1
,,,,,,-16.63,1
,,,,,,Office Supplies,1
,,,,,,-16.6,2
,,,,,,Furniture,2
,,,,,,-16.56,1
,,,,,,Office Supplies,1
,,,,,,-16.52,2
,,,,,,Furniture,1
,,,,,,Office Supplies,1
,,,,,,-16.47,1
,,,,,,Office Supplies,1
,,,,,,-16.45,1
,,,,,,Office Supplies,1
,,,,,,-16.4,2
,,,,,,Office Supplies,2
,,,,,,-16.37,1
,,,,,,Office Supplies,1
,,,,,,-16.36,1
,,,,,,Office Supplies,1
,,,,,,-16.32,1
,,,,,,Office Supplies,1
,,,,,,-16.28,1
,,,,,,Office Supplies,1
,,,,,,-16.27,1
,,,,,,Office Supplies,1
,,,,,,-16.26,2
,,,,,,Office Supplies,2
,,,,,,-16.24,1
,,,,,,Office Supplies,1
,,,,,,-16.2,1
,,,,,,Office Supplies,1
,,,,,,-16.13,2
,,,,,,Office Supplies,2
,,,,,,-16.11,2
,,,,,,Furniture,1
,,,,,,Office Supplies,1
,,,,,,-16.1,1
,,,,,,Office Supplies,1
,,,,,,-16.08,1
,,,,,,Office Supplies,1
,,,,,,-16.01,2
,,,,,,Furniture,1
,,,,,,Office Supplies,1
,,,,,,-16,1
,,,,,,Office Supplies,1
,,,,,,-15.97,1
,,,,,,Office Supplies,1
,,,,,,-15.94,1
,,,,,,Office Supplies,1
,,,,,,-15.9,1
,,,,,,Office Supplies,1
,,,,,,-15.86,1
,,,,,,Office Supplies,1
,,,,,,-15.85,1
,,,,,,Office Supplies,1
,,,,,,-15.82,1
,,,,,,Furniture,1
,,,,,,-15.78,1
,,,,,,Office Supplies,1
,,,,,,-15.67,1
,,,,,,Office Supplies,1
,,,,,,-15.65,1
,,,,,,Office Supplies,1
,,,,,,-15.64,1
,,,,,,Office Supplies,1
,,,,,,-15.62,1
,,,,,,Office Supplies,1
,,,,,,-15.61,1
,,,,,,Office Supplies,1
,,,,,,-15.6,1
,,,,,,Furniture,1
,,,,,,-15.59,1
,,,,,,Office Supplies,1
,,,,,,-15.58,1
,,,,,,Office Supplies,1
,,,,,,-15.55,1
,,,,,,Office Supplies,1
,,,,,,-15.53,1
,,,,,,Office Supplies,1
,,,,,,-15.52,1
,,,,,,Office Supplies,1
,,,,,,-15.49,1
,,,,,,Office Supplies,1
,,,,,,-15.47,1
,,,,,,Furniture,1
,,,,,,-15.46,2
,,,,,,Office Supplies,2
,,,,,,-15.29,2
,,,,,,Office Supplies,2
,,,,,,-15.26,1
,,,,,,Technology,1
,,,,,,-15.25,2
,,,,,,Office Supplies,2
,,,,,,-15.24,1
,,,,,,Office Supplies,1
,,,,,,-15.21,1
,,,,,,Office Supplies,1
,,,,,,-15.16,1
,,,,,,Office Supplies,1
,,,,,,-15.13,1
,,,,,,Office Supplies,1
,,,,,,-15.12,2
,,,,,,Office Supplies,2
,,,,,,-15.11,4
,,,,,,Office Supplies,4
,,,,,,-15.08,1
,,,,,,Office Supplies,1
,,,,,,-15.07,1
,,,,,,Office Supplies,1
,,,,,,-15.04,1
,,,,,,Office Supplies,1
,,,,,,-15.03,1
,,,,,,Furniture,1
,,,,,,-15.01,1
,,,,,,Furniture,1
,,,,,,-14.98,1
,,,,,,Furniture,1
,,,,,,-14.97,2
,,,,,,Office Supplies,2
,,,,,,-14.94,1
,,,,,,Office Supplies,1
,,,,,,-14.93,1
,,,,,,Office Supplies,1
,,,,,,-14.89,1
,,,,,,Office Supplies,1
,,,,,,-14.88,3
,,,,,,Office Supplies,3
,,,,,,-14.87,1
,,,,,,Furniture,1
,,,,,,-14.85,1
,,,,,,Office Supplies,1
,,,,,,-14.83,3
,,,,,,Furniture,1
,,,,,,Office Supplies,2
,,,,,,-14.8,1
,,,,,,Office Supplies,1
,,,,,,-14.76,1
,,,,,,Office Supplies,1
,,,,,,-14.75,1
,,,,,,Office Supplies,1
,,,,,,-14.72,1
,,,,,,Office Supplies,1
,,,,,,-14.71,1
,,,,,,Office Supplies,1
,,,,,,-14.7,1
,,,,,,Office Supplies,1
,,,,,,-14.69,1
,,,,,,Office Supplies,1
,,,,,,-14.68,1
,,,,,,Office Supplies,1
,,,,,,-14.65,1
,,,,,,Technology,1
,,,,,,-14.64,1
,,,,,,Office Supplies,1
,,,,,,-14.63,1
,,,,,,Office Supplies,1
,,,,,,-14.61,1
,,,,,,Office Supplies,1
,,,,,,-14.6,1
,,,,,,Office Supplies,1
,,,,,,-14.53,1
,,,,,,Office Supplies,1
,,,,,,-14.52,1
,,,,,,Office Supplies,1
,,,,,,-14.51,1
,,,,,,Office Supplies,1
,,,,,,-14.5,1
,,,,,,Office Supplies,1
,,,,,,-14.49,1
,,,,,,Office Supplies,1
,,,,,,-14.47,1
,,,,,,Office Supplies,1
,,,,,,-14.45,1
,,,,,,Office Supplies,1
,,,,,,-14.44,1
,,,,,,Office Supplies,1
,,,,,,-14.42,2
,,,,,,Office Supplies,2
,,,,,,-14.41,1
,,,,,,Office Supplies,1
,,,,,,-14.39,1
,,,,,,Technology,1
,,,,,,-14.36,1
,,,,,,Office Supplies,1
,,,,,,-14.35,1
,,,,,,Furniture,1
,,,,,,-14.3,1
,,,,,,Office Supplies,1
,,,,,,-14.26,2
,,,,,,Office Supplies,2
,,,,,,-14.23,2
,,,,,,Office Supplies,2
,,,,,,-14.21,1
,,,,,,Office Supplies,1
,,,,,,-14.19,1
,,,,,,Office Supplies,1
,,,,,,-14.14,1
,,,,,,Office Supplies,1
,,,,,,-14.12,3
,,,,,,Office Supplies,3
,,,,,,-14.11,1
,,,,,,Office Supplies,1
,,,,,,-14.1,2
,,,,,,Furniture,1
,,,,,,Office Supplies,1
,,,,,,-14.08,1
,,,,,,Office Supplies,1
,,,,,,-14.07,1
,,,,,,Office Supplies,1
,,,,,,-14.06,1
,,,,,,Office Supplies,1
,,,,,,-14.05,3
,,,,,,Office Supplies,3
,,,,,,-14.02,1
,,,,,,Office Supplies,1
,,,,,,-14,1
,,,,,,Office Supplies,1
,,,,,,-13.99,1
,,,,,,Office Supplies,1
,,,,,,-13.98,1
,,,,,,Office Supplies,1
,,,,,,-13.97,1
,,,,,,Office Supplies,1
,,,,,,-13.94,2
,,,,,,Office Supplies,2
,,,,,,-13.92,1
,,,,,,Office Supplies,1
,,,,,,-13.89,1
,,,,,,Office Supplies,1
,,,,,,-13.85,1
,,,,,,Office Supplies,1
,,,,,,-13.76,1
,,,,,,Office Supplies,1
,,,,,,-13.75,2
,,,,,,Office Supplies,2
,,,,,,-13.7,1
,,,,,,Office Supplies,1
,,,,,,-13.67,2
,,,,,,Furniture,1
,,,,,,Office Supplies,1
,,,,,,-13.66,1
,,,,,,Office Supplies,1
,,,,,,-13.64,1
,,,,,,Technology,1
,,,,,,-13.6,2
,,,,,,Office Supplies,2
,,,,,,-13.54,2
,,,,,,Furniture,1
,,,,,,Technology,1
,,,,,,-13.51,2
,,,,,,Furniture,1
,,,,,,Office Supplies,1
,,,,,,-13.47,3
,,,,,,Office Supplies,3
,,,,,,-13.43,1
,,,,,,Office Supplies,1
,,,,,,-13.4,1
,,,,,,Furniture,1
,,,,,,-13.37,1
,,,,,,Office Supplies,1
,,,,,,-13.35,1
,,,,,,Office Supplies,1
,,,,,,-13.3,1
,,,,,,Furniture,1
,,,,,,-13.26,2
,,,,,,Office Supplies,2
,,,,,,-13.25,1
,,,,,,Furniture,1
,,,,,,-13.21,1
,,,,,,Office Supplies,1
,,,,,,-13.2,2
,,,,,,Furniture,1
,,,,,,Office Supplies,1
,,,,,,-13.13,1
,,,,,,Technology,1
,,,,,,-13.11,1
,,,,,,Office Supplies,1
,,,,,,-13.08,2
,,,,,,Office Supplies,2
,,,,,,-13.07,1
,,,,,,Office Supplies,1
,,,,,,-13.06,1
,,,,,,Office Supplies,1
,,,,,,-13.04,1
,,,,,,Office Supplies,1
,,,,,,-13.03,1
,,,,,,Office Supplies,1
,,,,,,-13,1
,,,,,,Office Supplies,1
,,,,,,-12.97,2
,,,,,,Office Supplies,2
,,,,,,-12.94,1
,,,,,,Office Supplies,1
,,,,,,-12.93,1
,,,,,,Office Supplies,1
,,,,,,-12.92,1
,,,,,,Office Supplies,1
,,,,,,-12.91,1
,,,,,,Office Supplies,1
,,,,,,-12.9,1
,,,,,,Office Supplies,1
,,,,,,-12.89,3
,,,,,,Office Supplies,3
,,,,,,-12.8,2
,,,,,,Furniture,1
,,,,,,Office Supplies,1
,,,,,,-12.78,1
,,,,,,Office Supplies,1
,,,,,,-12.74,1
,,,,,,Office Supplies,1
,,,,,,-12.72,3
,,,,,,Furniture,1
,,,,,,Office Supplies,2
,,,,,,-12.69,1
,,,,,,Office Supplies,1
,,,,,,-12.66,1
,,,,,,Technology,1
,,,,,,-12.64,1
,,,,,,Office Supplies,1
,,,,,,-12.58,2
,,,,,,Office Supplies,2
,,,,,,-12.57,1
,,,,,,Office Supplies,1
,,,,,,-12.54,1
,,,,,,Office Supplies,1
,,,,,,-12.53,1
,,,,,,Office Supplies,1
,,,,,,-12.47,1
,,,,,,Office Supplies,1
,,,,,,-12.43,1
,,,,,,Furniture,1
,,,,,,-12.41,2
,,,,,,Office Supplies,2
,,,,,,-12.39,2
,,,,,,Office Supplies,2
,,,,,,-12.37,1
,,,,,,Office Supplies,1
,,,,,,-12.34,2
,,,,,,Office Supplies,1
,,,,,,Technology,1
,,,,,,-12.31,2
,,,,,,Office Supplies,2
,,,,,,-12.27,1
,,,,,,Office Supplies,1
,,,,,,-12.26,1
,,,,,,Office Supplies,1
,,,,,,-12.22,1
,,,,,,Furniture,1
,,,,,,-12.21,1
,,,,,,Office Supplies,1
,,,,,,-12.2,1
,,,,,,Office Supplies,1
,,,,,,-12.19,1
,,,,,,Office Supplies,1
,,,,,,-12.14,2
,,,,,,Office Supplies,2
,,,,,,-12.13,1
,,,,,,Office Supplies,1
,,,,,,-12.1,1
,,,,,,Office Supplies,1
,,,,,,-12.06,1
,,,,,,Office Supplies,1
,,,,,,-12.03,3
,,,,,,Furniture,1
,,,,,,Office Supplies,2
,,,,,,-11.99,2
,,,,,,Furniture,1
,,,,,,Office Supplies,1
,,,,,,-11.95,1
,,,,,,Office Supplies,1
,,,,,,-11.94,1
,,,,,,Office Supplies,1
,,,,,,-11.93,2
,,,,,,Furniture,1
,,,,,,Office Supplies,1
,,,,,,-11.92,1
,,,,,,Office Supplies,1
,,,,,,-11.89,1
,,,,,,Office Supplies,1
,,,,,,-11.85,1
,,,,,,Office Supplies,1
,,,,,,-11.84,1
,,,,,,Office Supplies,1
,,,,,,-11.83,1
,,,,,,Office Supplies,1
,,,,,,-11.82,1
,,,,,,Office Supplies,1
,,,,,,-11.81,1
,,,,,,Furniture,1
,,,,,,-11.79,2
,,,,,,Office Supplies,2
,,,,,,-11.77,1
,,,,,,Office Supplies,1
,,,,,,-11.74,1
,,,,,,Office Supplies,1
,,,,,,-11.72,2
,,,,,,Office Supplies,2
,,,,,,-11.69,2
,,,,,,Furniture,1
,,,,,,Office Supplies,1
,,,,,,-11.66,1
,,,,,,Office Supplies,1
,,,,,,-11.65,2
,,,,,,Furniture,1
,,,,,,Office Supplies,1
,,,,,,-11.59,1
,,,,,,Office Supplies,1
,,,,,,-11.57,1
,,,,,,Office Supplies,1
,,,,,,-11.54,2
,,,,,,Furniture,1
,,,,,,Office Supplies,1
,,,,,,-11.53,1
,,,,,,Office Supplies,1
,,,,,,-11.52,1
,,,,,,Office Supplies,1
,,,,,,-11.49,1
,,,,,,Furniture,1
,,,,,,-11.47,1
,,,,,,Office Supplies,1
,,,,,,-11.45,1
,,,,,,Office Supplies,1
,,,,,,-11.44,1
,,,,,,Office Supplies,1
,,,,,,-11.4,1
,,,,,,Office Supplies,1
,,,,,,-11.39,2
,,,,,,Office Supplies,2
,,,,,,-11.38,1
,,,,,,Office Supplies,1
,,,,,,-11.37,1
,,,,,,Office Supplies,1
,,,,,,-11.36,2
,,,,,,Office Supplies,2
,,,,,,-11.35,1
,,,,,,Office Supplies,1
,,,,,,-11.34,1
,,,,,,Technology,1
,,,,,,-11.31,1
,,,,,,Office Supplies,1
,,,,,,-11.3,2
,,,,,,Office Supplies,2
,,,,,,-11.29,1
,,,,,,Office Supplies,1
,,,,,,-11.28,1
,,,,,,Office Supplies,1
,,,,,,-11.23,1
,,,,,,Office Supplies,1
,,,,,,-11.19,1
,,,,,,Office Supplies,1
,,,,,,-11.17,1
,,,,,,Office Supplies,1
,,,,,,-11.16,1
,,,,,,Technology,1
,,,,,,-11.14,1
,,,,,,Office Supplies,1
,,,,,,-11.13,1
,,,,,,Office Supplies,1
,,,,,,-11.12,1
,,,,,,Office Supplies,1
,,,,,,-11.1,2
,,,,,,Office Supplies,1
,,,,,,Technology,1
,,,,,,-11.09,1
,,,,,,Office Supplies,1
,,,,,,-11.07,1
,,,,,,Office Supplies,1
,,,,,,-11.05,1
,,,,,,Technology,1
,,,,,,-11.04,1
,,,,,,Office Supplies,1
,,,,,,-11.02,1
,,,,,,Furniture,1
,,,,,,-10.99,1
,,,,,,Office Supplies,1
,,,,,,-10.98,1
,,,,,,Office Supplies,1
,,,,,,-10.95,2
,,,,,,Office Supplies,2
,,,,,,-10.94,2
,,,,,,Office Supplies,2
,,,,,,-10.92,1
,,,,,,Office Supplies,1
,,,,,,-10.9,1
,,,,,,Office Supplies,1
,,,,,,-10.87,1
,,,,,,Office Supplies,1
,,,,,,-10.85,2
,,,,,,Office Supplies,2
,,,,,,-10.82,1
,,,,,,Office Supplies,1
,,,,,,-10.81,1
,,,,,,Office Supplies,1
,,,,,,-10.78,2
,,,,,,Office Supplies,1
,,,,,,Technology,1
,,,,,,-10.77,1
,,,,,,Office Supplies,1
,,,,,,-10.73,1
,,,,,,Office Supplies,1
,,,,,,-10.7,1
,,,,,,Office Supplies,1
,,,,,,-10.65,1
,,,,,,Office Supplies,1
,,,,,,-10.64,1
,,,,,,Furniture,1
,,,,,,-10.63,1
,,,,,,Office Supplies,1
,,,,,,-10.62,2
,,,,,,Office Supplies,2
,,,,,,-10.57,2
,,,,,,Office Supplies,1
,,,,,,Technology,1
,,,,,,-10.56,2
,,,,,,Office Supplies,2
,,,,,,-10.5,1
,,,,,,Office Supplies,1
,,,,,,-10.46,1
,,,,,,Office Supplies,1
,,,,,,-10.45,1
,,,,,,Office Supplies,1
,,,,,,-10.44,1
,,,,,,Office Supplies,1
,,,,,,-10.42,1
,,,,,,Office Supplies,1
,,,,,,-10.35,1
,,,,,,Office Supplies,1
,,,,,,-10.32,1
,,,,,,Office Supplies,1
,,,,,,-10.31,1
,,,,,,Office Supplies,1
,,,,,,-10.3,1
,,,,,,Office Supplies,1
,,,,,,-10.25,1
,,,,,,Office Supplies,1
,,,,,,-10.24,2
,,,,,,Office Supplies,1
,,,,,,Technology,1
,,,,,,-10.2,1
,,,,,,Office Supplies,1
,,,,,,-10.19,2
,,,,,,Office Supplies,2
,,,,,,-10.17,1
,,,,,,Office Supplies,1
,,,,,,-10.13,1
,,,,,,Office Supplies,1
,,,,,,-10.12,1
,,,,,,Technology,1
,,,,,,-10.11,1
,,,,,,Office Supplies,1
,,,,,,-10.05,1
,,,,,,Office Supplies,1
,,,,,,-10.03,1
,,,,,,Office Supplies,1
,,,,,,-9.97,1
,,,,,,Office Supplies,1
,,,,,,-9.96,1
,,,,,,Office Supplies,1
,,,,,,-9.94,1
,,,,,,Office Supplies,1
,,,,,,-9.92,1
,,,,,,Office Supplies,1
,,,,,,-9.91,4
,,,,,,Office Supplies,4
,,,,,,-9.85,2
,,,,,,Office Supplies,2
,,,,,,-9.84,1
,,,,,,Office Supplies,1
,,,,,,-9.83,2
,,,,,,Office Supplies,2
,,,,,,-9.82,1
,,,,,,Office Supplies,1
,,,,,,-9.81,1
,,,,,,Office Supplies,1
,,,,,,-9.79,1
,,,,,,Office Supplies,1
,,,,,,-9.75,1
,,,,,,Furniture,1
,,,,,,-9.73,1
,,,,,,Office Supplies,1
,,,,,,-9.69,1
,,,,,,Office Supplies,1
,,,,,,-9.66,2
,,,,,,Furniture,1
,,,,,,Office Supplies,1
,,,,,,-9.64,1
,,,,,,Office Supplies,1
,,,,,,-9.62,1
,,,,,,Office Supplies,1
,,,,,,-9.56,2
,,,,,,Office Supplies,2
,,,,,,-9.53,3
,,,,,,Office Supplies,3
,,,,,,-9.52,1
,,,,,,Office Supplies,1
,,,,,,-9.51,1
,,,,,,Office Supplies,1
,,,,,,-9.48,1
,,,,,,Furniture,1
,,,,,,-9.45,1
,,,,,,Office Supplies,1
,,,,,,-9.44,1
,,,,,,Office Supplies,1
,,,,,,-9.42,1
,,,,,,Technology,1
,,,,,,-9.34,1
,,,,,,Furniture,1
,,,,,,-9.31,1
,,,,,,Office Supplies,1
,,,,,,-9.3,1
,,,,,,Office Supplies,1
,,,,,,-9.28,2
,,,,,,Office Supplies,2
,,,,,,-9.24,1
,,,,,,Furniture,1
,,,,,,-9.21,2
,,,,,,Office Supplies,2
,,,,,,-9.18,3
,,,,,,Office Supplies,3
,,,,,,-9.17,1
,,,,,,Office Supplies,1
,,,,,,-9.16,1
,,,,,,Office Supplies,1
,,,,,,-9.14,2
,,,,,,Office Supplies,2
,,,,,,-9.12,1
,,,,,,Technology,1
,,,,,,-9.09,2
,,,,,,Furniture,1
,,,,,,Office Supplies,1
,,,,,,-9.07,2
,,,,,,Office Supplies,1
,,,,,,Technology,1
,,,,,,-9.06,4
,,,,,,Furniture,1
,,,,,,Office Supplies,3
,,,,,,-9.02,1
,,,,,,Office Supplies,1
,,,,,,-9.01,1
,,,,,,Office Supplies,1
,,,,,,-8.99,1
,,,,,,Office Supplies,1
,,,,,,-8.97,1
,,,,,,Office Supplies,1
,,,,,,-8.95,1
,,,,,,Office Supplies,1
,,,,,,-8.91,1
,,,,,,Office Supplies,1
,,,,,,-8.89,2
,,,,,,Office Supplies,2
,,,,,,-8.88,1
,,,,,,Office Supplies,1
,,,,,,-8.83,1
,,,,,,Office Supplies,1
,,,,,,-8.82,3
,,,,,,Furniture,1
,,,,,,Office Supplies,2
,,,,,,-8.81,1
,,,,,,Office Supplies,1
,,,,,,-8.8,1
,,,,,,Office Supplies,1
,,,,,,-8.79,1
,,,,,,Office Supplies,1
,,,,,,-8.77,1
,,,,,,Office Supplies,1
,,,,,,-8.76,1
,,,,,,Office Supplies,1
,,,,,,-8.74,1
,,,,,,Office Supplies,1
,,,,,,-8.7,1
,,,,,,Office Supplies,1
,,,,,,-8.69,2
,,,,,,Office Supplies,2
,,,,,,-8.68,1
,,,,,,Office Supplies,1
,,,,,,-8.65,1
,,,,,,Office Supplies,1
,,,,,,-8.6,1
,,,,,,Technology,1
,,,,,,-8.59,1
,,,,,,Furniture,1
,,,,,,-8.57,1
,,,,,,Office Supplies,1
,,,,,,-8.54,1
,,,,,,Office Supplies,1
,,,,,,-8.53,2
,,,,,,Office Supplies,2
,,,,,,-8.52,1
,,,,,,Office Supplies,1
,,,,,,-8.51,1
,,,,,,Office Supplies,1
,,,,,,-8.5,2
,,,,,,Office Supplies,2
,,,,,,-8.48,1
,,,,,,Office Supplies,1
,,,,,,-8.44,1
,,,,,,Office Supplies,1
,,,,,,-8.4,2
,,,,,,Office Supplies,2
,,,,,,-8.39,1
,,,,,,Office Supplies,1
,,,,,,-8.38,2
,,,,,,Office Supplies,2
,,,,,,-8.36,1
,,,,,,Office Supplies,1
,,,,,,-8.35,2
,,,,,,Office Supplies,2
,,,,,,-8.34,2
,,,,,,Office Supplies,2
,,,,,,-8.31,1
,,,,,,Office Supplies,1
,,,,,,-8.3,1
,,,,,,Furniture,1
,,,,,,-8.29,1
,,,,,,Office Supplies,1
,,,,,,-8.26,1
,,,,,,Office Supplies,1
,,,,,,-8.25,1
,,,,,,Office Supplies,1
,,,,,,-8.24,1
,,,,,,Office Supplies,1
,,,,,,-8.21,1
,,,,,,Office Supplies,1
,,,,,,-8.2,1
,,,,,,Office Supplies,1
,,,,,,-8.15,1
,,,,,,Office Supplies,1
,,,,,,-8.13,1
,,,,,,Office Supplies,1
,,,,,,-8.12,1
,,,,,,Office Supplies,1
,,,,,,-8.11,1
,,,,,,Office Supplies,1
,,,,,,-8.09,1
,,,,,,Furniture,1
,,,,,,-8.08,2
,,,,,,Office Supplies,2
,,,,,,-8.06,1
,,,,,,Office Supplies,1
,,,,,,-8.05,1
,,,,,,Furniture,1
,,,,,,-8.04,1
,,,,,,Office Supplies,1
,,,,,,-8.03,1
,,,,,,Furniture,1
,,,,,,-8.01,2
,,,,,,Furniture,1
,,,,,,Technology,1
,,,,,,-7.98,1
,,,,,,Office Supplies,1
,,,,,,-7.97,1
,,,,,,Office Supplies,1
,,,,,,-7.96,1
,,,,,,Office Supplies,1
,,,,,,-7.93,1
,,,,,,Office Supplies,1
,,,,,,-7.92,1
,,,,,,Technology,1
,,,,,,-7.89,1
,,,,,,Technology,1
,,,,,,-7.88,2
,,,,,,Furniture,1
,,,,,,Office Supplies,1
,,,,,,-7.87,2
,,,,,,Office Supplies,2
,,,,,,-7.77,1
,,,,,,Office Supplies,1
,,,,,,-7.74,1
,,,,,,Office Supplies,1
,,,,,,-7.69,2
,,,,,,Office Supplies,2
,,,,,,-7.68,1
,,,,,,Office Supplies,1
,,,,,,-7.66,1
,,,,,,Office Supplies,1
,,,,,,-7.64,1
,,,,,,Office Supplies,1
,,,,,,-7.63,1
,,,,,,Office Supplies,1
,,,,,,-7.61,1
,,,,,,Office Supplies,1
,,,,,,-7.6,1
,,,,,,Furniture,1
,,,,,,-7.59,1
,,,,,,Office Supplies,1
,,,,,,-7.56,1
,,,,,,Office Supplies,1
,,,,,,-7.55,1
,,,,,,Office Supplies,1
,,,,,,-7.54,1
,,,,,,Office Supplies,1
,,,,,,-7.53,1
,,,,,,Office Supplies,1
,,,,,,-7.52,1
,,,,,,Office Supplies,1
,,,,,,-7.5,1
,,,,,,Office Supplies,1
,,,,,,-7.49,1
,,,,,,Office Supplies,1
,,,,,,-7.47,1
,,,,,,Office Supplies,1
,,,,,,-7.46,1
,,,,,,Technology,1
,,,,,,-7.41,1
,,,,,,Office Supplies,1
,,,,,,-7.4,3
,,,,,,Furniture,1
,,,,,,Office Supplies,2
,,,,,,-7.38,1
,,,,,,Office Supplies,1
,,,,,,-7.37,1
,,,,,,Office Supplies,1
,,,,,,-7.35,2
,,,,,,Office Supplies,2
,,,,,,-7.33,1
,,,,,,Office Supplies,1
,,,,,,-7.3,1
,,,,,,Office Supplies,1
,,,,,,-7.27,2
,,,,,,Office Supplies,2
,,,,,,-7.25,1
,,,,,,Office Supplies,1
,,,,,,-7.23,1
,,,,,,Office Supplies,1
,,,,,,-7.22,1
,,,,,,Office Supplies,1
,,,,,,-7.19,1
,,,,,,Office Supplies,1
,,,,,,-7.17,1
,,,,,,Office Supplies,1
,,,,,,-7.15,4
,,,,,,Furniture,4
,,,,,,-7.14,2
,,,,,,Office Supplies,2
,,,,,,-7.12,1
,,,,,,Office Supplies,1
,,,,,,-7.1,2
,,,,,,Office Supplies,2
,,,,,,-7.06,2
,,,,,,Office Supplies,2
,,,,,,-7.04,1
,,,,,,Office Supplies,1
,,,,,,-7.01,1
,,,,,,Office Supplies,1
,,,,,,-7,1
,,,,,,Office Supplies,1
,,,,,,-6.97,1
,,,,,,Office Supplies,1
,,,,,,-6.96,1
,,,,,,Office Supplies,1
,,,,,,-6.93,2
,,,,,,Furniture,1
,,,,,,Office Supplies,1
,,,,,,-6.9,1
,,,,,,Furniture,1
,,,,,,-6.88,1
,,,,,,Office Supplies,1
,,,,,,-6.87,1
,,,,,,Office Supplies,1
,,,,,,-6.84,2
,,,,,,Office Supplies,2
,,,,,,-6.83,1
,,,,,,Office Supplies,1
,,,,,,-6.81,2
,,,,,,Office Supplies,2
,,,,,,-6.8,1
,,,,,,Office Supplies,1
,,,,,,-6.79,2
,,,,,,Office Supplies,2
,,,,,,-6.78,1
,,,,,,Office Supplies,1
,,,,,,-6.76,1
,,,,,,Office Supplies,1
,,,,,,-6.75,1
,,,,,,Office Supplies,1
,,,,,,-6.73,1
,,,,,,Office Supplies,1
,,,,,,-6.71,1
,,,,,,Office Supplies,1
,,,,,,-6.69,2
,,,,,,Office Supplies,2
,,,,,,-6.66,2
,,,,,,Office Supplies,2
,,,,,,-6.65,1
,,,,,,Office Supplies,1
,,,,,,-6.63,2
,,,,,,Furniture,1
,,,,,,Technology,1
,,,,,,-6.61,1
,,,,,,Office Supplies,1
,,,,,,-6.57,2
,,,,,,Office Supplies,2
,,,,,,-6.53,1
,,,,,,Office Supplies,1
,,,,,,-6.51,1
,,,,,,Technology,1
,,,,,,-6.46,2
,,,,,,Office Supplies,2
,,,,,,-6.41,2
,,,,,,Furniture,1
,,,,,,Office Supplies,1
,,,,,,-6.37,2
,,,,,,Furniture,1
,,,,,,Office Supplies,1
,,,,,,-6.36,1
,,,,,,Office Supplies,1
,,,,,,-6.3,1
,,,,,,Office Supplies,1
,,,,,,-6.29,2
,,,,,,Office Supplies,2
,,,,,,-6.27,1
,,,,,,Furniture,1
,,,,,,-6.25,2
,,,,,,Furniture,1
,,,,,,Office Supplies,1
,,,,,,-6.23,1
,,,,,,Office Supplies,1
,,,,,,-6.21,1
,,,,,,Office Supplies,1
,,,,,,-6.18,1
,,,,,,Office Supplies,1
,,,,,,-6.16,2
,,,,,,Office Supplies,2
,,,,,,-6.13,2
,,,,,,Furniture,1
,,,,,,Office Supplies,1
,,,,,,-6.12,1
,,,,,,Furniture,1
,,,,,,-6.11,1
,,,,,,Furniture,1
,,,,,,-6.09,1
,,,,,,Office Supplies,1
,,,,,,-6.08,1
,,,,,,Office Supplies,1
,,,,,,-6.04,1
,,,,,,Furniture,1
,,,,,,-6.02,1
,,,,,,Office Supplies,1
,,,,,,-6.01,2
,,,,,,Office Supplies,2
,,,,,,-5.98,1
,,,,,,Office Supplies,1
,,,,,,-5.97,2
,,,,,,Office Supplies,2
,,,,,,-5.94,1
,,,,,,Furniture,1
,,,,,,-5.93,1
,,,,,,Office Supplies,1
,,,,,,-5.92,2
,,,,,,Furniture,1
,,,,,,Office Supplies,1
,,,,,,-5.9,1
,,,,,,Office Supplies,1
,,,,,,-5.87,2
,,,,,,Office Supplies,2
,,,,,,-5.82,2
,,,,,,Office Supplies,2
,,,,,,-5.81,1
,,,,,,Office Supplies,1
,,,,,,-5.8,1
,,,,,,Office Supplies,1
,,,,,,-5.79,2
,,,,,,Office Supplies,2
,,,,,,-5.78,1
,,,,,,Office Supplies,1
,,,,,,-5.77,1
,,,,,,Office Supplies,1
,,,,,,-5.76,2
,,,,,,Office Supplies,2
,,,,,,-5.75,1
,,,,,,Office Supplies,1
,,,,,,-5.74,4
,,,,,,Furniture,1
,,,,,,Office Supplies,3
,,,,,,-5.73,2
,,,,,,Office Supplies,2
,,,,,,-5.71,1
,,,,,,Office Supplies,1
,,,,,,-5.69,1
,,,,,,Furniture,1
,,,,,,-5.68,1
,,,,,,Office Supplies,1
,,,,,,-5.67,1
,,,,,,Office Supplies,1
,,,,,,-5.66,1
,,,,,,Furniture,1
,,,,,,-5.65,1
,,,,,,Office Supplies,1
,,,,,,-5.64,3
,,,,,,Office Supplies,3
,,,,,,-5.63,1
,,,,,,Office Supplies,1
,,,,,,-5.62,2
,,,,,,Furniture,1
,,,,,,Office Supplies,1
,,,,,,-5.6,1
,,,,,,Office Supplies,1
,,,,,,-5.56,1
,,,,,,Office Supplies,1
,,,,,,-5.55,1
,,,,,,Office Supplies,1
,,,,,,-5.54,1
,,,,,,Office Supplies,1
,,,,,,-5.53,1
,,,,,,Furniture,1
,,,,,,-5.51,2
,,,,,,Office Supplies,1
,,,,,,Technology,1
,,,,,,-5.47,2
,,,,,,Furniture,1
,,,,,,Office Supplies,1
,,,,,,-5.46,1
,,,,,,Furniture,1
,,,,,,-5.45,1
,,,,,,Office Supplies,1
,,,,,,-5.44,1
,,,,,,Office Supplies,1
,,,,,,-5.42,1
,,,,,,Office Supplies,1
,,,,,,-5.41,1
,,,,,,Office Supplies,1
,,,,,,-5.4,1
,,,,,,Office Supplies,1
,,,,,,-5.39,2
,,,,,,Office Supplies,2
,,,,,,-5.35,1
,,,,,,Office Supplies,1
,,,,,,-5.34,1
,,,,,,Furniture,1
,,,,,,-5.3,1
,,,,,,Office Supplies,1
,,,,,,-5.28,1
,,,,,,Office Supplies,1
,,,,,,-5.24,1
,,,,,,Office Supplies,1
,,,,,,-5.22,1
,,,,,,Office Supplies,1
,,,,,,-5.2,1
,,,,,,Office Supplies,1
,,,,,,-5.19,1
,,,,,,Office Supplies,1
,,,,,,-5.17,1
,,,,,,Office Supplies,1
,,,,,,-5.16,1
,,,,,,Office Supplies,1
,,,,,,-5.15,2
,,,,,,Office Supplies,1
,,,,,,Technology,1
,,,,,,-5.14,2
,,,,,,Furniture,2
,,,,,,-5.13,2
,,,,,,Furniture,1
,,,,,,Technology,1
,,,,,,-5.1,1
,,,,,,Office Supplies,1
,,,,,,-5.09,1
,,,,,,Office Supplies,1
,,,,,,-5.08,1
,,,,,,Office Supplies,1
,,,,,,-5.07,1
,,,,,,Office Supplies,1
,,,,,,-5.06,2
,,,,,,Furniture,1
,,,,,,Office Supplies,1
,,,,,,-5.04,1
,,,,,,Office Supplies,1
,,,,,,-5.03,1
,,,,,,Office Supplies,1
,,,,,,-5.02,1
,,,,,,Office Supplies,1
,,,,,,-5.01,2
,,,,,,Furniture,1
,,,,,,Office Supplies,1
,,,,,,-4.99,1
,,,,,,Office Supplies,1
,,,,,,-4.97,1
,,,,,,Office Supplies,1
,,,,,,-4.93,1
,,,,,,Office Supplies,1
,,,,,,-4.92,1
,,,,,,Office Supplies,1
,,,,,,-4.9,4
,,,,,,Furniture,2
,,,,,,Office Supplies,2
,,,,,,-4.87,1
,,,,,,Office Supplies,1
,,,,,,-4.86,1
,,,,,,Office Supplies,1
,,,,,,-4.84,1
,,,,,,Office Supplies,1
,,,,,,-4.82,4
,,,,,,Furniture,1
,,,,,,Office Supplies,3
,,,,,,-4.81,1
,,,,,,Office Supplies,1
,,,,,,-4.8,1
,,,,,,Office Supplies,1
,,,,,,-4.77,2
,,,,,,Office Supplies,2
,,,,,,-4.76,1
,,,,,,Office Supplies,1
,,,,,,-4.74,1
,,,,,,Office Supplies,1
,,,,,,-4.73,1
,,,,,,Office Supplies,1
,,,,,,-4.72,1
,,,,,,Office Supplies,1
,,,,,,-4.69,1
,,,,,,Office Supplies,1
,,,,,,-4.68,1
,,,,,,Office Supplies,1
,,,,,,-4.67,1
,,,,,,Office Supplies,1
,,,,,,-4.66,1
,,,,,,Office Supplies,1
,,,,,,-4.65,1
,,,,,,Furniture,1
,,,,,,-4.63,1
,,,,,,Office Supplies,1
,,,,,,-4.62,2
,,,,,,Furniture,1
,,,,,,Office Supplies,1
,,,,,,-4.6,1
,,,,,,Office Supplies,1
,,,,,,-4.59,1
,,,,,,Office Supplies,1
,,,,,,-4.58,1
,,,,,,Office Supplies,1
,,,,,,-4.54,1
,,,,,,Furniture,1
,,,,,,-4.53,1
,,,,,,Technology,1
,,,,,,-4.51,2
,,,,,,Office Supplies,1
,,,,,,Technology,1
,,,,,,-4.5,1
,,,,,,Office Supplies,1
,,,,,,-4.49,2
,,,,,,Office Supplies,2
,,,,,,-4.47,2
,,,,,,Office Supplies,2
,,,,,,-4.46,2
,,,,,,Office Supplies,2
,,,,,,-4.42,1
,,,,,,Furniture,1
,,,,,,-4.4,1
,,,,,,Furniture,1
,,,,,,-4.39,2
,,,,,,Office Supplies,1
,,,,,,Technology,1
,,,,,,-4.37,1
,,,,,,Office Supplies,1
,,,,,,-4.35,1
,,,,,,Office Supplies,1
,,,,,,-4.34,1
,,,,,,Office Supplies,1
,,,,,,-4.32,1
,,,,,,Office Supplies,1
,,,,,,-4.31,1
,,,,,,Office Supplies,1
,,,,,,-4.29,1
,,,,,,Office Supplies,1
,,,,,,-4.28,2
,,,,,,Office Supplies,2
,,,,,,-4.25,2
,,,,,,Furniture,1
,,,,,,Office Supplies,1
,,,,,,-4.23,2
,,,,,,Office Supplies,2
,,,,,,-4.2,1
,,,,,,Office Supplies,1
,,,,,,-4.18,1
,,,,,,Office Supplies,1
,,,,,,-4.15,1
,,,,,,Office Supplies,1
,,,,,,-4.14,1
,,,,,,Furniture,1
,,,,,,-4.13,2
,,,,,,Office Supplies,2
,,,,,,-4.12,1
,,,,,,Office Supplies,1
,,,,,,-4.1,2
,,,,,,Office Supplies,2
,,,,,,-4.08,2
,,,,,,Office Supplies,2
,,,,,,-4.07,1
,,,,,,Office Supplies,1
,,,,,,-4.06,1
,,,,,,Furniture,1
,,,,,,-4.04,1
,,,,,,Furniture,1
,,,,,,-4.02,1
,,,,,,Office Supplies,1
,,,,,,-4.01,1
,,,,,,Office Supplies,1
,,,,,,-4,1
,,,,,,Office Supplies,1
,,,,,,-3.97,1
,,,,,,Office Supplies,1
,,,,,,-3.94,2
,,,,,,Office Supplies,2
,,,,,,-3.93,1
,,,,,,Office Supplies,1
,,,,,,-3.92,2
,,,,,,Office Supplies,2
,,,,,,-3.91,1
,,,,,,Office Supplies,1
,,,,,,-3.89,3
,,,,,,Furniture,1
,,,,,,Office Supplies,2
,,,,,,-3.88,1
,,,,,,Furniture,1
,,,,,,-3.86,1
,,,,,,Office Supplies,1
,,,,,,-3.85,1
,,,,,,Furniture,1
,,,,,,-3.84,1
,,,,,,Office Supplies,1
,,,,,,-3.83,1
,,,,,,Office Supplies,1
,,,,,,-3.81,1
,,,,,,Office Supplies,1
,,,,,,-3.76,2
,,,,,,Office Supplies,2
,,,,,,-3.71,2
,,,,,,Office Supplies,2
,,,,,,-3.7,3
,,,,,,Office Supplies,3
,,,,,,-3.68,1
,,,,,,Office Supplies,1
,,,,,,-3.65,1
,,,,,,Office Supplies,1
,,,,,,-3.64,1
,,,,,,Office Supplies,1
,,,,,,-3.63,1
,,,,,,Office Supplies,1
,,,,,,-3.61,1
,,,,,,Furniture,1
,,,,,,-3.59,1
,,,,,,Office Supplies,1
,,,,,,-3.58,4
,,,,,,Office Supplies,4
,,,,,,-3.56,1
,,,,,,Furniture,1
,,,,,,-3.52,1
,,,,,,Office Supplies,1
,,,,,,-3.51,1
,,,,,,Furniture,1
,,,,,,-3.5,2
,,,,,,Furniture,1
,,,,,,Office Supplies,1
,,,,,,-3.46,1
,,,,,,Office Supplies,1
,,,,,,-3.45,1
,,,,,,Office Supplies,1
,,,,,,-3.4,1
,,,,,,Office Supplies,1
,,,,,,-3.39,2
,,,,,,Office Supplies,2
,,,,,,-3.36,1
,,,,,,Office Supplies,1
,,,,,,-3.35,4
,,,,,,Office Supplies,4
,,,,,,-3.33,1
,,,,,,Office Supplies,1
,,,,,,-3.32,1
,,,,,,Furniture,1
,,,,,,-3.3,4
,,,,,,Office Supplies,4
,,,,,,-3.29,1
,,,,,,Office Supplies,1
,,,,,,-3.24,1
,,,,,,Office Supplies,1
,,,,,,-3.2,1
,,,,,,Technology,1
,,,,,,-3.19,2
,,,,,,Office Supplies,2
,,,,,,-3.16,2
,,,,,,Furniture,1
,,,,,,Office Supplies,1
,,,,,,-3.15,1
,,,,,,Office Supplies,1
,,,,,,-3.14,2
,,,,,,Office Supplies,2
,,,,,,-3.12,1
,,,,,,Office Supplies,1
,,,,,,-3.11,2
,,,,,,Furniture,1
,,,,,,Office Supplies,1
,,,,,,-3.1,1
,,,,,,Office Supplies,1
,,,,,,-3.07,1
,,,,,,Office Supplies,1
,,,,,,-3.06,1
,,,,,,Office Supplies,1
,,,,,,-3.04,1
,,,,,,Office Supplies,1
,,,,,,-3.03,2
,,,,,,Office Supplies,2
,,,,,,-3.01,4
,,,,,,Office Supplies,4
,,,,,,-3,1
,,,,,,Office Supplies,1
,,,,,,-2.96,1
,,,,,,Office Supplies,1
,,,,,,-2.95,2
,,,,,,Furniture,1
,,,,,,Office Supplies,1
,,,,,,-2.92,1
,,,,,,Office Supplies,1
,,,,,,-2.91,3
,,,,,,Office Supplies,3
,,,,,,-2.9,1
,,,,,,Office Supplies,1
,,,,,,-2.87,1
,,,,,,Office Supplies,1
,,,,,,-2.86,1
,,,,,,Office Supplies,1
,,,,,,-2.85,2
,,,,,,Office Supplies,2
,,,,,,-2.83,1
,,,,,,Furniture,1
,,,,,,-2.81,2
,,,,,,Furniture,1
,,,,,,Office Supplies,1
,,,,,,-2.78,2
,,,,,,Furniture,1
,,,,,,Office Supplies,1
,,,,,,-2.77,1
,,,,,,Office Supplies,1
,,,,,,-2.76,2
,,,,,,Furniture,1
,,,,,,Office Supplies,1
,,,,,,-2.74,1
,,,,,,Office Supplies,1
,,,,,,-2.73,1
,,,,,,Furniture,1
,,,,,,-2.72,1
,,,,,,Office Supplies,1
,,,,,,-2.71,2
,,,,,,Office Supplies,2
,,,,,,-2.7,1
,,,,,,Office Supplies,1
,,,,,,-2.68,1
,,,,,,Technology,1
,,,,,,-2.66,1
,,,,,,Office Supplies,1
,,,,,,-2.65,2
,,,,,,Furniture,1
,,,,,,Office Supplies,1
,,,,,,-2.61,2
,,,,,,Office Supplies,2
,,,,,,-2.6,1
,,,,,,Office Supplies,1
,,,,,,-2.59,1
,,,,,,Office Supplies,1
,,,,,,-2.58,1
,,,,,,Office Supplies,1
,,,,,,-2.56,1
,,,,,,Office Supplies,1
,,,,,,-2.54,1
,,,,,,Technology,1
,,,,,,-2.53,3
,,,,,,Furniture,1
,,,,,,Office Supplies,2
,,,,,,-2.52,2
,,,,,,Office Supplies,2
,,,,,,-2.5,1
,,,,,,Office Supplies,1
,,,,,,-2.48,1
,,,,,,Office Supplies,1
,,,,,,-2.46,1
,,,,,,Office Supplies,1
,,,,,,-2.45,1
,,,,,,Office Supplies,1
,,,,,,-2.44,2
,,,,,,Furniture,1
,,,,,,Office Supplies,1
,,,,,,-2.39,1
,,,,,,Technology,1
,,,,,,-2.38,2
,,,,,,Furniture,1
,,,,,,Office Supplies,1
,,,,,,-2.37,2
,,,,,,Office Supplies,2
,,,,,,-2.36,1
,,,,,,Furniture,1
,,,,,,-2.35,1
,,,,,,Office Supplies,1
,,,,,,-2.33,1
,,,,,,Office Supplies,1
,,,,,,-2.31,1
,,,,,,Furniture,1
,,,,,,-2.3,1
,,,,,,Office Supplies,1
,,,,,,-2.29,1
,,,,,,Office Supplies,1
,,,,,,-2.28,2
,,,,,,Furniture,2
,,,,,,-2.27,1
,,,,,,Office Supplies,1
,,,,,,-2.25,2
,,,,,,Office Supplies,2
,,,,,,-2.24,2
,,,,,,Office Supplies,2
,,,,,,-2.2,2
,,,,,,Office Supplies,2
,,,,,,-2.19,3
,,,,,,Furniture,1
,,,,,,Office Supplies,2
,,,,,,-2.17,1
,,,,,,Furniture,1
,,,,,,-2.16,1
,,,,,,Office Supplies,1
,,,,,,-2.13,1
,,,,,,Office Supplies,1
,,,,,,-2.1,3
,,,,,,Furniture,1
,,,,,,Office Supplies,2
,,,,,,-2.09,1
,,,,,,Office Supplies,1
,,,,,,-2.08,1
,,,,,,Office Supplies,1
,,,,,,-2.07,2
,,,,,,Office Supplies,1
,,,,,,Technology,1
,,,,,,-2.06,2
,,,,,,Furniture,2
,,,,,,-2.05,1
,,,,,,Office Supplies,1
,,,,,,-2.04,1
,,,,,,Technology,1
,,,,,,-2.03,2
,,,,,,Office Supplies,2
,,,,,,-2.02,1
,,,,,,Office Supplies,1
,,,,,,-2.01,1
,,,,,,Office Supplies,1
,,,,,,-2,3
,,,,,,Furniture,1
,,,,,,Office Supplies,1
,,,,,,Technology,1
,,,,,,-1.99,2
,,,,,,Office Supplies,2
,,,,,,-1.96,1
,,,,,,Furniture,1
,,,,,,-1.95,2
,,,,,,Furniture,1
,,,,,,Office Supplies,1
,,,,,,-1.94,2
,,,,,,Office Supplies,2
,,,,,,-1.93,1
,,,,,,Furniture,1
,,,,,,-1.88,1
,,,,,,Office Supplies,1
,,,,,,-1.86,1
,,,,,,Office Supplies,1
,,,,,,-1.84,1
,,,,,,Office Supplies,1
,,,,,,-1.83,1
,,,,,,Office Supplies,1
,,,,,,-1.8,2
,,,,,,Office Supplies,2
,,,,,,-1.78,2
,,,,,,Office Supplies,1
,,,,,,Technology,1
,,,,,,-1.77,1
,,,,,,Office Supplies,1
,,,,,,-1.75,1
,,,,,,Office Supplies,1
,,,,,,-1.73,1
,,,,,,Office Supplies,1
,,,,,,-1.72,1
,,,,,,Office Supplies,1
,,,,,,-1.71,2
,,,,,,Furniture,1
,,,,,,Office Supplies,1
,,,,,,-1.68,1
,,,,,,Office Supplies,1
,,,,,,-1.67,1
,,,,,,Office Supplies,1
,,,,,,-1.64,1
,,,,,,Furniture,1
,,,,,,-1.63,1
,,,,,,Technology,1
,,,,,,-1.6,1
,,,,,,Office Supplies,1
,,,,,,-1.59,1
,,,,,,Office Supplies,1
,,,,,,-1.57,1
,,,,,,Office Supplies,1
,,,,,,-1.55,2
,,,,,,Office Supplies,2
,,,,,,-1.54,1
,,,,,,Office Supplies,1
,,,,,,-1.52,2
,,,,,,Office Supplies,2
,,,,,,-1.5,1
,,,,,,Office Supplies,1
,,,,,,-1.49,1
,,,,,,Office Supplies,1
,,,,,,-1.48,1
,,,,,,Office Supplies,1
,,,,,,-1.46,1
,,,,,,Office Supplies,1
,,,,,,-1.42,1
,,,,,,Office Supplies,1
,,,,,,-1.37,2
,,,,,,Furniture,1
,,,,,,Office Supplies,1
,,,,,,-1.33,3
,,,,,,Furniture,2
,,,,,,Office Supplies,1
,,,,,,-1.32,1
,,,,,,Office Supplies,1
,,,,,,-1.31,1
,,,,,,Furniture,1
,,,,,,-1.28,1
,,,,,,Office Supplies,1
,,,,,,-1.27,2
,,,,,,Office Supplies,2
,,,,,,-1.24,2
,,,,,,Office Supplies,2
,,,,,,-1.22,1
,,,,,,Office Supplies,1
,,,,,,-1.18,1
,,,,,,Office Supplies,1
,,,,,,-1.17,1
,,,,,,Office Supplies,1
,,,,,,-1.14,1
,,,,,,Office Supplies,1
,,,,,,-1.11,1
,,,,,,Furniture,1
,,,,,,-1.1,1
,,,,,,Office Supplies,1
,,,,,,-1.07,2
,,,,,,Furniture,1
,,,,,,Office Supplies,1
,,,,,,-1.06,1
,,,,,,Office Supplies,1
,,,,,,-1.05,1
,,,,,,Office Supplies,1
,,,,,,-1.04,1
,,,,,,Office Supplies,1
,,,,,,-1,1
,,,,,,Office Supplies,1
,,,,,,-0.98,1
,,,,,,Office Supplies,1
,,,,,,-0.97,1
,,,,,,Office Supplies,1
,,,,,,-0.95,2
,,,,,,Office Supplies,2
,,,,,,-0.94,2
,,,,,,Furniture,1
,,,,,,Office Supplies,1
,,,,,,-0.92,2
,,,,,,Office Supplies,2
,,,,,,-0.91,2
,,,,,,Office Supplies,2
,,,,,,-0.89,2
,,,,,,Office Supplies,2
,,,,,,-0.85,1
,,,,,,Office Supplies,1
,,,,,,-0.84,2
,,,,,,Office Supplies,2
,,,,,,-0.81,3
,,,,,,Office Supplies,3
,,,,,,-0.79,1
,,,,,,Office Supplies,1
,,,,,,-0.78,2
,,,,,,Office Supplies,2
,,,,,,-0.77,2
,,,,,,Office Supplies,1
,,,,,,Technology,1
,,,,,,-0.71,2
,,,,,,Furniture,1
,,,,,,Technology,1
,,,,,,-0.7,2
,,,,,,Office Supplies,2
,,,,,,-0.68,1
,,,,,,Office Supplies,1
,,,,,,-0.66,1
,,,,,,Office Supplies,1
,,,,,,-0.64,2
,,,,,,Office Supplies,2
,,,,,,-0.63,2
,,,,,,Office Supplies,2
,,,,,,-0.61,1
,,,,,,Office Supplies,1
,,,,,,-0.57,2
,,,,,,Office Supplies,2
,,,,,,-0.54,1
,,,,,,Office Supplies,1
,,,,,,-0.53,1
,,,,,,Office Supplies,1
,,,,,,-0.49,1
,,,,,,Office Supplies,1
,,,,,,-0.48,2
,,,,,,Office Supplies,2
,,,,,,-0.47,2
,,,,,,Office Supplies,2
,,,,,,-0.45,2
,,,,,,Office Supplies,2
,,,,,,-0.44,1
,,,,,,Office Supplies,1
,,,,,,-0.42,1
,,,,,,Technology,1
,,,,,,-0.39,1
,,,,,,Office Supplies,1
,,,,,,-0.38,3
,,,,,,Furniture,1
,,,,,,Office Supplies,2
,,,,,,-0.37,2
,,,,,,Office Supplies,2
,,,,,,-0.35,1
,,,,,,Office Supplies,1
,,,,,,-0.32,1
,,,,,,Office Supplies,1
,,,,,,-0.3,2
,,,,,,Office Supplies,2
,,,,,,-0.29,2
,,,,,,Office Supplies,2
,,,,,,-0.27,1
,,,,,,Office Supplies,1
,,,,,,-0.24,1
,,,,,,Office Supplies,1
,,,,,,-0.22,3
,,,,,,Office Supplies,3
,,,,,,-0.2,1
,,,,,,Office Supplies,1
,,,,,,-0.19,2
,,,,,,Furniture,1
,,,,,,Office Supplies,1
,,,,,,-0.17,2
,,,,,,Office Supplies,2
,,,,,,-0.15,1
,,,,,,Office Supplies,1
,,,,,,-0.08,1
,,,,,,Office Supplies,1
,,,,,,-0.04,4
,,,,,,Office Supplies,3
,,,,,,Technology,1
,,,,,,-0.02,2
,,,,,,Office Supplies,2
,,,,,,-0.01,2
,,,,,,Office Supplies,2
,,,,,,0,1
,,,,,,Office Supplies,1
,,,,,,0.01,1
,,,,,,Office Supplies,1
,,,,,,0.02,1
,,,,,,Office Supplies,1
,,,,,,0.08,1
,,,,,,Office Supplies,1
,,,,,,0.09,1
,,,,,,Office Supplies,1
,,,,,,0.1,1
,,,,,,Office Supplies,1
,,,,,,0.14,1
,,,,,,Office Supplies,1
,,,,,,0.17,1
,,,,,,Office Supplies,1
,,,,,,0.19,1
,,,,,,Office Supplies,1
,,,,,,0.24,1
,,,,,,Office Supplies,1
,,,,,,0.26,1
,,,,,,Office Supplies,1
,,,,,,0.32,1
,,,,,,Office Supplies,1
,,,,,,0.33,2
,,,,,,Office Supplies,2
,,,,,,0.34,2
,,,,,,Furniture,1
,,,,,,Office Supplies,1
,,,,,,0.35,2
,,,,,,Office Supplies,2
,,,,,,0.37,1
,,,,,,Office Supplies,1
,,,,,,0.38,1
,,,,,,Furniture,1
,,,,,,0.4,1
,,,,,,Technology,1
,,,,,,0.42,1
,,,,,,Office Supplies,1
,,,,,,0.44,1
,,,,,,Technology,1
,,,,,,0.46,1
,,,,,,Furniture,1
,,,,,,0.48,1
,,,,,,Furniture,1
,,,,,,0.51,2
,,,,,,Furniture,1
,,,,,,Office Supplies,1
,,,,,,0.52,1
,,,,,,Office Supplies,1
,,,,,,0.53,1
,,,,,,Office Supplies,1
,,,,,,0.55,2
,,,,,,Office Supplies,2
,,,,,,0.6,2
,,,,,,Office Supplies,2
,,,,,,0.61,2
,,,,,,Office Supplies,1
,,,,,,Technology,1
,,,,,,0.63,3
,,,,,,Office Supplies,2
,,,,,,Technology,1
,,,,,,0.66,1
,,,,,,Office Supplies,1
,,,,,,0.68,1
,,,,,,Furniture,1
,,,,,,0.69,2
,,,,,,Office Supplies,2
,,,,,,0.71,1
,,,,,,Furniture,1
,,,,,,0.72,1
,,,,,,Office Supplies,1
,,,,,,0.73,1
,,,,,,Office Supplies,1
,,,,,,0.76,2
,,,,,,Office Supplies,1
,,,,,,Technology,1
,,,,,,0.78,4
,,,,,,Furniture,1
,,,,,,Office Supplies,3
,,,,,,0.79,1
,,,,,,Office Supplies,1
,,,,,,0.81,1
,,,,,,Office Supplies,1
,,,,,,0.84,2
,,,,,,Office Supplies,2
,,,,,,0.85,2
,,,,,,Office Supplies,2
,,,,,,0.86,1
,,,,,,Office Supplies,1
,,,,,,0.87,1
,,,,,,Office Supplies,1
,,,,,,0.88,1
,,,,,,Office Supplies,1
,,,,,,0.92,1
,,,,,,Office Supplies,1
,,,,,,0.94,1
,,,,,,Office Supplies,1
,,,,,,0.95,1
,,,,,,Office Supplies,1
,,,,,,0.96,1
,,,,,,Office Supplies,1
,,,,,,0.98,1
,,,,,,Office Supplies,1
,,,,,,1,1
,,,,,,Office Supplies,1
,,,,,,1.01,1
,,,,,,Office Supplies,1
,,,,,,1.02,1
,,,,,,Office Supplies,1
,,,,,,1.03,1
,,,,,,Office Supplies,1
,,,,,,1.04,1
,,,,,,Office Supplies,1
,,,,,,1.08,1
,,,,,,Office Supplies,1
,,,,,,1.09,1
,,,,,,Office Supplies,1
,,,,,,1.1,2
,,,,,,Office Supplies,2
,,,,,,1.12,1
,,,,,,Office Supplies,1
,,,,,,1.14,2
,,,,,,Office Supplies,2
,,,,,,1.15,1
,,,,,,Office Supplies,1
,,,,,,1.16,3
,,,,,,Furniture,1
,,,,,,Office Supplies,2
,,,,,,1.17,1
,,,,,,Office Supplies,1
,,,,,,1.18,1
,,,,,,Technology,1
,,,,,,1.19,1
,,,,,,Office Supplies,1
,,,,,,1.2,3
,,,,,,Furniture,1
,,,,,,Office Supplies,2
,,,,,,1.22,1
,,,,,,Furniture,1
,,,,,,1.25,1
,,,,,,Office Supplies,1
,,,,,,1.28,1
,,,,,,Office Supplies,1
,,,,,,1.29,1
,,,,,,Office Supplies,1
,,,,,,1.33,1
,,,,,,Furniture,1
,,,,,,1.35,1
,,,,,,Office Supplies,1
,,,,,,1.37,1
,,,,,,Office Supplies,1
,,,,,,1.38,1
,,,,,,Office Supplies,1
,,,,,,1.39,1
,,,,,,Furniture,1
,,,,,,1.4,2
,,,,,,Office Supplies,1
,,,,,,Technology,1
,,,,,,1.41,2
,,,,,,Office Supplies,2
,,,,,,1.43,1
,,,,,,Office Supplies,1
,,,,,,1.44,1
,,,,,,Office Supplies,1
,,,,,,1.46,1
,,,,,,Furniture,1
,,,,,,1.47,1
,,,,,,Furniture,1
,,,,,,1.49,1
,,,,,,Office Supplies,1
,,,,,,1.5,1
,,,,,,Office Supplies,1
,,,,,,1.51,3
,,,,,,Office Supplies,2
,,,,,,Technology,1
,,,,,,1.52,1
,,,,,,Office Supplies,1
,,,,,,1.55,1
,,,,,,Office Supplies,1
,,,,,,1.56,2
,,,,,,Office Supplies,2
,,,,,,1.59,1
,,,,,,Furniture,1
,,,,,,1.61,1
,,,,,,Office Supplies,1
,,,,,,1.64,1
,,,,,,Furniture,1
,,,,,,1.65,1
,,,,,,Office Supplies,1
,,,,,,1.66,1
,,,,,,Office Supplies,1
,,,,,,1.69,4
,,,,,,Furniture,1
,,,,,,Office Supplies,2
,,,,,,Technology,1
,,,,,,1.71,3
,,,,,,Furniture,1
,,,,,,Office Supplies,2
,,,,,,1.73,1
,,,,,,Furniture,1
,,,,,,1.77,2
,,,,,,Furniture,1
,,,,,,Office Supplies,1
,,,,,,1.79,2
,,,,,,Office Supplies,2
,,,,,,1.81,4
,,,,,,Office Supplies,4
,,,,,,1.83,2
,,,,,,Office Supplies,2
,,,,,,1.84,1
,,,,,,Office Supplies,1
,,,,,,1.87,2
,,,,,,Office Supplies,2
,,,,,,1.88,1
,,,,,,Office Supplies,1
,,,,,,1.89,4
,,,,,,Office Supplies,4
,,,,,,1.9,1
,,,,,,Furniture,1
,,,,,,1.91,1
,,,,,,Office Supplies,1
,,,,,,1.94,1
,,,,,,Furniture,1
,,,,,,1.95,2
,,,,,,Furniture,1
,,,,,,Office Supplies,1
,,,,,,1.97,1
,,,,,,Furniture,1
,,,,,,2,1
,,,,,,Office Supplies,1
,,,,,,2.01,1
,,,,,,Office Supplies,1
,,,,,,2.04,1
,,,,,,Office Supplies,1
,,,,,,2.05,3
,,,,,,Office Supplies,3
,,,,,,2.06,3
,,,,,,Office Supplies,3
,,,,,,2.07,1
,,,,,,Office Supplies,1
,,,,,,2.08,2
,,,,,,Office Supplies,2
,,,,,,2.1,1
,,,,,,Office Supplies,1
,,,,,,2.13,2
,,,,,,Office Supplies,2
,,,,,,2.14,2
,,,,,,Furniture,1
,,,,,,Office Supplies,1
,,,,,,2.17,3
,,,,,,Office Supplies,3
,,,,,,2.19,1
,,,,,,Office Supplies,1
,,,,,,2.21,1
,,,,,,Office Supplies,1
,,,,,,2.24,1
,,,,,,Office Supplies,1
,,,,,,2.27,2
,,,,,,Furniture,1
,,,,,,Office Supplies,1
,,,,,,2.28,1
,,,,,,Office Supplies,1
,,,,,,2.29,1
,,,,,,Office Supplies,1
,,,,,,2.3,1
,,,,,,Office Supplies,1
,,,,,,2.31,1
,,,,,,Office Supplies,1
,,,,,,2.32,2
,,,,,,Office Supplies,2
,,,,,,2.33,1
,,,,,,Office Supplies,1
,,,,,,2.39,1
,,,,,,Office Supplies,1
,,,,,,2.4,1
,,,,,,Office Supplies,1
,,,,,,2.43,1
,,,,,,Office Supplies,1
,,,,,,2.44,2
,,,,,,Office Supplies,2
,,,,,,2.46,1
,,,,,,Office Supplies,1
,,,,,,2.47,1
,,,,,,Office Supplies,1
,,,,,,2.49,1
,,,,,,Furniture,1
,,,,,,2.52,1
,,,,,,Office Supplies,1
,,,,,,2.53,1
,,,,,,Office Supplies,1
,,,,,,2.54,1
,,,,,,Office Supplies,1
,,,,,,2.56,2
,,,,,,Office Supplies,2
,,,,,,2.57,1
,,,,,,Furniture,1
,,,,,,2.61,1
,,,,,,Office Supplies,1
,,,,,,2.63,2
,,,,,,Office Supplies,2
,,,,,,2.7,3
,,,,,,Furniture,1
,,,,,,Office Supplies,2
,,,,,,2.77,1
,,,,,,Office Supplies,1
,,,,,,2.78,2
,,,,,,Furniture,1
,,,,,,Office Supplies,1
,,,,,,2.8,1
,,,,,,Office Supplies,1
,,,,,,2.81,1
,,,,,,Technology,1
,,,,,,2.82,1
,,,,,,Office Supplies,1
,,,,,,2.84,1
,,,,,,Office Supplies,1
,,,,,,2.85,2
,,,,,,Office Supplies,2
,,,,,,2.86,2
,,,,,,Office Supplies,2
,,,,,,2.88,2
,,,,,,Furniture,1
,,,,,,Office Supplies,1
,,,,,,2.89,1
,,,,,,Office Supplies,1
,,,,,,2.9,1
,,,,,,Office Supplies,1
,,,,,,2.94,1
,,,,,,Furniture,1
,,,,,,2.95,1
,,,,,,Office Supplies,1
,,,,,,2.96,1
,,,,,,Office Supplies,1
,,,,,,2.97,2
,,,,,,Furniture,1
,,,,,,Office Supplies,1
,,,,,,3,1
,,,,,,Office Supplies,1
,,,,,,3.01,2
,,,,,,Office Supplies,2
,,,,,,3.03,3
,,,,,,Furniture,1
,,,,,,Office Supplies,2
,,,,,,3.04,2
,,,,,,Office Supplies,2
,,,,,,3.05,2
,,,,,,Furniture,1
,,,,,,Office Supplies,1
,,,,,,3.06,1
,,,,,,Office Supplies,1
,,,,,,3.09,4
,,,,,,Office Supplies,4
,,,,,,3.1,2
,,,,,,Office Supplies,2
,,,,,,3.11,2
,,,,,,Office Supplies,2
,,,,,,3.12,1
,,,,,,Office Supplies,1
,,,,,,3.15,1
,,,,,,Office Supplies,1
,,,,,,3.16,2
,,,,,,Furniture,1
,,,,,,Office Supplies,1
,,,,,,3.2,1
,,,,,,Office Supplies,1
,,,,,,3.21,1
,,,,,,Office Supplies,1
,,,,,,3.22,1
,,,,,,Office Supplies,1
,,,,,,3.23,1
,,,,,,Office Supplies,1
,,,,,,3.27,1
,,,,,,Office Supplies,1
,,,,,,3.28,2
,,,,,,Office Supplies,2
,,,,,,3.3,1
,,,,,,Office Supplies,1
,,,,,,3.33,1
,,,,,,Office Supplies,1
,,,,,,3.34,1
,,,,,,Technology,1
,,,,,,3.36,3
,,,,,,Office Supplies,3
,,,,,,3.37,1
,,,,,,Office Supplies,1
,,,,,,3.38,3
,,,,,,Office Supplies,3
,,,,,,3.45,2
,,,,,,Office Supplies,2
,,,,,,3.49,1
,,,,,,Furniture,1
,,,,,,3.55,1
,,,,,,Office Supplies,1
,,,,,,3.57,1
,,,,,,Office Supplies,1
,,,,,,3.59,1
,,,,,,Furniture,1
,,,,,,3.6,2
,,,,,,Furniture,1
,,,,,,Office Supplies,1
,,,,,,3.61,1
,,,,,,Office Supplies,1
,,,,,,3.62,1
,,,,,,Office Supplies,1
,,,,,,3.64,1
,,,,,,Office Supplies,1
,,,,,,3.65,1
,,,,,,Office Supplies,1
,,,,,,3.66,3
,,,,,,Furniture,2
,,,,,,Office Supplies,1
,,,,,,3.67,1
,,,,,,Office Supplies,1
,,,,,,3.72,2
,,,,,,Office Supplies,2
,,,,,,3.74,1
,,,,,,Technology,1
,,,,,,3.75,1
,,,,,,Technology,1
,,,,,,3.77,1
,,,,,,Office Supplies,1
,,,,,,3.79,2
,,,,,,Office Supplies,2
,,,,,,3.8,2
,,,,,,Office Supplies,2
,,,,,,3.81,2
,,,,,,Furniture,1
,,,,,,Office Supplies,1
,,,,,,3.82,2
,,,,,,Office Supplies,1
,,,,,,Technology,1
,,,,,,3.83,1
,,,,,,Office Supplies,1
,,,,,,3.86,1
,,,,,,Office Supplies,1
,,,,,,3.9,3
,,,,,,Office Supplies,3
,,,,,,3.91,1
,,,,,,Office Supplies,1
,,,,,,3.93,2
,,,,,,Office Supplies,2
,,,,,,3.94,3
,,,,,,Office Supplies,3
,,,,,,3.95,2
,,,,,,Office Supplies,1
,,,,,,Technology,1
,,,,,,3.96,2
,,,,,,Office Supplies,2
,,,,,,3.97,1
,,,,,,Office Supplies,1
,,,,,,3.99,1
,,,,,,Office Supplies,1
,,,,,,4,1
,,,,,,Office Supplies,1
,,,,,,4.02,1
,,,,,,Technology,1
,,,,,,4.04,2
,,,,,,Office Supplies,2
,,,,,,4.06,1
,,,,,,Furniture,1
,,,,,,4.07,3
,,,,,,Office Supplies,3
,,,,,,4.08,1
,,,,,,Office Supplies,1
,,,,,,4.09,1
,,,,,,Office Supplies,1
,,,,,,4.11,1
,,,,,,Office Supplies,1
,,,,,,4.13,1
,,,,,,Furniture,1
,,,,,,4.17,1
,,,,,,Furniture,1
,,,,,,4.19,3
,,,,,,Office Supplies,2
,,,,,,Technology,1
,,,,,,4.2,1
,,,,,,Office Supplies,1
,,,,,,4.26,1
,,,,,,Furniture,1
,,,,,,4.27,1
,,,,,,Office Supplies,1
,,,,,,4.28,3
,,,,,,Furniture,1
,,,,,,Office Supplies,2
,,,,,,4.29,1
,,,,,,Office Supplies,1
,,,,,,4.31,1
,,,,,,Furniture,1
,,,,,,4.32,1
,,,,,,Office Supplies,1
,,,,,,4.35,1
,,,,,,Office Supplies,1
,,,,,,4.36,1
,,,,,,Office Supplies,1
,,,,,,4.4,2
,,,,,,Furniture,1
,,,,,,Office Supplies,1
,,,,,,4.44,1
,,,,,,Office Supplies,1
,,,,,,4.45,2
,,,,,,Office Supplies,2
,,,,,,4.47,1
,,,,,,Office Supplies,1
,,,,,,4.48,1
,,,,,,Office Supplies,1
,,,,,,4.52,1
,,,,,,Office Supplies,1
,,,,,,4.55,1
,,,,,,Office Supplies,1
,,,,,,4.57,1
,,,,,,Office Supplies,1
,,,,,,4.58,2
,,,,,,Office Supplies,2
,,,,,,4.6,1
,,,,,,Office Supplies,1
,,,,,,4.61,1
,,,,,,Office Supplies,1
,,,,,,4.62,1
,,,,,,Office Supplies,1
,,,,,,4.65,1
,,,,,,Furniture,1
,,,,,,4.69,2
,,,,,,Furniture,1
,,,,,,Office Supplies,1
,,,,,,4.7,1
,,,,,,Technology,1
,,,,,,4.71,1
,,,,,,Office Supplies,1
,,,,,,4.72,1
,,,,,,Office Supplies,1
,,,,,,4.75,1
,,,,,,Office Supplies,1
,,,,,,4.78,2
,,,,,,Office Supplies,2
,,,,,,4.79,2
,,,,,,Furniture,1
,,,,,,Office Supplies,1
,,,,,,4.83,1
,,,,,,Office Supplies,1
,,,,,,4.84,1
,,,,,,Office Supplies,1
,,,,,,4.86,1
,,,,,,Furniture,1
,,,,,,4.88,3
,,,,,,Office Supplies,3
,,,,,,4.9,2
,,,,,,Furniture,2
,,,,,,4.94,4
,,,,,,Furniture,1
,,,,,,Office Supplies,3
,,,,,,4.95,1
,,,,,,Office Supplies,1
,,,,,,5.01,2
,,,,,,Office Supplies,2
,,,,,,5.02,1
,,,,,,Furniture,1
,,,,,,5.03,1
,,,,,,Office Supplies,1
,,,,,,5.05,1
,,,,,,Office Supplies,1
,,,,,,5.06,1
,,,,,,Office Supplies,1
,,,,,,5.07,2
,,,,,,Office Supplies,2
,,,,,,5.08,1
,,,,,,Office Supplies,1
,,,,,,5.11,2
,,,,,,Office Supplies,2
,,,,,,5.16,3
,,,,,,Office Supplies,3
,,,,,,5.21,2
,,,,,,Office Supplies,2
,,,,,,5.23,1
,,,,,,Office Supplies,1
,,,,,,5.24,1
,,,,,,Technology,1
,,,,,,5.25,1
,,,,,,Furniture,1
,,,,,,5.26,1
,,,,,,Office Supplies,1
,,,,,,5.28,1
,,,,,,Office Supplies,1
,,,,,,5.3,1
,,,,,,Office Supplies,1
,,,,,,5.31,3
,,,,,,Office Supplies,3
,,,,,,5.32,2
,,,,,,Office Supplies,2
,,,,,,5.34,1
,,,,,,Technology,1
,,,,,,5.35,1
,,,,,,Office Supplies,1
,,,,,,5.36,1
,,,,,,Furniture,1
,,,,,,5.37,3
,,,,,,Office Supplies,3
,,,,,,5.42,1
,,,,,,Furniture,1
,,,,,,5.43,1
,,,,,,Office Supplies,1
,,,,,,5.45,1
,,,,,,Furniture,1
,,,,,,5.46,2
,,,,,,Furniture,1
,,,,,,Office Supplies,1
,,,,,,5.48,1
,,,,,,Office Supplies,1
,,,,,,5.49,1
,,,,,,Office Supplies,1
,,,,,,5.5,2
,,,,,,Furniture,1
,,,,,,Office Supplies,1
,,,,,,5.51,1
,,,,,,Office Supplies,1
,,,,,,5.52,2
,,,,,,Furniture,1
,,,,,,Office Supplies,1
,,,,,,5.53,1
,,,,,,Office Supplies,1
,,,,,,5.54,1
,,,,,,Office Supplies,1
,,,,,,5.55,1
,,,,,,Furniture,1
,,,,,,5.57,3
,,,,,,Office Supplies,3
,,,,,,5.58,2
,,,,,,Furniture,1
,,,,,,Office Supplies,1
,,,,,,5.63,1
,,,,,,Office Supplies,1
,,,,,,5.64,2
,,,,,,Office Supplies,1
,,,,,,Technology,1
,,,,,,5.65,1
,,,,,,Furniture,1
,,,,,,5.66,1
,,,,,,Office Supplies,1
,,,,,,5.67,1
,,,,,,Office Supplies,1
,,,,,,5.69,1
,,,,,,Furniture,1
,,,,,,5.73,2
,,,,,,Office Supplies,2
,,,,,,5.75,1
,,,,,,Furniture,1
,,,,,,5.77,3
,,,,,,Office Supplies,3
,,,,,,5.79,1
,,,,,,Office Supplies,1
,,,,,,5.8,2
,,,,,,Office Supplies,2
,,,,,,5.82,1
,,,,,,Technology,1
,,,,,,5.84,2
,,,,,,Office Supplies,1
,,,,,,Technology,1
,,,,,,5.86,3
,,,,,,Office Supplies,3
,,,,,,5.87,1
,,,,,,Office Supplies,1
,,,,,,5.88,3
,,,,,,Office Supplies,3
,,,,,,5.9,2
,,,,,,Office Supplies,2
,,,,,,5.91,2
,,,,,,Office Supplies,2
,,,,,,5.95,3
,,,,,,Furniture,1
,,,,,,Office Supplies,2
,,,,,,6,1
,,,,,,Office Supplies,1
,,,,,,6.02,1
,,,,,,Furniture,1
,,,,,,6.03,4
,,,,,,Furniture,3
,,,,,,Office Supplies,1
,,,,,,6.04,1
,,,,,,Office Supplies,1
,,,,,,6.05,1
,,,,,,Office Supplies,1
,,,,,,6.06,1
,,,,,,Furniture,1
,,,,,,6.1,1
,,,,,,Office Supplies,1
,,,,,,6.11,1
,,,,,,Technology,1
,,,,,,6.13,1
,,,,,,Furniture,1
,,,,,,6.14,1
,,,,,,Office Supplies,1
,,,,,,6.15,3
,,,,,,Office Supplies,3
,,,,,,6.16,1
,,,,,,Office Supplies,1
,,,,,,6.17,1
,,,,,,Office Supplies,1
,,,,,,6.22,1
,,,,,,Office Supplies,1
,,,,,,6.25,1
,,,,,,Office Supplies,1
,,,,,,6.26,3
,,,,,,Furniture,1
,,,,,,Office Supplies,2
,,,,,,6.28,1
,,,,,,Office Supplies,1
,,,,,,6.29,1
,,,,,,Office Supplies,1
,,,,,,6.33,1
,,,,,,Office Supplies,1
,,,,,,6.34,2
,,,,,,Office Supplies,2
,,,,,,6.35,1
,,,,,,Office Supplies,1
,,,,,,6.4,1
,,,,,,Office Supplies,1
,,,,,,6.42,1
,,,,,,Furniture,1
,,,,,,6.43,1
,,,,,,Office Supplies,1
,,,,,,6.44,1
,,,,,,Office Supplies,1
,,,,,,6.46,1
,,,,,,Office Supplies,1
,,,,,,6.48,1
,,,,,,Office Supplies,1
,,,,,,6.49,1
,,,,,,Office Supplies,1
,,,,,,6.5,3
,,,,,,Furniture,2
,,,,,,Office Supplies,1
,,,,,,6.52,1
,,,,,,Office Supplies,1
,,,,,,6.55,1
,,,,,,Office Supplies,1
,,,,,,6.56,1
,,,,,,Office Supplies,1
,,,,,,6.58,2
,,,,,,Office Supplies,2
,,,,,,6.59,3
,,,,,,Furniture,1
,,,,,,Office Supplies,2
,,,,,,6.6,1
,,,,,,Office Supplies,1
,,,,,,6.61,1
,,,,,,Office Supplies,1
,,,,,,6.64,1
,,,,,,Office Supplies,1
,,,,,,6.65,2
,,,,,,Furniture,1
,,,,,,Office Supplies,1
,,,,,,6.66,1
,,,,,,Office Supplies,1
,,,,,,6.67,1
,,,,,,Office Supplies,1
,,,,,,6.72,2
,,,,,,Office Supplies,2
,,,,,,6.73,1
,,,,,,Office Supplies,1
,,,,,,6.74,1
,,,,,,Office Supplies,1
,,,,,,6.75,2
,,,,,,Office Supplies,2
,,,,,,6.76,2
,,,,,,Office Supplies,2
,,,,,,6.78,1
,,,,,,Furniture,1
,,,,,,6.79,2
,,,,,,Office Supplies,2
,,,,,,6.86,1
,,,,,,Office Supplies,1
,,,,,,6.91,1
,,,,,,Office Supplies,1
,,,,,,6.92,1
,,,,,,Furniture,1
,,,,,,6.94,1
,,,,,,Office Supplies,1
,,,,,,6.95,1
,,,,,,Office Supplies,1
,,,,,,6.96,1
,,,,,,Furniture,1
,,,,,,6.97,1
,,,,,,Office Supplies,1
,,,,,,6.98,2
,,,,,,Office Supplies,2
,,,,,,6.99,2
,,,,,,Office Supplies,2
,,,,,,7.02,1
,,,,,,Office Supplies,1
,,,,,,7.03,1
,,,,,,Office Supplies,1
,,,,,,7.06,2
,,,,,,Office Supplies,2
,,,,,,7.1,1
,,,,,,Office Supplies,1
,,,,,,7.11,1
,,,,,,Office Supplies,1
,,,,,,7.13,1
,,,,,,Office Supplies,1
,,,,,,7.14,2
,,,,,,Office Supplies,2
,,,,,,7.15,2
,,,,,,Office Supplies,2
,,,,,,7.17,1
,,,,,,Office Supplies,1
,,,,,,7.19,1
,,,,,,Office Supplies,1
,,,,,,7.24,2
,,,,,,Office Supplies,2
,,,,,,7.25,1
,,,,,,Office Supplies,1
,,,,,,7.26,1
,,,,,,Office Supplies,1
,,,,,,7.27,1
,,,,,,Office Supplies,1
,,,,,,7.28,1
,,,,,,Office Supplies,1
,,,,,,7.3,1
,,,,,,Office Supplies,1
,,,,,,7.31,2
,,,,,,Office Supplies,1
,,,,,,Technology,1
,,,,,,7.33,2
,,,,,,Office Supplies,2
,,,,,,7.35,1
,,,,,,Technology,1
,,,,,,7.36,2
,,,,,,Office Supplies,2
,,,,,,7.38,1
,,,,,,Technology,1
,,,,,,7.41,2
,,,,,,Office Supplies,2
,,,,,,7.42,1
,,,,,,Technology,1
,,,,,,7.43,1
,,,,,,Office Supplies,1
,,,,,,7.44,1
,,,,,,Furniture,1
,,,,,,7.45,1
,,,,,,Technology,1
,,,,,,7.47,1
,,,,,,Furniture,1
,,,,,,7.5,1
,,,,,,Office Supplies,1
,,,,,,7.51,1
,,,,,,Furniture,1
,,,,,,7.52,1
,,,,,,Furniture,1
,,,,,,7.53,1
,,,,,,Office Supplies,1
,,,,,,7.54,1
,,,,,,Technology,1
,,,,,,7.55,1
,,,,,,Office Supplies,1
,,,,,,7.56,2
,,,,,,Office Supplies,2
,,,,,,7.58,2
,,,,,,Office Supplies,1
,,,,,,Technology,1
,,,,,,7.59,1
,,,,,,Office Supplies,1
,,,,,,7.61,2
,,,,,,Office Supplies,2
,,,,,,7.64,1
,,,,,,Office Supplies,1
,,,,,,7.65,1
,,,,,,Office Supplies,1
,,,,,,7.67,2
,,,,,,Office Supplies,2
,,,,,,7.68,2
,,,,,,Office Supplies,2
,,,,,,7.69,2
,,,,,,Office Supplies,2
,,,,,,7.7,1
,,,,,,Office Supplies,1
,,,,,,7.72,1
,,,,,,Office Supplies,1
,,,,,,7.73,1
,,,,,,Furniture,1
,,,,,,7.77,3
,,,,,,Office Supplies,3
,,,,,,7.78,2
,,,,,,Furniture,1
,,,,,,Office Supplies,1
,,,,,,7.81,1
,,,,,,Office Supplies,1
,,,,,,7.85,2
,,,,,,Office Supplies,2
,,,,,,7.88,2
,,,,,,Office Supplies,1
,,,,,,Technology,1
,,,,,,7.9,1
,,,,,,Office Supplies,1
,,,,,,7.91,1
,,,,,,Office Supplies,1
,,,,,,7.93,1
,,,,,,Furniture,1
,,,,,,7.94,2
,,,,,,Furniture,1
,,,,,,Office Supplies,1
,,,,,,7.95,2
,,,,,,Furniture,1
,,,,,,Office Supplies,1
,,,,,,7.97,3
,,,,,,Furniture,1
,,,,,,Office Supplies,2
,,,,,,7.98,1
,,,,,,Office Supplies,1
,,,,,,8,1
,,,,,,Office Supplies,1
,,,,,,8.03,1
,,,,,,Furniture,1
,,,,,,8.07,1
,,,,,,Office Supplies,1
,,,,,,8.08,1
,,,,,,Office Supplies,1
,,,,,,8.09,1
,,,,,,Office Supplies,1
,,,,,,8.1,1
,,,,,,Office Supplies,1
,,,,,,8.11,2
,,,,,,Office Supplies,2
,,,,,,8.13,1
,,,,,,Office Supplies,1
,,,,,,8.15,1
,,,,,,Office Supplies,1
,,,,,,8.22,1
,,,,,,Office Supplies,1
,,,,,,8.23,2
,,,,,,Furniture,1
,,,,,,Office Supplies,1
,,,,,,8.24,1
,,,,,,Office Supplies,1
,,,,,,8.25,2
,,,,,,Office Supplies,2
,,,,,,8.27,1
,,,,,,Furniture,1
,,,,,,8.28,1
,,,,,,Office Supplies,1
,,,,,,8.29,1
,,,,,,Technology,1
,,,,,,8.3,2
,,,,,,Office Supplies,2
,,,,,,8.31,1
,,,,,,Office Supplies,1
,,,,,,8.32,1
,,,,,,Office Supplies,1
,,,,,,8.34,1
,,,,,,Office Supplies,1
,,,,,,8.38,1
,,,,,,Office Supplies,1
,,,,,,8.39,2
,,,,,,Office Supplies,2
,,,,,,8.4,1
,,,,,,Office Supplies,1
,,,,,,8.42,1
,,,,,,Office Supplies,1
,,,,,,8.43,2
,,,,,,Furniture,1
,,,,,,Office Supplies,1
,,,,,,8.44,1
,,,,,,Furniture,1
,,,,,,8.45,1
,,,,,,Office Supplies,1
,,,,,,8.53,1
,,,,,,Office Supplies,1
,,,,,,8.54,1
,,,,,,Office Supplies,1
,,,,,,8.55,1
,,,,,,Office Supplies,1
,,,,,,8.56,2
,,,,,,Office Supplies,2
,,,,,,8.57,2
,,,,,,Furniture,1
,,,,,,Technology,1
,,,,,,8.62,2
,,,,,,Office Supplies,2
,,,,,,8.63,1
,,,,,,Office Supplies,1
,,,,,,8.65,1
,,,,,,Office Supplies,1
,,,,,,8.66,1
,,,,,,Office Supplies,1
,,,,,,8.68,2
,,,,,,Office Supplies,2
,,,,,,8.7,1
,,,,,,Office Supplies,1
,,,,,,8.72,3
,,,,,,Furniture,1
,,,,,,Office Supplies,2
,,,,,,8.74,2
,,,,,,Office Supplies,2
,,,,,,8.76,2
,,,,,,Office Supplies,2
,,,,,,8.77,1
,,,,,,Office Supplies,1
,,,,,,8.81,2
,,,,,,Office Supplies,2
,,,,,,8.83,1
,,,,,,Furniture,1
,,,,,,8.84,1
,,,,,,Office Supplies,1
,,,,,,8.86,1
,,,,,,Office Supplies,1
,,,,,,8.91,2
,,,,,,Office Supplies,2
,,,,,,8.92,1
,,,,,,Office Supplies,1
,,,,,,8.94,1
,,,,,,Office Supplies,1
,,,,,,8.97,1
,,,,,,Office Supplies,1
,,,,,,9.01,1
,,,,,,Furniture,1
,,,,,,9.02,2
,,,,,,Office Supplies,1
,,,,,,Technology,1
,,,,,,9.03,2
,,,,,,Office Supplies,2
,,,,,,9.04,1
,,,,,,Office Supplies,1
,,,,,,9.05,1
,,,,,,Office Supplies,1
,,,,,,9.08,1
,,,,,,Office Supplies,1
,,,,,,9.09,1
,,,,,,Office Supplies,1
,,,,,,9.14,1
,,,,,,Technology,1
,,,,,,9.19,1
,,,,,,Office Supplies,1
,,,,,,9.21,1
,,,,,,Office Supplies,1
,,,,,,9.22,1
,,,,,,Office Supplies,1
,,,,,,9.23,1
,,,,,,Furniture,1
,,,,,,9.24,1
,,,,,,Office Supplies,1
,,,,,,9.26,2
,,,,,,Office Supplies,2
,,,,,,9.27,1
,,,,,,Office Supplies,1
,,,,,,9.29,1
,,,,,,Office Supplies,1
,,,,,,9.3,1
,,,,,,Office Supplies,1
,,,,,,9.33,1
,,,,,,Office Supplies,1
,,,,,,9.34,1
,,,,,,Office Supplies,1
,,,,,,9.36,1
,,,,,,Office Supplies,1
,,,,,,9.37,1
,,,,,,Furniture,1
,,,,,,9.4,1
,,,,,,Office Supplies,1
,,,,,,9.41,1
,,,,,,Office Supplies,1
,,,,,,9.42,1
,,,,,,Office Supplies,1
,,,,,,9.43,1
,,,,,,Office Supplies,1
,,,,,,9.44,1
,,,,,,Technology,1
,,,,,,9.5,2
,,,,,,Office Supplies,1
,,,,,,Technology,1
,,,,,,9.51,1
,,,,,,Technology,1
,,,,,,9.52,1
,,,,,,Office Supplies,1
,,,,,,9.54,1
,,,,,,Office Supplies,1
,,,,,,9.55,2
,,,,,,Office Supplies,2
,,,,,,9.57,1
,,,,,,Office Supplies,1
,,,,,,9.59,2
,,,,,,Furniture,1
,,,,,,Office Supplies,1
,,,,,,9.6,1
,,,,,,Office Supplies,1
,,,,,,9.63,1
,,,,,,Furniture,1
,,,,,,9.65,1
,,,,,,Office Supplies,1
,,,,,,9.66,1
,,,,,,Office Supplies,1
,,,,,,9.67,1
,,,,,,Office Supplies,1
,,,,,,9.69,2
,,,,,,Office Supplies,2
,,,,,,9.7,1
,,,,,,Office Supplies,1
,,,,,,9.74,1
,,,,,,Furniture,1
,,,,,,9.75,1
,,,,,,Office Supplies,1
,,,,,,9.76,2
,,,,,,Office Supplies,2
,,,,,,9.77,1
,,,,,,Office Supplies,1
,,,,,,9.78,3
,,,,,,Office Supplies,2
,,,,,,Technology,1
,,,,,,9.81,2
,,,,,,Office Supplies,1
,,,,,,Technology,1
,,,,,,9.82,4
,,,,,,Office Supplies,4
,,,,,,9.84,1
,,,,,,Office Supplies,1
,,,,,,9.85,1
,,,,,,Technology,1
,,,,,,9.89,1
,,,,,,Office Supplies,1
,,,,,,9.9,1
,,,,,,Office Supplies,1
,,,,,,9.92,1
,,,,,,Furniture,1
,,,,,,9.93,1
,,,,,,Office Supplies,1
,,,,,,9.94,1
,,,,,,Furniture,1
,,,,,,9.96,2
,,,,,,Office Supplies,2
,,,,,,9.98,2
,,,,,,Office Supplies,1
,,,,,,Technology,1
,,,,,,9.99,1
,,,,,,Office Supplies,1
,,,,,,10.01,2
,,,,,,Office Supplies,2
,,,,,,10.03,3
,,,,,,Office Supplies,3
,,,,,,10.04,1
,,,,,,Office Supplies,1
,,,,,,10.05,2
,,,,,,Office Supplies,2
,,,,,,10.07,1
,,,,,,Office Supplies,1
,,,,,,10.08,1
,,,,,,Technology,1
,,,,,,10.09,1
,,,,,,Office Supplies,1
,,,,,,10.1,1
,,,,,,Furniture,1
,,,,,,10.11,1
,,,,,,Office Supplies,1
,,,,,,10.12,1
,,,,,,Office Supplies,1
,,,,,,10.13,2
,,,,,,Furniture,1
,,,,,,Office Supplies,1
,,,,,,10.14,1
,,,,,,Office Supplies,1
,,,,,,10.19,1
,,,,,,Office Supplies,1
,,,,,,10.2,1
,,,,,,Office Supplies,1
,,,,,,10.21,1
,,,,,,Office Supplies,1
,,,,,,10.23,2
,,,,,,Office Supplies,2
,,,,,,10.24,1
,,,,,,Furniture,1
,,,,,,10.25,1
,,,,,,Technology,1
,,,,,,10.29,2
,,,,,,Office Supplies,2
,,,,,,10.3,1
,,,,,,Office Supplies,1
,,,,,,10.32,1
,,,,,,Office Supplies,1
,,,,,,10.34,2
,,,,,,Furniture,1
,,,,,,Office Supplies,1
,,,,,,10.35,1
,,,,,,Office Supplies,1
,,,,,,10.37,1
,,,,,,Office Supplies,1
,,,,,,10.39,1
,,,,,,Office Supplies,1
,,,,,,10.4,3
,,,,,,Office Supplies,3
,,,,,,10.42,3
,,,,,,Furniture,1
,,,,,,Office Supplies,1
,,,,,,Technology,1
,,,,,,10.43,1
,,,,,,Office Supplies,1
,,,,,,10.44,1
,,,,,,Office Supplies,1
,,,,,,10.45,1
,,,,,,Office Supplies,1
,,,,,,10.46,1
,,,,,,Office Supplies,1
,,,,,,10.47,1
,,,,,,Office Supplies,1
,,,,,,10.48,2
,,,,,,Office Supplies,2
,,,,,,10.49,2
,,,,,,Furniture,1
,,,,,,Office Supplies,1
,,,,,,10.51,2
,,,,,,Office Supplies,2
,,,,,,10.53,1
,,,,,,Office Supplies,1
,,,,,,10.56,1
,,,,,,Office Supplies,1
,,,,,,10.59,1
,,,,,,Office Supplies,1
,,,,,,10.66,1
,,,,,,Office Supplies,1
,,,,,,10.69,1
,,,,,,Office Supplies,1
,,,,,,10.71,1
,,,,,,Technology,1
,,,,,,10.72,1
,,,,,,Office Supplies,1
,,,,,,10.73,1
,,,,,,Office Supplies,1
,,,,,,10.74,3
,,,,,,Office Supplies,3
,,,,,,10.81,2
,,,,,,Office Supplies,2
,,,,,,10.83,1
,,,,,,Office Supplies,1
,,,,,,10.84,1
,,,,,,Office Supplies,1
,,,,,,10.85,4
,,,,,,Office Supplies,4
,,,,,,10.86,1
,,,,,,Furniture,1
,,,,,,10.89,1
,,,,,,Furniture,1
,,,,,,10.91,1
,,,,,,Office Supplies,1
,,,,,,10.95,1
,,,,,,Office Supplies,1
,,,,,,10.96,1
,,,,,,Furniture,1
,,,,,,10.97,1
,,,,,,Office Supplies,1
,,,,,,11,1
,,,,,,Furniture,1
,,,,,,11.04,2
,,,,,,Office Supplies,2
,,,,,,11.05,1
,,,,,,Office Supplies,1
,,,,,,11.06,1
,,,,,,Office Supplies,1
,,,,,,11.07,3
,,,,,,Office Supplies,2
,,,,,,Technology,1
,,,,,,11.08,2
,,,,,,Office Supplies,2
,,,,,,11.11,1
,,,,,,Office Supplies,1
,,,,,,11.12,1
,,,,,,Furniture,1
,,,,,,11.13,1
,,,,,,Office Supplies,1
,,,,,,11.15,1
,,,,,,Office Supplies,1
,,,,,,11.17,1
,,,,,,Office Supplies,1
,,,,,,11.18,1
,,,,,,Office Supplies,1
,,,,,,11.19,1
,,,,,,Office Supplies,1
,,,,,,11.2,1
,,,,,,Furniture,1
,,,,,,11.22,2
,,,,,,Office Supplies,2
,,,,,,11.23,1
,,,,,,Office Supplies,1
,,,,,,11.24,2
,,,,,,Office Supplies,1
,,,,,,Technology,1
,,,,,,11.25,1
,,,,,,Office Supplies,1
,,,,,,11.26,3
,,,,,,Office Supplies,3
,,,,,,11.27,2
,,,,,,Office Supplies,2
,,,,,,11.29,1
,,,,,,Furniture,1
,,,,,,11.3,1
,,,,,,Office Supplies,1
,,,,,,11.31,2
,,,,,,Furniture,1
,,,,,,Office Supplies,1
,,,,,,11.32,2
,,,,,,Furniture,1
,,,,,,Office Supplies,1
,,,,,,11.35,1
,,,,,,Office Supplies,1
,,,,,,11.36,1
,,,,,,Technology,1
,,,,,,11.38,1
,,,,,,Furniture,1
,,,,,,11.41,2
,,,,,,Furniture,1
,,,,,,Office Supplies,1
,,,,,,11.42,1
,,,,,,Office Supplies,1
,,,,,,11.46,4
,,,,,,Furniture,1
,,,,,,Office Supplies,3
,,,,,,11.47,2
,,,,,,Office Supplies,2
,,,,,,11.49,4
,,,,,,Furniture,1
,,,,,,Office Supplies,3
,,,,,,11.52,1
,,,,,,Office Supplies,1
,,,,,,11.53,1
,,,,,,Office Supplies,1
,,,,,,11.54,2
,,,,,,Office Supplies,2
,,,,,,11.55,1
,,,,,,Furniture,1
,,,,,,11.56,1
,,,,,,Office Supplies,1
,,,,,,11.57,1
,,,,,,Office Supplies,1
,,,,,,11.58,1
,,,,,,Furniture,1
,,,,,,11.61,1
,,,,,,Office Supplies,1
,,,,,,11.62,1
,,,,,,Office Supplies,1
,,,,,,11.63,1
,,,,,,Technology,1
,,,,,,11.64,1
,,,,,,Furniture,1
,,,,,,11.69,3
,,,,,,Furniture,1
,,,,,,Office Supplies,2
,,,,,,11.72,1
,,,,,,Office Supplies,1
,,,,,,11.74,1
,,,,,,Office Supplies,1
,,,,,,11.75,1
,,,,,,Office Supplies,1
,,,,,,11.76,4
,,,,,,Furniture,2
,,,,,,Office Supplies,2
,,,,,,11.77,1
,,,,,,Office Supplies,1
,,,,,,11.79,3
,,,,,,Office Supplies,3
,,,,,,11.8,1
,,,,,,Furniture,1
,,,,,,11.82,1
,,,,,,Furniture,1
,,,,,,11.83,2
,,,,,,Office Supplies,1
,,,,,,Technology,1
,,,,,,11.85,3
,,,,,,Office Supplies,2
,,,,,,Technology,1
,,,,,,11.86,1
,,,,,,Office Supplies,1
,,,,,,11.87,2
,,,,,,Office Supplies,2
,,,,,,11.9,1
,,,,,,Office Supplies,1
,,,,,,11.93,2
,,,,,,Furniture,1
,,,,,,Office Supplies,1
,,,,,,11.96,2
,,,,,,Office Supplies,2
,,,,,,11.97,1
,,,,,,Office Supplies,1
,,,,,,11.98,2
,,,,,,Furniture,1
,,,,,,Office Supplies,1
,,,,,,11.99,1
,,,,,,Office Supplies,1
,,,,,,12,1
,,,,,,Office Supplies,1
,,,,,,12.02,1
,,,,,,Office Supplies,1
,,,,,,12.03,1
,,,,,,Office Supplies,1
,,,,,,12.04,2
,,,,,,Furniture,2
,,,,,,12.06,1
,,,,,,Office Supplies,1
,,,,,,12.08,3
,,,,,,Office Supplies,2
,,,,,,Technology,1
,,,,,,12.09,1
,,,,,,Office Supplies,1
,,,,,,12.11,1
,,,,,,Technology,1
,,,,,,12.17,2
,,,,,,Office Supplies,2
,,,,,,12.19,2
,,,,,,Furniture,1
,,,,,,Technology,1
,,,,,,12.21,1
,,,,,,Technology,1
,,,,,,12.22,1
,,,,,,Office Supplies,1
,,,,,,12.24,2
,,,,,,Office Supplies,1
,,,,,,Technology,1
,,,,,,12.25,2
,,,,,,Office Supplies,2
,,,,,,12.29,2
,,,,,,Office Supplies,1
,,,,,,Technology,1
,,,,,,12.3,2
,,,,,,Office Supplies,1
,,,,,,Technology,1
,,,,,,12.32,1
,,,,,,Furniture,1
,,,,,,12.33,2
,,,,,,Office Supplies,1
,,,,,,Technology,1
,,,,,,12.36,1
,,,,,,Office Supplies,1
,,,,,,12.4,1
,,,,,,Furniture,1
,,,,,,12.41,1
,,,,,,Office Supplies,1
,,,,,,12.42,1
,,,,,,Office Supplies,1
,,,,,,12.46,1
,,,,,,Office Supplies,1
,,,,,,12.48,1
,,,,,,Office Supplies,1
,,,,,,12.49,2
,,,,,,Office Supplies,2
,,,,,,12.5,4
,,,,,,Office Supplies,3
,,,,,,Technology,1
,,,,,,12.51,1
,,,,,,Office Supplies,1
,,,,,,12.52,2
,,,,,,Office Supplies,2
,,,,,,12.53,2
,,,,,,Office Supplies,2
,,,,,,12.54,1
,,,,,,Technology,1
,,,,,,12.55,5
,,,,,,Office Supplies,5
,,,,,,12.56,1
,,,,,,Office Supplies,1
,,,,,,12.58,3
,,,,,,Office Supplies,3
,,,,,,12.59,1
,,,,,,Office Supplies,1
,,,,,,12.61,1
,,,,,,Office Supplies,1
,,,,,,12.62,1
,,,,,,Technology,1
,,,,,,12.63,1
,,,,,,Office Supplies,1
,,,,,,12.69,2
,,,,,,Office Supplies,2
,,,,,,12.72,1
,,,,,,Office Supplies,1
,,,,,,12.73,1
,,,,,,Office Supplies,1
,,,,,,12.76,2
,,,,,,Furniture,1
,,,,,,Office Supplies,1
,,,,,,12.77,1
,,,,,,Office Supplies,1
,,,,,,12.79,1
,,,,,,Furniture,1
,,,,,,12.81,1
,,,,,,Furniture,1
,,,,,,12.83,1
,,,,,,Office Supplies,1
,,,,,,12.86,1
,,,,,,Office Supplies,1
,,,,,,12.87,1
,,,,,,Office Supplies,1
,,,,,,12.9,1
,,,,,,Furniture,1
,,,,,,12.91,1
,,,,,,Office Supplies,1
,,,,,,12.93,3
,,,,,,Office Supplies,3
,,,,,,12.94,1
,,,,,,Office Supplies,1
,,,,,,12.95,2
,,,,,,Office Supplies,1
,,,,,,Technology,1
,,,,,,12.96,1
,,,,,,Office Supplies,1
,,,,,,12.98,1
,,,,,,Office Supplies,1
,,,,,,13,1
,,,,,,Technology,1
,,,,,,13.05,1
,,,,,,Technology,1
,,,,,,13.06,2
,,,,,,Office Supplies,2
,,,,,,13.07,1
,,,,,,Office Supplies,1
,,,,,,13.08,1
,,,,,,Office Supplies,1
,,,,,,13.1,1
,,,,,,Office Supplies,1
,,,,,,13.11,1
,,,,,,Office Supplies,1
,,,,,,13.13,1
,,,,,,Office Supplies,1
,,,,,,13.15,2
,,,,,,Office Supplies,2
,,,,,,13.16,1
,,,,,,Furniture,1
,,,,,,13.17,1
,,,,,,Office Supplies,1
,,,,,,13.18,1
,,,,,,Office Supplies,1
,,,,,,13.23,1
,,,,,,Office Supplies,1
,,,,,,13.27,2
,,,,,,Office Supplies,2
,,,,,,13.28,1
,,,,,,Office Supplies,1
,,,,,,13.29,2
,,,,,,Office Supplies,2
,,,,,,13.32,3
,,,,,,Office Supplies,3
,,,,,,13.34,1
,,,,,,Office Supplies,1
,,,,,,13.36,1
,,,,,,Office Supplies,1
,,,,,,13.38,2
,,,,,,Office Supplies,2
,,,,,,13.41,3
,,,,,,Furniture,2
,,,,,,Office Supplies,1
,,,,,,13.42,1
,,,,,,Office Supplies,1
,,,,,,13.45,2
,,,,,,Office Supplies,2
,,,,,,13.47,2
,,,,,,Office Supplies,2
,,,,,,13.49,2
,,,,,,Furniture,1
,,,,,,Office Supplies,1
,,,,,,13.5,1
,,,,,,Office Supplies,1
,,,,,,13.54,4
,,,,,,Furniture,1
,,,,,,Office Supplies,3
,,,,,,13.55,1
,,,,,,Office Supplies,1
,,,,,,13.56,3
,,,,,,Furniture,1
,,,,,,Office Supplies,2
,,,,,,13.57,1
,,,,,,Office Supplies,1
,,,,,,13.58,1
,,,,,,Office Supplies,1
,,,,,,13.61,1
,,,,,,Office Supplies,1
,,,,,,13.62,1
,,,,,,Office Supplies,1
,,,,,,13.63,1
,,,,,,Office Supplies,1
,,,,,,13.64,1
,,,,,,Office Supplies,1
,,,,,,13.65,2
,,,,,,Office Supplies,2
,,,,,,13.66,1
,,,,,,Technology,1
,,,,,,13.67,1
,,,,,,Office Supplies,1
,,,,,,13.68,1
,,,,,,Office Supplies,1
,,,,,,13.69,1
,,,,,,Office Supplies,1
,,,,,,13.7,1
,,,,,,Office Supplies,1
,,,,,,13.71,1
,,,,,,Office Supplies,1
,,,,,,13.75,1
,,,,,,Technology,1
,,,,,,13.78,1
,,,,,,Office Supplies,1
,,,,,,13.8,4
,,,,,,Office Supplies,4
,,,,,,13.81,2
,,,,,,Office Supplies,1
,,,,,,Technology,1
,,,,,,13.83,1
,,,,,,Office Supplies,1
,,,,,,13.84,1
,,,,,,Office Supplies,1
,,,,,,13.85,1
,,,,,,Office Supplies,1
,,,,,,13.87,2
,,,,,,Office Supplies,2
,,,,,,13.88,1
,,,,,,Office Supplies,1
,,,,,,13.9,1
,,,,,,Office Supplies,1
,,,,,,13.91,1
,,,,,,Furniture,1
,,,,,,13.94,1
,,,,,,Furniture,1
,,,,,,13.96,1
,,,,,,Office Supplies,1
,,,,,,13.97,1
,,,,,,Office Supplies,1
,,,,,,13.98,1
,,,,,,Office Supplies,1
,,,,,,14,2
,,,,,,Office Supplies,2
,,,,,,14.01,1
,,,,,,Furniture,1
,,,,,,14.03,1
,,,,,,Furniture,1
,,,,,,14.05,1
,,,,,,Furniture,1
,,,,,,14.08,1
,,,,,,Furniture,1
,,,,,,14.11,1
,,,,,,Technology,1
,,,,,,14.14,2
,,,,,,Furniture,1
,,,,,,Office Supplies,1
,,,,,,14.15,2
,,,,,,Furniture,1
,,,,,,Office Supplies,1
,,,,,,14.17,1
,,,,,,Furniture,1
,,,,,,14.19,2
,,,,,,Furniture,1
,,,,,,Office Supplies,1
,,,,,,14.2,1
,,,,,,Office Supplies,1
,,,,,,14.21,1
,,,,,,Office Supplies,1
,,,,,,14.22,1
,,,,,,Office Supplies,1
,,,,,,14.23,2
,,,,,,Office Supplies,2
,,,,,,14.25,1
,,,,,,Office Supplies,1
,,,,,,14.28,1
,,,,,,Office Supplies,1
,,,,,,14.29,2
,,,,,,Furniture,1
,,,,,,Office Supplies,1
,,,,,,14.31,1
,,,,,,Office Supplies,1
,,,,,,14.32,1
,,,,,,Office Supplies,1
,,,,,,14.33,1
,,,,,,Office Supplies,1
,,,,,,14.35,1
,,,,,,Office Supplies,1
,,,,,,14.37,1
,,,,,,Office Supplies,1
,,,,,,14.38,1
,,,,,,Office Supplies,1
,,,,,,14.4,1
,,,,,,Office Supplies,1
,,,,,,14.41,2
,,,,,,Office Supplies,2
,,,,,,14.42,1
,,,,,,Office Supplies,1
,,,,,,14.43,1
,,,,,,Office Supplies,1
,,,,,,14.44,1
,,,,,,Office Supplies,1
,,,,,,14.45,2
,,,,,,Furniture,1
,,,,,,Office Supplies,1
,,,,,,14.46,2
,,,,,,Office Supplies,2
,,,,,,14.47,1
,,,,,,Office Supplies,1
,,,,,,14.48,1
,,,,,,Technology,1
,,,,,,14.5,3
,,,,,,Office Supplies,3
,,,,,,14.52,1
,,,,,,Office Supplies,1
,,,,,,14.53,1
,,,,,,Office Supplies,1
,,,,,,14.55,1
,,,,,,Technology,1
,,,,,,14.56,2
,,,,,,Office Supplies,2
,,,,,,14.6,1
,,,,,,Office Supplies,1
,,,,,,14.61,2
,,,,,,Office Supplies,2
,,,,,,14.62,3
,,,,,,Office Supplies,3
,,,,,,14.63,2
,,,,,,Office Supplies,2
,,,,,,14.64,3
,,,,,,Office Supplies,3
,,,,,,14.67,1
,,,,,,Technology,1
,,,,,,14.68,1
,,,,,,Office Supplies,1
,,,,,,14.69,1
,,,,,,Office Supplies,1
,,,,,,14.71,1
,,,,,,Office Supplies,1
,,,,,,14.72,1
,,,,,,Furniture,1
,,,,,,14.73,2
,,,,,,Office Supplies,2
,,,,,,14.74,2
,,,,,,Office Supplies,2
,,,,,,14.75,1
,,,,,,Office Supplies,1
,,,,,,14.76,1
,,,,,,Office Supplies,1
,,,,,,14.77,1
,,,,,,Office Supplies,1
,,,,,,14.8,2
,,,,,,Office Supplies,2
,,,,,,14.81,3
,,,,,,Office Supplies,3
,,,,,,14.82,1
,,,,,,Office Supplies,1
,,,,,,14.83,1
,,,,,,Office Supplies,1
,,,,,,14.84,1
,,,,,,Office Supplies,1
,,,,,,14.86,1
,,,,,,Office Supplies,1
,,,,,,14.87,2
,,,,,,Office Supplies,2
,,,,,,14.88,2
,,,,,,Office Supplies,2
,,,,,,14.89,1
,,,,,,Furniture,1
,,,,,,14.91,1
,,,,,,Technology,1
,,,,,,14.93,2
,,,,,,Office Supplies,2
,,,,,,14.94,2
,,,,,,Furniture,1
,,,,,,Office Supplies,1
,,,,,,14.95,2
,,,,,,Office Supplies,2
,,,,,,14.98,1
,,,,,,Office Supplies,1
,,,,,,14.99,2
,,,,,,Furniture,1
,,,,,,Office Supplies,1
,,,,,,15,2
,,,,,,Office Supplies,1
,,,,,,Technology,1
,,,,,,15.01,1
,,,,,,Technology,1
,,,,,,15.02,1
,,,,,,Office Supplies,1
,,,,,,15.03,1
,,,,,,Furniture,1
,,,,,,15.04,1
,,,,,,Office Supplies,1
,,,,,,15.05,1
,,,,,,Office Supplies,1
,,,,,,15.07,1
,,,,,,Office Supplies,1
,,,,,,15.1,1
,,,,,,Office Supplies,1
,,,,,,15.11,2
,,,,,,Furniture,1
,,,,,,Office Supplies,1
,,,,,,15.16,4
,,,,,,Office Supplies,2
,,,,,,Technology,2
,,,,,,15.17,2
,,,,,,Furniture,1
,,,,,,Office Supplies,1
,,,,,,15.23,1
,,,,,,Office Supplies,1
,,,,,,15.27,2
,,,,,,Furniture,1
,,,,,,Office Supplies,1
,,,,,,15.28,1
,,,,,,Office Supplies,1
,,,,,,15.3,1
,,,,,,Office Supplies,1
,,,,,,15.35,2
,,,,,,Office Supplies,2
,,,,,,15.36,2
,,,,,,Technology,2
,,,,,,15.38,2
,,,,,,Office Supplies,2
,,,,,,15.39,1
,,,,,,Office Supplies,1
,,,,,,15.43,1
,,,,,,Office Supplies,1
,,,,,,15.44,3
,,,,,,Furniture,2
,,,,,,Office Supplies,1
,,,,,,15.45,1
,,,,,,Office Supplies,1
,,,,,,15.46,1
,,,,,,Office Supplies,1
,,,,,,15.49,2
,,,,,,Furniture,1
,,,,,,Office Supplies,1
,,,,,,15.5,1
,,,,,,Office Supplies,1
,,,,,,15.51,1
,,,,,,Office Supplies,1
,,,,,,15.57,1
,,,,,,Office Supplies,1
,,,,,,15.6,3
,,,,,,Office Supplies,2
,,,,,,Technology,1
,,,,,,15.61,1
,,,,,,Furniture,1
,,,,,,15.62,1
,,,,,,Technology,1
,,,,,,15.63,2
,,,,,,Furniture,1
,,,,,,Office Supplies,1
,,,,,,15.64,1
,,,,,,Office Supplies,1
,,,,,,15.67,1
,,,,,,Furniture,1
,,,,,,15.68,2
,,,,,,Office Supplies,2
,,,,,,15.71,1
,,,,,,Office Supplies,1
,,,,,,15.72,1
,,,,,,Office Supplies,1
,,,,,,15.73,1
,,,,,,Furniture,1
,,,,,,15.74,1
,,,,,,Office Supplies,1
,,,,,,15.75,1
,,,,,,Technology,1
,,,,,,15.77,1
,,,,,,Office Supplies,1
,,,,,,15.8,1
,,,,,,Office Supplies,1
,,,,,,15.81,3
,,,,,,Office Supplies,3
,,,,,,15.82,1
,,,,,,Office Supplies,1
,,,,,,15.83,2
,,,,,,Office Supplies,2
,,,,,,15.91,2
,,,,,,Furniture,1
,,,,,,Office Supplies,1
,,,,,,15.94,1
,,,,,,Furniture,1
,,,,,,15.96,1
,,,,,,Office Supplies,1
,,,,,,15.97,3
,,,,,,Office Supplies,3
,,,,,,15.99,1
,,,,,,Furniture,1
,,,,,,16,2
,,,,,,Office Supplies,2
,,,,,,16.01,2
,,,,,,Furniture,1
,,,,,,Office Supplies,1
,,,,,,16.02,1
,,,,,,Technology,1
,,,,,,16.03,1
,,,,,,Office Supplies,1
,,,,,,16.04,1
,,,,,,Office Supplies,1
,,,,,,16.06,2
,,,,,,Office Supplies,1
,,,,,,Technology,1
,,,,,,16.07,1
,,,,,,Office Supplies,1
,,,,,,16.09,2
,,,,,,Furniture,1
,,,,,,Office Supplies,1
,,,,,,16.1,1
,,,,,,Furniture,1
,,,,,,16.11,1
,,,,,,Office Supplies,1
,,,,,,16.12,1
,,,,,,Office Supplies,1
,,,,,,16.13,2
,,,,,,Office Supplies,2
,,,,,,16.15,4
,,,,,,Office Supplies,4
,,,,,,16.17,1
,,,,,,Office Supplies,1
,,,,,,16.2,1
,,,,,,Office Supplies,1
,,,,,,16.23,1
,,,,,,Office Supplies,1
,,,,,,16.25,1
,,,,,,Furniture,1
,,,,,,16.3,1
,,,,,,Office Supplies,1
,,,,,,16.32,1
,,,,,,Furniture,1
,,,,,,16.33,1
,,,,,,Office Supplies,1
,,,,,,16.35,1
,,,,,,Office Supplies,1
,,,,,,16.36,1
,,,,,,Furniture,1
,,,,,,16.37,2
,,,,,,Office Supplies,2
,,,,,,16.39,2
,,,,,,Office Supplies,1
,,,,,,Technology,1
,,,,,,16.4,3
,,,,,,Office Supplies,2
,,,,,,Technology,1
,,,,,,16.44,1
,,,,,,Office Supplies,1
,,,,,,16.45,5
,,,,,,Furniture,1
,,,,,,Office Supplies,4
,,,,,,16.46,1
,,,,,,Furniture,1
,,,,,,16.49,2
,,,,,,Office Supplies,2
,,,,,,16.5,2
,,,,,,Furniture,1
,,,,,,Office Supplies,1
,,,,,,16.51,2
,,,,,,Office Supplies,2
,,,,,,16.52,2
,,,,,,Office Supplies,2
,,,,,,16.56,1
,,,,,,Office Supplies,1
,,,,,,16.57,1
,,,,,,Office Supplies,1
,,,,,,16.6,2
,,,,,,Office Supplies,2
,,,,,,16.63,1
,,,,,,Office Supplies,1
,,,,,,16.64,1
,,,,,,Furniture,1
,,,,,,16.65,1
,,,,,,Office Supplies,1
,,,,,,16.68,1
,,,,,,Office Supplies,1
,,,,,,16.71,1
,,,,,,Office Supplies,1
,,,,,,16.72,3
,,,,,,Furniture,1
,,,,,,Office Supplies,2
,,,,,,16.73,2
,,,,,,Office Supplies,2
,,,,,,16.75,1
,,,,,,Office Supplies,1
,,,,,,16.76,1
,,,,,,Office Supplies,1
,,,,,,16.78,1
,,,,,,Office Supplies,1
,,,,,,16.8,1
,,,,,,Office Supplies,1
,,,,,,16.82,1
,,,,,,Furniture,1
,,,,,,16.84,2
,,,,,,Office Supplies,2
,,,,,,16.85,1
,,,,,,Office Supplies,1
,,,,,,16.87,2
,,,,,,Furniture,1
,,,,,,Office Supplies,1
,,,,,,16.88,2
,,,,,,Office Supplies,2
,,,,,,16.9,1
,,,,,,Office Supplies,1
,,,,,,16.91,2
,,,,,,Office Supplies,2
,,,,,,16.92,2
,,,,,,Furniture,1
,,,,,,Office Supplies,1
,,,,,,16.93,1
,,,,,,Office Supplies,1
,,,,,,16.94,2
,,,,,,Office Supplies,2
,,,,,,17.02,1
,,,,,,Office Supplies,1
,,,,,,17.03,1
,,,,,,Furniture,1
,,,,,,17.05,1
,,,,,,Office Supplies,1
,,,,,,17.06,2
,,,,,,Office Supplies,2
,,,,,,17.07,1
,,,,,,Furniture,1
,,,,,,17.08,1
,,,,,,Office Supplies,1
,,,,,,17.09,1
,,,,,,Furniture,1
,,,,,,17.1,1
,,,,,,Office Supplies,1
,,,,,,17.15,1
,,,,,,Office Supplies,1
,,,,,,17.16,2
,,,,,,Office Supplies,2
,,,,,,17.17,1
,,,,,,Furniture,1
,,,,,,17.18,1
,,,,,,Office Supplies,1
,,,,,,17.19,1
,,,,,,Office Supplies,1
,,,,,,17.2,2
,,,,,,Office Supplies,2
,,,,,,17.22,1
,,,,,,Office Supplies,1
,,,,,,17.23,1
,,,,,,Furniture,1
,,,,,,17.24,1
,,,,,,Office Supplies,1
,,,,,,17.25,3
,,,,,,Office Supplies,3
,,,,,,17.28,1
,,,,,,Office Supplies,1
,,,,,,17.29,2
,,,,,,Office Supplies,2
,,,,,,17.35,1
,,,,,,Furniture,1
,,,,,,17.36,1
,,,,,,Office Supplies,1
,,,,,,17.37,2
,,,,,,Furniture,1
,,,,,,Office Supplies,1
,,,,,,17.38,2
,,,,,,Office Supplies,2
,,,,,,17.39,1
,,,,,,Office Supplies,1
,,,,,,17.41,1
,,,,,,Office Supplies,1
,,,,,,17.44,1
,,,,,,Office Supplies,1
,,,,,,17.46,3
,,,,,,Office Supplies,3
,,,,,,17.47,1
,,,,,,Office Supplies,1
,,,,,,17.48,1
,,,,,,Office Supplies,1
,,,,,,17.49,2
,,,,,,Office Supplies,2
,,,,,,17.5,2
,,,,,,Office Supplies,2
,,,,,,17.53,2
,,,,,,Office Supplies,2
,,,,,,17.54,1
,,,,,,Office Supplies,1
,,,,,,17.55,1
,,,,,,Office Supplies,1
,,,,,,17.59,1
,,,,,,Furniture,1
,,,,,,17.61,3
,,,,,,Furniture,1
,,,,,,Office Supplies,1
,,,,,,Technology,1
,,,,,,17.63,2
,,,,,,Office Supplies,2
,,,,,,17.64,2
,,,,,,Office Supplies,2
,,,,,,17.65,2
,,,,,,Office Supplies,2
,,,,,,17.68,2
,,,,,,Furniture,1
,,,,,,Office Supplies,1
,,,,,,17.69,1
,,,,,,Office Supplies,1
,,,,,,17.7,4
,,,,,,Office Supplies,4
,,,,,,17.73,3
,,,,,,Furniture,1
,,,,,,Office Supplies,2
,,,,,,17.74,2
,,,,,,Office Supplies,1
,,,,,,Technology,1
,,,,,,17.76,2
,,,,,,Office Supplies,2
,,,,,,17.77,2
,,,,,,Office Supplies,2
,,,,,,17.82,1
,,,,,,Office Supplies,1
,,,,,,17.84,3
,,,,,,Furniture,1
,,,,,,Office Supplies,2
,,,,,,17.85,1
,,,,,,Technology,1
,,,,,,17.87,1
,,,,,,Office Supplies,1
,,,,,,17.89,3
,,,,,,Office Supplies,3
,,,,,,17.9,1
,,,,,,Office Supplies,1
,,,,,,17.91,1
,,,,,,Office Supplies,1
,,,,,,17.92,2
,,,,,,Office Supplies,2
,,,,,,17.93,1
,,,,,,Office Supplies,1
,,,,,,17.94,2
,,,,,,Office Supplies,2
,,,,,,17.95,1
,,,,,,Office Supplies,1
,,,,,,17.97,2
,,,,,,Office Supplies,2
,,,,,,17.99,1
,,,,,,Office Supplies,1
,,,,,,18.01,1
,,,,,,Office Supplies,1
,,,,,,18.03,2
,,,,,,Technology,2
,,,,,,18.08,1
,,,,,,Office Supplies,1
,,,,,,18.09,1
,,,,,,Furniture,1
,,,,,,18.11,1
,,,,,,Office Supplies,1
,,,,,,18.19,1
,,,,,,Office Supplies,1
,,,,,,18.2,2
,,,,,,Office Supplies,1
,,,,,,Technology,1
,,,,,,18.22,4
,,,,,,Furniture,1
,,,,,,Office Supplies,3
,,,,,,18.23,1
,,,,,,Furniture,1
,,,,,,18.24,1
,,,,,,Office Supplies,1
,,,,,,18.27,1
,,,,,,Office Supplies,1
,,,,,,18.28,1
,,,,,,Furniture,1
,,,,,,18.33,1
,,,,,,Technology,1
,,,,,,18.36,1
,,,,,,Office Supplies,1
,,,,,,18.38,2
,,,,,,Office Supplies,2
,,,,,,18.39,1
,,,,,,Office Supplies,1
,,,,,,18.4,2
,,,,,,Office Supplies,2
,,,,,,18.42,1
,,,,,,Furniture,1
,,,,,,18.44,1
,,,,,,Office Supplies,1
,,,,,,18.47,2
,,,,,,Office Supplies,1
,,,,,,Technology,1
,,,,,,18.48,1
,,,,,,Office Supplies,1
,,,,,,18.52,1
,,,,,,Furniture,1
,,,,,,18.53,1
,,,,,,Office Supplies,1
,,,,,,18.55,1
,,,,,,Office Supplies,1
,,,,,,18.57,3
,,,,,,Furniture,1
,,,,,,Office Supplies,1
,,,,,,Technology,1
,,,,,,18.6,3
,,,,,,Furniture,2
,,,,,,Office Supplies,1
,,,,,,18.61,1
,,,,,,Office Supplies,1
,,,,,,18.63,2
,,,,,,Office Supplies,2
,,,,,,18.65,2
,,,,,,Office Supplies,2
,,,,,,18.68,4
,,,,,,Furniture,2
,,,,,,Office Supplies,2
,,,,,,18.7,2
,,,,,,Office Supplies,1
,,,,,,Technology,1
,,,,,,18.72,1
,,,,,,Technology,1
,,,,,,18.78,1
,,,,,,Office Supplies,1
,,,,,,18.82,2
,,,,,,Office Supplies,1
,,,,,,Technology,1
,,,,,,18.83,1
,,,,,,Office Supplies,1
,,,,,,18.85,1
,,,,,,Office Supplies,1
,,,,,,18.86,1
,,,,,,Office Supplies,1
,,,,,,18.88,2
,,,,,,Furniture,1
,,,,,,Technology,1
,,,,,,18.91,4
,,,,,,Office Supplies,4
,,,,,,18.94,2
,,,,,,Office Supplies,1
,,,,,,Technology,1
,,,,,,18.97,3
,,,,,,Office Supplies,3
,,,,,,18.98,1
,,,,,,Office Supplies,1
,,,,,,18.99,4
,,,,,,Furniture,1
,,,,,,Office Supplies,3
,,,,,,19,2
,,,,,,Office Supplies,2
,,,,,,19.01,1
,,,,,,Furniture,1
,,,,,,19.05,1
,,,,,,Office Supplies,1
,,,,,,19.06,1
,,,,,,Office Supplies,1
,,,,,,19.08,1
,,,,,,Office Supplies,1
,,,,,,19.09,2
,,,,,,Furniture,1
,,,,,,Office Supplies,1
,,,,,,19.1,1
,,,,,,Office Supplies,1
,,,,,,19.11,2
,,,,,,Office Supplies,1
,,,,,,Technology,1
,,,,,,19.14,3
,,,,,,Office Supplies,3
,,,,,,19.15,1
,,,,,,Office Supplies,1
,,,,,,19.16,2
,,,,,,Furniture,1
,,,,,,Office Supplies,1
,,,,,,19.17,2
,,,,,,Office Supplies,1
,,,,,,Technology,1
,,,,,,19.21,1
,,,,,,Technology,1
,,,,,,19.23,1
,,,,,,Office Supplies,1
,,,,,,19.29,1
,,,,,,Office Supplies,1
,,,,,,19.3,1
,,,,,,Office Supplies,1
,,,,,,19.32,6
,,,,,,Office Supplies,4
,,,,,,Technology,2
,,,,,,19.34,2
,,,,,,Furniture,1
,,,,,,Office Supplies,1
,,,,,,19.35,1
,,,,,,Office Supplies,1
,,,,,,19.36,2
,,,,,,Office Supplies,2
,,,,,,19.37,1
,,,,,,Office Supplies,1
,,,,,,19.38,1
,,,,,,Office Supplies,1
,,,,,,19.4,1
,,,,,,Office Supplies,1
,,,,,,19.41,1
,,,,,,Office Supplies,1
,,,,,,19.44,1
,,,,,,Office Supplies,1
,,,,,,19.45,2
,,,,,,Office Supplies,2
,,,,,,19.46,1
,,,,,,Office Supplies,1
,,,,,,19.5,1
,,,,,,Furniture,1
,,,,,,19.51,2
,,,,,,Furniture,1
,,,,,,Office Supplies,1
,,,,,,19.53,1
,,,,,,Office Supplies,1
,,,,,,19.54,1
,,,,,,Technology,1
,,,,,,19.55,1
,,,,,,Furniture,1
,,,,,,19.58,2
,,,,,,Office Supplies,2
,,,,,,19.59,2
,,,,,,Office Supplies,2
,,,,,,19.6,2
,,,,,,Office Supplies,2
,,,,,,19.65,1
,,,,,,Office Supplies,1
,,,,,,19.69,1
,,,,,,Office Supplies,1
,,,,,,19.72,1
,,,,,,Office Supplies,1
,,,,,,19.73,1
,,,,,,Office Supplies,1
,,,,,,19.74,2
,,,,,,Office Supplies,2
,,,,,,19.78,1
,,,,,,Office Supplies,1
,,,,,,19.79,3
,,,,,,Office Supplies,2
,,,,,,Technology,1
,,,,,,19.81,1
,,,,,,Office Supplies,1
,,,,,,19.82,2
,,,,,,Office Supplies,2
,,,,,,19.85,1
,,,,,,Office Supplies,1
,,,,,,19.89,1
,,,,,,Office Supplies,1
,,,,,,19.94,1
,,,,,,Office Supplies,1
,,,,,,19.95,1
,,,,,,Office Supplies,1
,,,,,,19.96,1
,,,,,,Office Supplies,1
,,,,,,19.97,2
,,,,,,Office Supplies,2
,,,,,,19.98,1
,,,,,,Furniture,1
,,,,,,19.99,1
,,,,,,Office Supplies,1
,,,,,,20,1
,,,,,,Office Supplies,1
,,,,,,20.01,2
,,,,,,Office Supplies,2
,,,,,,20.02,1
,,,,,,Office Supplies,1
,,,,,,20.03,3
,,,,,,Furniture,1
,,,,,,Office Supplies,2
,,,,,,20.06,1
,,,,,,Office Supplies,1
,,,,,,20.09,3
,,,,,,Office Supplies,3
,,,,,,20.11,1
,,,,,,Office Supplies,1
,,,,,,20.14,1
,,,,,,Office Supplies,1
,,,,,,20.16,4
,,,,,,Furniture,1
,,,,,,Office Supplies,3
,,,,,,20.19,2
,,,,,,Furniture,1
,,,,,,Office Supplies,1
,,,,,,20.21,1
,,,,,,Office Supplies,1
,,,,,,20.22,1
,,,,,,Office Supplies,1
,,,,,,20.25,2
,,,,,,Office Supplies,2
,,,,,,20.27,1
,,,,,,Office Supplies,1
,,,,,,20.31,2
,,,,,,Office Supplies,2
,,,,,,20.32,1
,,,,,,Office Supplies,1
,,,,,,20.33,1
,,,,,,Office Supplies,1
,,,,,,20.35,2
,,,,,,Furniture,1
,,,,,,Office Supplies,1
,,,,,,20.37,1
,,,,,,Office Supplies,1
,,,,,,20.39,5
,,,,,,Office Supplies,4
,,,,,,Technology,1
,,,,,,20.41,3
,,,,,,Furniture,1
,,,,,,Office Supplies,2
,,,,,,20.44,1
,,,,,,Office Supplies,1
,,,,,,20.45,1
,,,,,,Furniture,1
,,,,,,20.48,1
,,,,,,Office Supplies,1
,,,,,,20.51,1
,,,,,,Furniture,1
,,,,,,20.52,2
,,,,,,Furniture,1
,,,,,,Office Supplies,1
,,,,,,20.53,1
,,,,,,Technology,1
,,,,,,20.54,2
,,,,,,Office Supplies,2
,,,,,,20.57,1
,,,,,,Office Supplies,1
,,,,,,20.58,1
,,,,,,Office Supplies,1
,,,,,,20.6,4
,,,,,,Furniture,2
,,,,,,Technology,2
,,,,,,20.65,1
,,,,,,Furniture,1
,,,,,,20.66,1
,,,,,,Furniture,1
,,,,,,20.68,1
,,,,,,Office Supplies,1
,,,,,,20.69,1
,,,,,,Office Supplies,1
,,,,,,20.75,1
,,,,,,Office Supplies,1
,,,,,,20.76,1
,,,,,,Furniture,1
,,,,,,20.77,1
,,,,,,Office Supplies,1
,,,,,,20.78,1
,,,,,,Office Supplies,1
,,,,,,20.81,1
,,,,,,Furniture,1
,,,,,,20.83,1
,,,,,,Office Supplies,1
,,,,,,20.84,1
,,,,,,Furniture,1
,,,,,,20.87,3
,,,,,,Office Supplies,3
,,,,,,20.88,2
,,,,,,Furniture,1
,,,,,,Office Supplies,1
,,,,,,20.89,2
,,,,,,Office Supplies,2
,,,,,,20.91,2
,,,,,,Office Supplies,2
,,,,,,20.93,1
,,,,,,Office Supplies,1
,,,,,,20.94,1
,,,,,,Office Supplies,1
,,,,,,20.96,3
,,,,,,Furniture,2
,,,,,,Office Supplies,1
,,,,,,20.97,1
,,,,,,Furniture,1
,,,,,,20.98,1
,,,,,,Office Supplies,1
,,,,,,20.99,2
,,,,,,Office Supplies,2
,,,,,,21,1
,,,,,,Furniture,1
,,,,,,21.01,1
,,,,,,Office Supplies,1
,,,,,,21.05,1
,,,,,,Furniture,1
,,,,,,21.09,1
,,,,,,Office Supplies,1
,,,,,,21.11,1
,,,,,,Furniture,1
,,,,,,21.14,1
,,,,,,Furniture,1
,,,,,,21.15,2
,,,,,,Furniture,1
,,,,,,Office Supplies,1
,,,,,,21.17,1
,,,,,,Office Supplies,1
,,,,,,21.18,2
,,,,,,Office Supplies,2
,,,,,,21.21,1
,,,,,,Furniture,1
,,,,,,21.23,1
,,,,,,Office Supplies,1
,,,,,,21.26,3
,,,,,,Office Supplies,3
,,,,,,21.27,1
,,,,,,Office Supplies,1
,,,,,,21.29,1
,,,,,,Office Supplies,1
,,,,,,21.3,1
,,,,,,Office Supplies,1
,,,,,,21.31,1
,,,,,,Office Supplies,1
,,,,,,21.34,2
,,,,,,Office Supplies,1
,,,,,,Technology,1
,,,,,,21.36,2
,,,,,,Office Supplies,2
,,,,,,21.41,2
,,,,,,Office Supplies,2
,,,,,,21.42,1
,,,,,,Office Supplies,1
,,,,,,21.44,1
,,,,,,Office Supplies,1
,,,,,,21.46,1
,,,,,,Office Supplies,1
,,,,,,21.53,1
,,,,,,Office Supplies,1
,,,,,,21.54,1
,,,,,,Office Supplies,1
,,,,,,21.57,3
,,,,,,Office Supplies,2
,,,,,,Technology,1
,,,,,,21.59,2
,,,,,,Office Supplies,2
,,,,,,21.6,1
,,,,,,Technology,1
,,,,,,21.61,1
,,,,,,Furniture,1
,,,,,,21.62,1
,,,,,,Furniture,1
,,,,,,21.63,1
,,,,,,Technology,1
,,,,,,21.64,1
,,,,,,Office Supplies,1
,,,,,,21.65,3
,,,,,,Furniture,2
,,,,,,Technology,1
,,,,,,21.67,1
,,,,,,Furniture,1
,,,,,,21.72,1
,,,,,,Technology,1
,,,,,,21.75,1
,,,,,,Office Supplies,1
,,,,,,21.78,2
,,,,,,Office Supplies,2
,,,,,,21.79,1
,,,,,,Office Supplies,1
,,,,,,21.8,1
,,,,,,Office Supplies,1
,,,,,,21.81,1
,,,,,,Furniture,1
,,,,,,21.82,1
,,,,,,Office Supplies,1
,,,,,,21.85,1
,,,,,,Office Supplies,1
,,,,,,21.86,2
,,,,,,Furniture,1
,,,,,,Office Supplies,1
,,,,,,21.89,1
,,,,,,Office Supplies,1
,,,,,,21.92,2
,,,,,,Office Supplies,2
,,,,,,21.93,1
,,,,,,Office Supplies,1
,,,,,,21.96,1
,,,,,,Furniture,1
,,,,,,21.99,1
,,,,,,Office Supplies,1
,,,,,,22.02,4
,,,,,,Furniture,1
,,,,,,Office Supplies,3
,,,,,,22.03,1
,,,,,,Office Supplies,1
,,,,,,22.04,1
,,,,,,Technology,1
,,,,,,22.07,1
,,,,,,Office Supplies,1
,,,,,,22.09,1
,,,,,,Office Supplies,1
,,,,,,22.11,2
,,,,,,Office Supplies,2
,,,,,,22.12,1
,,,,,,Office Supplies,1
,,,,,,22.17,1
,,,,,,Office Supplies,1
,,,,,,22.18,2
,,,,,,Furniture,1
,,,,,,Technology,1
,,,,,,22.19,1
,,,,,,Office Supplies,1
,,,,,,22.22,1
,,,,,,Furniture,1
,,,,,,22.23,1
,,,,,,Office Supplies,1
,,,,,,22.24,1
,,,,,,Office Supplies,1
,,,,,,22.28,1
,,,,,,Office Supplies,1
,,,,,,22.29,1
,,,,,,Office Supplies,1
,,,,,,22.3,1
,,,,,,Furniture,1
,,,,,,22.31,3
,,,,,,Furniture,1
,,,,,,Office Supplies,2
,,,,,,22.32,1
,,,,,,Office Supplies,1
,,,,,,22.37,1
,,,,,,Technology,1
,,,,,,22.38,1
,,,,,,Office Supplies,1
,,,,,,22.39,1
,,,,,,Technology,1
,,,,,,22.41,2
,,,,,,Office Supplies,2
,,,,,,22.42,1
,,,,,,Furniture,1
,,,,,,22.45,2
,,,,,,Office Supplies,1
,,,,,,Technology,1
,,,,,,22.46,1
,,,,,,Office Supplies,1
,,,,,,22.47,1
,,,,,,Office Supplies,1
,,,,,,22.48,2
,,,,,,Office Supplies,2
,,,,,,22.49,2
,,,,,,Furniture,1
,,,,,,Office Supplies,1
,,,,,,22.5,2
,,,,,,Office Supplies,2
,,,,,,22.54,1
,,,,,,Office Supplies,1
,,,,,,22.55,1
,,,,,,Furniture,1
,,,,,,22.59,1
,,,,,,Office Supplies,1
,,,,,,22.62,2
,,,,,,Office Supplies,2
,,,,,,22.65,1
,,,,,,Office Supplies,1
,,,,,,22.66,1
,,,,,,Technology,1
,,,,,,22.69,1
,,,,,,Office Supplies,1
,,,,,,22.72,1
,,,,,,Office Supplies,1
,,,,,,22.73,2
,,,,,,Furniture,1
,,,,,,Office Supplies,1
,,,,,,22.75,1
,,,,,,Office Supplies,1
,,,,,,22.76,1
,,,,,,Office Supplies,1
,,,,,,22.79,1
,,,,,,Office Supplies,1
,,,,,,22.82,1
,,,,,,Technology,1
,,,,,,22.83,1
,,,,,,Office Supplies,1
,,,,,,22.87,1
,,,,,,Furniture,1
,,,,,,22.88,3
,,,,,,Office Supplies,3
,,,,,,22.89,1
,,,,,,Office Supplies,1
,,,,,,22.9,2
,,,,,,Office Supplies,2
,,,,,,22.91,2
,,,,,,Furniture,1
,,,,,,Office Supplies,1
,,,,,,22.92,1
,,,,,,Office Supplies,1
,,,,,,22.93,1
,,,,,,Office Supplies,1
,,,,,,22.94,1
,,,,,,Furniture,1
,,,,,,22.95,1
,,,,,,Office Supplies,1
,,,,,,22.96,1
,,,,,,Office Supplies,1
,,,,,,23.04,2
,,,,,,Office Supplies,2
,,,,,,23.05,1
,,,,,,Office Supplies,1
,,,,,,23.07,2
,,,,,,Furniture,1
,,,,,,Office Supplies,1
,,,,,,23.1,1
,,,,,,Office Supplies,1
,,,,,,23.11,1
,,,,,,Furniture,1
,,,,,,23.12,1
,,,,,,Office Supplies,1
,,,,,,23.15,1
,,,,,,Furniture,1
,,,,,,23.17,3
,,,,,,Office Supplies,3
,,,,,,23.19,1
,,,,,,Office Supplies,1
,,,,,,23.2,1
,,,,,,Office Supplies,1
,,,,,,23.22,2
,,,,,,Office Supplies,1
,,,,,,Technology,1
,,,,,,23.26,1
,,,,,,Office Supplies,1
,,,,,,23.3,2
,,,,,,Office Supplies,2
,,,,,,23.31,1
,,,,,,Office Supplies,1
,,,,,,23.32,1
,,,,,,Technology,1
,,,,,,23.33,1
,,,,,,Furniture,1
,,,,,,23.34,1
,,,,,,Furniture,1
,,,,,,23.35,1
,,,,,,Technology,1
,,,,,,23.37,1
,,,,,,Office Supplies,1
,,,,,,23.4,2
,,,,,,Office Supplies,1
,,,,,,Technology,1
,,,,,,23.42,1
,,,,,,Office Supplies,1
,,,,,,23.43,2
,,,,,,Office Supplies,2
,,,,,,23.44,1
,,,,,,Office Supplies,1
,,,,,,23.45,1
,,,,,,Technology,1
,,,,,,23.51,3
,,,,,,Office Supplies,2
,,,,,,Technology,1
,,,,,,23.52,1
,,,,,,Furniture,1
,,,,,,23.61,2
,,,,,,Furniture,1
,,,,,,Office Supplies,1
,,,,,,23.63,1
,,,,,,Office Supplies,1
,,,,,,23.64,1
,,,,,,Technology,1
,,,,,,23.66,1
,,,,,,Office Supplies,1
,,,,,,23.68,1
,,,,,,Technology,1
,,,,,,23.69,2
,,,,,,Furniture,2
,,,,,,23.72,1
,,,,,,Furniture,1
,,,,,,23.75,1
,,,,,,Technology,1
,,,,,,23.76,2
,,,,,,Office Supplies,2
,,,,,,23.77,1
,,,,,,Furniture,1
,,,,,,23.78,1
,,,,,,Office Supplies,1
,,,,,,23.79,2
,,,,,,Office Supplies,2
,,,,,,23.8,1
,,,,,,Office Supplies,1
,,,,,,23.81,1
,,,,,,Furniture,1
,,,,,,23.83,1
,,,,,,Office Supplies,1
,,,,,,23.87,1
,,,,,,Office Supplies,1
,,,,,,23.88,1
,,,,,,Office Supplies,1
,,,,,,23.89,2
,,,,,,Furniture,1
,,,,,,Office Supplies,1
,,,,,,23.91,2
,,,,,,Furniture,1
,,,,,,Office Supplies,1
,,,,,,23.92,2
,,,,,,Office Supplies,2
,,,,,,23.94,1
,,,,,,Office Supplies,1
,,,,,,23.96,2
,,,,,,Furniture,1
,,,,,,Office Supplies,1
,,,,,,23.97,2
,,,,,,Office Supplies,2
,,,,,,23.98,1
,,,,,,Office Supplies,1
,,,,,,24.03,1
,,,,,,Office Supplies,1
,,,,,,24.04,1
,,,,,,Office Supplies,1
,,,,,,24.05,1
,,,,,,Office Supplies,1
,,,,,,24.07,1
,,,,,,Furniture,1
,,,,,,24.1,1
,,,,,,Office Supplies,1
,,,,,,24.11,1
,,,,,,Office Supplies,1
,,,,,,24.12,1
,,,,,,Office Supplies,1
,,,,,,24.13,2
,,,,,,Furniture,1
,,,,,,Office Supplies,1
,,,,,,24.14,2
,,,,,,Office Supplies,2
,,,,,,24.15,2
,,,,,,Office Supplies,2
,,,,,,24.17,1
,,,,,,Technology,1
,,,,,,24.19,2
,,,,,,Office Supplies,2
,,,,,,24.2,1
,,,,,,Office Supplies,1
,,,,,,24.22,2
,,,,,,Office Supplies,2
,,,,,,24.24,1
,,,,,,Office Supplies,1
,,,,,,24.26,1
,,,,,,Office Supplies,1
,,,,,,24.27,1
,,,,,,Furniture,1
,,,,,,24.28,1
,,,,,,Furniture,1
,,,,,,24.3,1
,,,,,,Office Supplies,1
,,,,,,24.31,1
,,,,,,Office Supplies,1
,,,,,,24.32,1
,,,,,,Office Supplies,1
,,,,,,24.36,1
,,,,,,Furniture,1
,,,,,,24.38,2
,,,,,,Office Supplies,1
,,,,,,Technology,1
,,,,,,24.4,1
,,,,,,Office Supplies,1
,,,,,,24.42,2
,,,,,,Office Supplies,2
,,,,,,24.45,3
,,,,,,Office Supplies,3
,,,,,,24.48,1
,,,,,,Technology,1
,,,,,,24.5,2
,,,,,,Furniture,1
,,,,,,Office Supplies,1
,,,,,,24.56,1
,,,,,,Office Supplies,1
,,,,,,24.59,1
,,,,,,Office Supplies,1
,,,,,,24.63,4
,,,,,,Office Supplies,3
,,,,,,Technology,1
,,,,,,24.64,1
,,,,,,Furniture,1
,,,,,,24.66,2
,,,,,,Office Supplies,1
,,,,,,Technology,1
,,,,,,24.68,2
,,,,,,Office Supplies,2
,,,,,,24.69,1
,,,,,,Office Supplies,1
,,,,,,24.75,1
,,,,,,Office Supplies,1
,,,,,,24.78,2
,,,,,,Office Supplies,2
,,,,,,24.84,1
,,,,,,Office Supplies,1
,,,,,,24.85,1
,,,,,,Office Supplies,1
,,,,,,24.88,2
,,,,,,Office Supplies,2
,,,,,,24.9,1
,,,,,,Furniture,1
,,,,,,24.93,2
,,,,,,Office Supplies,2
,,,,,,24.97,2
,,,,,,Furniture,1
,,,,,,Office Supplies,1
,,,,,,25,1
,,,,,,Office Supplies,1
,,,,,,25.03,3
,,,,,,Office Supplies,2
,,,,,,Technology,1
,,,,,,25.06,2
,,,,,,Furniture,1
,,,,,,Office Supplies,1
,,,,,,25.08,1
,,,,,,Technology,1
,,,,,,25.09,1
,,,,,,Office Supplies,1
,,,,,,25.1,2
,,,,,,Office Supplies,2
,,,,,,25.12,1
,,,,,,Furniture,1
,,,,,,25.14,3
,,,,,,Furniture,2
,,,,,,Office Supplies,1
,,,,,,25.15,2
,,,,,,Furniture,1
,,,,,,Office Supplies,1
,,,,,,25.16,2
,,,,,,Furniture,1
,,,,,,Office Supplies,1
,,,,,,25.17,1
,,,,,,Furniture,1
,,,,,,25.19,3
,,,,,,Furniture,1
,,,,,,Office Supplies,2
,,,,,,25.2,1
,,,,,,Office Supplies,1
,,,,,,25.23,3
,,,,,,Office Supplies,3
,,,,,,25.24,1
,,,,,,Office Supplies,1
,,,,,,25.25,1
,,,,,,Office Supplies,1
,,,,,,25.26,1
,,,,,,Office Supplies,1
,,,,,,25.27,1
,,,,,,Office Supplies,1
,,,,,,25.29,1
,,,,,,Office Supplies,1
,,,,,,25.3,1
,,,,,,Technology,1
,,,,,,25.31,2
,,,,,,Office Supplies,2
,,,,,,25.33,1
,,,,,,Office Supplies,1
,,,,,,25.35,3
,,,,,,Furniture,1
,,,,,,Office Supplies,2
,,,,,,25.36,1
,,,,,,Furniture,1
,,,,,,25.37,1
,,,,,,Office Supplies,1
,,,,,,25.38,1
,,,,,,Office Supplies,1
,,,,,,25.39,1
,,,,,,Office Supplies,1
,,,,,,25.4,3
,,,,,,Office Supplies,3
,,,,,,25.41,2
,,,,,,Furniture,1
,,,,,,Office Supplies,1
,,,,,,25.42,1
,,,,,,Office Supplies,1
,,,,,,25.44,1
,,,,,,Office Supplies,1
,,,,,,25.45,1
,,,,,,Office Supplies,1
,,,,,,25.46,2
,,,,,,Office Supplies,2
,,,,,,25.47,2
,,,,,,Office Supplies,2
,,,,,,25.5,1
,,,,,,Office Supplies,1
,,,,,,25.51,1
,,,,,,Office Supplies,1
,,,,,,25.53,1
,,,,,,Office Supplies,1
,,,,,,25.55,1
,,,,,,Office Supplies,1
,,,,,,25.57,1
,,,,,,Office Supplies,1
,,,,,,25.59,1
,,,,,,Office Supplies,1
,,,,,,25.6,1
,,,,,,Office Supplies,1
,,,,,,25.62,2
,,,,,,Office Supplies,2
,,,,,,25.63,1
,,,,,,Technology,1
,,,,,,25.68,1
,,,,,,Office Supplies,1
,,,,,,25.69,1
,,,,,,Office Supplies,1
,,,,,,25.72,2
,,,,,,Furniture,1
,,,,,,Technology,1
,,,,,,25.73,1
,,,,,,Office Supplies,1
,,,,,,25.74,2
,,,,,,Office Supplies,2
,,,,,,25.76,1
,,,,,,Office Supplies,1
,,,,,,25.77,1
,,,,,,Office Supplies,1
,,,,,,25.78,2
,,,,,,Office Supplies,2
,,,,,,25.8,1
,,,,,,Office Supplies,1
,,,,,,25.81,2
,,,,,,Furniture,2
,,,,,,25.83,1
,,,,,,Technology,1
,,,,,,25.87,1
,,,,,,Office Supplies,1
,,,,,,25.88,1
,,,,,,Office Supplies,1
,,,,,,25.91,2
,,,,,,Furniture,1
,,,,,,Office Supplies,1
,,,,,,25.92,1
,,,,,,Office Supplies,1
,,,,,,25.94,1
,,,,,,Furniture,1
,,,,,,26.01,1
,,,,,,Office Supplies,1
,,,,,,26.03,1
,,,,,,Furniture,1
,,,,,,26.05,1
,,,,,,Office Supplies,1
,,,,,,26.07,1
,,,,,,Office Supplies,1
,,,,,,26.12,1
,,,,,,Office Supplies,1
,,,,,,26.14,2
,,,,,,Office Supplies,1
,,,,,,Technology,1
,,,,,,26.17,1
,,,,,,Office Supplies,1
,,,,,,26.2,1
,,,,,,Office Supplies,1
,,,,,,26.24,1
,,,,,,Technology,1
,,,,,,26.28,1
,,,,,,Technology,1
,,,,,,26.29,1
,,,,,,Office Supplies,1
,,,,,,26.3,2
,,,,,,Office Supplies,2
,,,,,,26.31,1
,,,,,,Technology,1
,,,,,,26.32,3
,,,,,,Furniture,1
,,,,,,Office Supplies,2
,,,,,,26.33,2
,,,,,,Office Supplies,1
,,,,,,Technology,1
,,,,,,26.35,2
,,,,,,Office Supplies,2
,,,,,,26.39,1
,,,,,,Office Supplies,1
,,,,,,26.41,1
,,,,,,Furniture,1
,,,,,,26.43,1
,,,,,,Office Supplies,1
,,,,,,26.45,1
,,,,,,Office Supplies,1
,,,,,,26.46,1
,,,,,,Office Supplies,1
,,,,,,26.48,2
,,,,,,Office Supplies,2
,,,,,,26.49,1
,,,,,,Office Supplies,1
,,,,,,26.51,1
,,,,,,Furniture,1
,,,,,,26.56,1
,,,,,,Office Supplies,1
,,,,,,26.59,1
,,,,,,Office Supplies,1
,,,,,,26.6,1
,,,,,,Office Supplies,1
,,,,,,26.63,1
,,,,,,Office Supplies,1
,,,,,,26.65,2
,,,,,,Furniture,1
,,,,,,Office Supplies,1
,,,,,,26.66,1
,,,,,,Technology,1
,,,,,,26.67,1
,,,,,,Furniture,1
,,,,,,26.69,1
,,,,,,Office Supplies,1
,,,,,,26.74,1
,,,,,,Office Supplies,1
,,,,,,26.75,1
,,,,,,Office Supplies,1
,,,,,,26.76,1
,,,,,,Office Supplies,1
,,,,,,26.81,1
,,,,,,Office Supplies,1
,,,,,,26.83,1
,,,,,,Office Supplies,1
,,,,,,26.84,1
,,,,,,Technology,1
,,,,,,26.85,1
,,,,,,Office Supplies,1
,,,,,,26.86,1
,,,,,,Office Supplies,1
,,,,,,26.87,3
,,,,,,Office Supplies,3
,,,,,,26.91,2
,,,,,,Office Supplies,2
,,,,,,26.92,1
,,,,,,Office Supplies,1
,,,,,,26.94,1
,,,,,,Office Supplies,1
,,,,,,26.95,1
,,,,,,Office Supplies,1
,,,,,,26.97,1
,,,,,,Office Supplies,1
,,,,,,27.01,1
,,,,,,Office Supplies,1
,,,,,,27.02,1
,,,,,,Office Supplies,1
,,,,,,27.03,2
,,,,,,Office Supplies,2
,,,,,,27.04,1
,,,,,,Furniture,1
,,,,,,27.05,1
,,,,,,Office Supplies,1
,,,,,,27.08,1
,,,,,,Office Supplies,1
,,,,,,27.1,1
,,,,,,Office Supplies,1
,,,,,,27.11,1
,,,,,,Furniture,1
,,,,,,27.15,2
,,,,,,Office Supplies,2
,,,,,,27.18,1
,,,,,,Furniture,1
,,,,,,27.22,1
,,,,,,Furniture,1
,,,,,,27.25,1
,,,,,,Office Supplies,1
,,,,,,27.27,1
,,,,,,Office Supplies,1
,,,,,,27.31,1
,,,,,,Furniture,1
,,,,,,27.34,2
,,,,,,Furniture,1
,,,,,,Office Supplies,1
,,,,,,27.36,1
,,,,,,Office Supplies,1
,,,,,,27.37,1
,,,,,,Office Supplies,1
,,,,,,27.38,1
,,,,,,Office Supplies,1
,,,,,,27.39,2
,,,,,,Office Supplies,1
,,,,,,Technology,1
,,,,,,27.41,1
,,,,,,Office Supplies,1
,,,,,,27.42,1
,,,,,,Furniture,1
,,,,,,27.43,1
,,,,,,Office Supplies,1
,,,,,,27.48,1
,,,,,,Furniture,1
,,,,,,27.49,1
,,,,,,Office Supplies,1
,,,,,,27.5,1
,,,,,,Technology,1
,,,,,,27.51,1
,,,,,,Office Supplies,1
,,,,,,27.52,1
,,,,,,Office Supplies,1
,,,,,,27.53,3
,,,,,,Office Supplies,3
,,,,,,27.54,1
,,,,,,Office Supplies,1
,,,,,,27.57,1
,,,,,,Office Supplies,1
,,,,,,27.58,3
,,,,,,Furniture,1
,,,,,,Office Supplies,2
,,,,,,27.59,2
,,,,,,Office Supplies,2
,,,,,,27.62,1
,,,,,,Office Supplies,1
,,,,,,27.65,1
,,,,,,Furniture,1
,,,,,,27.66,1
,,,,,,Technology,1
,,,,,,27.68,2
,,,,,,Furniture,1
,,,,,,Office Supplies,1
,,,,,,27.72,2
,,,,,,Office Supplies,2
,,,,,,27.73,1
,,,,,,Technology,1
,,,,,,27.74,1
,,,,,,Furniture,1
,,,,,,27.77,1
,,,,,,Office Supplies,1
,,,,,,27.79,3
,,,,,,Furniture,1
,,,,,,Office Supplies,2
,,,,,,27.8,2
,,,,,,Office Supplies,2
,,,,,,27.81,1
,,,,,,Office Supplies,1
,,,,,,27.84,1
,,,,,,Office Supplies,1
,,,,,,27.85,2
,,,,,,Office Supplies,1
,,,,,,Technology,1
,,,,,,27.86,1
,,,,,,Office Supplies,1
,,,,,,27.88,1
,,,,,,Technology,1
,,,,,,27.91,1
,,,,,,Technology,1
,,,,,,27.92,2
,,,,,,Office Supplies,1
,,,,,,Technology,1
,,,,,,27.93,1
,,,,,,Technology,1
,,,,,,27.94,2
,,,,,,Furniture,1
,,,,,,Office Supplies,1
,,,,,,27.96,1
,,,,,,Technology,1
,,,,,,27.97,1
,,,,,,Office Supplies,1
,,,,,,27.98,1
,,,,,,Office Supplies,1
,,,,,,27.99,2
,,,,,,Furniture,1
,,,,,,Office Supplies,1
,,,,,,28,2
,,,,,,Office Supplies,2
,,,,,,28.02,1
,,,,,,Technology,1
,,,,,,28.03,1
,,,,,,Office Supplies,1
,,,,,,28.04,1
,,,,,,Office Supplies,1
,,,,,,28.06,2
,,,,,,Furniture,1
,,,,,,Office Supplies,1
,,,,,,28.08,2
,,,,,,Office Supplies,2
,,,,,,28.09,3
,,,,,,Furniture,1
,,,,,,Office Supplies,2
,,,,,,28.1,2
,,,,,,Furniture,1
,,,,,,Office Supplies,1
,,,,,,28.11,1
,,,,,,Office Supplies,1
,,,,,,28.13,1
,,,,,,Furniture,1
,,,,,,28.14,2
,,,,,,Office Supplies,1
,,,,,,Technology,1
,,,,,,28.17,1
,,,,,,Furniture,1
,,,,,,28.19,2
,,,,,,Office Supplies,2
,,,,,,28.21,1
,,,,,,Office Supplies,1
,,,,,,28.23,1
,,,,,,Furniture,1
,,,,,,28.24,1
,,,,,,Office Supplies,1
,,,,,,28.25,1
,,,,,,Technology,1
,,,,,,28.3,1
,,,,,,Office Supplies,1
,,,,,,28.32,1
,,,,,,Technology,1
,,,,,,28.35,1
,,,,,,Office Supplies,1
,,,,,,28.36,1
,,,,,,Office Supplies,1
,,,,,,28.39,1
,,,,,,Office Supplies,1
,,,,,,28.4,1
,,,,,,Office Supplies,1
,,,,,,28.45,1
,,,,,,Office Supplies,1
,,,,,,28.49,1
,,,,,,Office Supplies,1
,,,,,,28.5,1
,,,,,,Technology,1
,,,,,,28.51,2
,,,,,,Furniture,2
,,,,,,28.52,1
,,,,,,Furniture,1
,,,,,,28.53,1
,,,,,,Office Supplies,1
,,,,,,28.59,1
,,,,,,Office Supplies,1
,,,,,,28.6,2
,,,,,,Office Supplies,1
,,,,,,Technology,1
,,,,,,28.61,1
,,,,,,Furniture,1
,,,,,,28.63,1
,,,,,,Office Supplies,1
,,,,,,28.66,1
,,,,,,Office Supplies,1
,,,,,,28.69,1
,,,,,,Technology,1
,,,,,,28.72,1
,,,,,,Office Supplies,1
,,,,,,28.75,2
,,,,,,Furniture,1
,,,,,,Office Supplies,1
,,,,,,28.76,1
,,,,,,Furniture,1
,,,,,,28.78,2
,,,,,,Office Supplies,1
,,,,,,Technology,1
,,,,,,28.84,2
,,,,,,Furniture,1
,,,,,,Office Supplies,1
,,,,,,28.85,2
,,,,,,Office Supplies,2
,,,,,,28.86,1
,,,,,,Office Supplies,1
,,,,,,28.87,1
,,,,,,Furniture,1
,,,,,,28.88,1
,,,,,,Furniture,1
,,,,,,28.89,1
,,,,,,Office Supplies,1
,,,,,,28.9,4
,,,,,,Office Supplies,4
,,,,,,28.92,1
,,,,,,Office Supplies,1
,,,,,,28.94,1
,,,,,,Office Supplies,1
,,,,,,28.97,2
,,,,,,Office Supplies,1
,,,,,,Technology,1
,,,,,,28.98,1
,,,,,,Office Supplies,1
,,,,,,28.99,2
,,,,,,Office Supplies,2
,,,,,,29.02,2
,,,,,,Office Supplies,2
,,,,,,29.03,1
,,,,,,Office Supplies,1
,,,,,,29.04,2
,,,,,,Furniture,1
,,,,,,Office Supplies,1
,,,,,,29.05,1
,,,,,,Office Supplies,1
,,,,,,29.07,1
,,,,,,Office Supplies,1
,,,,,,29.1,1
,,,,,,Office Supplies,1
,,,,,,29.13,3
,,,,,,Office Supplies,3
,,,,,,29.14,1
,,,,,,Technology,1
,,,,,,29.15,1
,,,,,,Office Supplies,1
,,,,,,29.16,3
,,,,,,Office Supplies,2
,,,,,,Technology,1
,,,,,,29.17,2
,,,,,,Office Supplies,1
,,,,,,Technology,1
,,,,,,29.18,1
,,,,,,Technology,1
,,,,,,29.19,2
,,,,,,Office Supplies,2
,,,,,,29.21,1
,,,,,,Office Supplies,1
,,,,,,29.22,1
,,,,,,Office Supplies,1
,,,,,,29.24,1
,,,,,,Office Supplies,1
,,,,,,29.25,1
,,,,,,Office Supplies,1
,,,,,,29.28,1
,,,,,,Furniture,1
,,,,,,29.3,1
,,,,,,Office Supplies,1
,,,,,,29.33,1
,,,,,,Office Supplies,1
,,,,,,29.35,1
,,,,,,Office Supplies,1
,,,,,,29.36,1
,,,,,,Furniture,1
,,,,,,29.37,1
,,,,,,Office Supplies,1
,,,,,,29.39,1
,,,,,,Office Supplies,1
,,,,,,29.4,1
,,,,,,Office Supplies,1
,,,,,,29.41,1
,,,,,,Office Supplies,1
,,,,,,29.43,1
,,,,,,Office Supplies,1
,,,,,,29.44,1
,,,,,,Office Supplies,1
,,,,,,29.46,1
,,,,,,Office Supplies,1
,,,,,,29.48,1
,,,,,,Furniture,1
,,,,,,29.49,3
,,,,,,Furniture,1
,,,,,,Office Supplies,2
,,,,,,29.5,1
,,,,,,Office Supplies,1
,,,,,,29.51,2
,,,,,,Office Supplies,1
,,,,,,Technology,1
,,,,,,29.52,1
,,,,,,Office Supplies,1
,,,,,,29.57,1
,,,,,,Office Supplies,1
,,,,,,29.59,2
,,,,,,Furniture,1
,,,,,,Office Supplies,1
,,,,,,29.63,1
,,,,,,Office Supplies,1
,,,,,,29.64,1
,,,,,,Office Supplies,1
,,,,,,29.66,1
,,,,,,Office Supplies,1
,,,,,,29.69,1
,,,,,,Furniture,1
,,,,,,29.7,2
,,,,,,Office Supplies,1
,,,,,,Technology,1
,,,,,,29.74,1
,,,,,,Office Supplies,1
,,,,,,29.75,1
,,,,,,Office Supplies,1
,,,,,,29.78,1
,,,,,,Furniture,1
,,,,,,29.8,1
,,,,,,Office Supplies,1
,,,,,,29.85,1
,,,,,,Office Supplies,1
,,,,,,29.86,1
,,,,,,Furniture,1
,,,,,,29.89,1
,,,,,,Office Supplies,1
,,,,,,29.9,1
,,,,,,Office Supplies,1
,,,,,,29.93,3
,,,,,,Office Supplies,2
,,,,,,Technology,1
,,,,,,29.94,1
,,,,,,Office Supplies,1
,,,,,,29.97,1
,,,,,,Technology,1
,,,,,,29.98,1
,,,,,,Office Supplies,1
,,,,,,30,1
,,,,,,Office Supplies,1
,,,,,,30.02,1
,,,,,,Furniture,1
,,,,,,30.03,3
,,,,,,Office Supplies,3
,,,,,,30.06,1
,,,,,,Office Supplies,1
,,,,,,30.08,1
,,,,,,Furniture,1
,,,,,,30.1,2
,,,,,,Office Supplies,1
,,,,,,Technology,1
,,,,,,30.14,1
,,,,,,Office Supplies,1
,,,,,,30.15,1
,,,,,,Office Supplies,1
,,,,,,30.17,1
,,,,,,Technology,1
,,,,,,30.19,1
,,,,,,Furniture,1
,,,,,,30.21,1
,,,,,,Office Supplies,1
,,,,,,30.24,1
,,,,,,Office Supplies,1
,,,,,,30.29,1
,,,,,,Technology,1
,,,,,,30.3,1
,,,,,,Technology,1
,,,,,,30.31,2
,,,,,,Furniture,1
,,,,,,Office Supplies,1
,,,,,,30.32,2
,,,,,,Office Supplies,2
,,,,,,30.33,1
,,,,,,Office Supplies,1
,,,,,,30.36,1
,,,,,,Office Supplies,1
,,,,,,30.38,1
,,,,,,Office Supplies,1
,,,,,,30.39,2
,,,,,,Office Supplies,2
,,,,,,30.4,1
,,,,,,Office Supplies,1
,,,,,,30.42,1
,,,,,,Office Supplies,1
,,,,,,30.43,1
,,,,,,Office Supplies,1
,,,,,,30.44,2
,,,,,,Office Supplies,2
,,,,,,30.46,1
,,,,,,Office Supplies,1
,,,,,,30.5,1
,,,,,,Office Supplies,1
,,,,,,30.52,1
,,,,,,Office Supplies,1
,,,,,,30.64,1
,,,,,,Office Supplies,1
,,,,,,30.66,1
,,,,,,Office Supplies,1
,,,,,,30.69,1
,,,,,,Office Supplies,1
,,,,,,30.7,1
,,,,,,Office Supplies,1
,,,,,,30.71,1
,,,,,,Office Supplies,1
,,,,,,30.72,1
,,,,,,Office Supplies,1
,,,,,,30.73,3
,,,,,,Furniture,1
,,,,,,Office Supplies,2
,,,,,,30.78,4
,,,,,,Furniture,1
,,,,,,Office Supplies,2
,,,,,,Technology,1
,,,,,,30.79,1
,,,,,,Office Supplies,1
,,,,,,30.81,1
,,,,,,Office Supplies,1
,,,,,,30.84,1
,,,,,,Office Supplies,1
,,,,,,30.86,1
,,,,,,Furniture,1
,,,,,,30.88,4
,,,,,,Office Supplies,4
,,,,,,30.89,1
,,,,,,Office Supplies,1
,,,,,,30.9,1
,,,,,,Office Supplies,1
,,,,,,30.91,2
,,,,,,Furniture,1
,,,,,,Office Supplies,1
,,,,,,30.92,1
,,,,,,Furniture,1
,,,,,,30.93,1
,,,,,,Office Supplies,1
,,,,,,30.94,2
,,,,,,Office Supplies,2
,,,,,,30.95,1
,,,,,,Office Supplies,1
,,,,,,30.96,1
,,,,,,Office Supplies,1
,,,,,,30.97,1
,,,,,,Office Supplies,1
,,,,,,31,1
,,,,,,Office Supplies,1
,,,,,,31.02,1
,,,,,,Office Supplies,1
,,,,,,31.06,1
,,,,,,Office Supplies,1
,,,,,,31.08,1
,,,,,,Office Supplies,1
,,,,,,31.1,3
,,,,,,Furniture,1
,,,,,,Office Supplies,1
,,,,,,Technology,1
,,,,,,31.12,2
,,,,,,Furniture,1
,,,,,,Technology,1
,,,,,,31.13,1
,,,,,,Office Supplies,1
,,,,,,31.14,1
,,,,,,Technology,1
,,,,,,31.16,1
,,,,,,Office Supplies,1
,,,,,,31.17,1
,,,,,,Office Supplies,1
,,,,,,31.18,1
,,,,,,Office Supplies,1
,,,,,,31.19,1
,,,,,,Office Supplies,1
,,,,,,31.2,1
,,,,,,Furniture,1
,,,,,,31.26,2
,,,,,,Office Supplies,2
,,,,,,31.27,1
,,,,,,Office Supplies,1
,,,,,,31.28,1
,,,,,,Furniture,1
,,,,,,31.29,1
,,,,,,Office Supplies,1
,,,,,,31.3,1
,,,,,,Office Supplies,1
,,,,,,31.37,1
,,,,,,Office Supplies,1
,,,,,,31.4,3
,,,,,,Office Supplies,3
,,,,,,31.41,1
,,,,,,Office Supplies,1
,,,,,,31.43,2
,,,,,,Furniture,1
,,,,,,Technology,1
,,,,,,31.49,1
,,,,,,Technology,1
,,,,,,31.53,1
,,,,,,Furniture,1
,,,,,,31.55,1
,,,,,,Office Supplies,1
,,,,,,31.57,1
,,,,,,Office Supplies,1
,,,,,,31.58,1
,,,,,,Office Supplies,1
,,,,,,31.59,5
,,,,,,Office Supplies,4
,,,,,,Technology,1
,,,,,,31.6,2
,,,,,,Furniture,1
,,,,,,Office Supplies,1
,,,,,,31.61,1
,,,,,,Office Supplies,1
,,,,,,31.69,1
,,,,,,Office Supplies,1
,,,,,,31.7,1
,,,,,,Office Supplies,1
,,,,,,31.74,2
,,,,,,Furniture,1
,,,,,,Office Supplies,1
,,,,,,31.78,1
,,,,,,Office Supplies,1
,,,,,,31.79,1
,,,,,,Furniture,1
,,,,,,31.8,2
,,,,,,Furniture,1
,,,,,,Office Supplies,1
,,,,,,31.85,2
,,,,,,Furniture,1
,,,,,,Office Supplies,1
,,,,,,31.86,1
,,,,,,Office Supplies,1
,,,,,,31.88,3
,,,,,,Furniture,1
,,,,,,Office Supplies,2
,,,,,,31.89,1
,,,,,,Office Supplies,1
,,,,,,31.91,1
,,,,,,Furniture,1
,,,,,,31.92,2
,,,,,,Furniture,1
,,,,,,Office Supplies,1
,,,,,,31.97,1
,,,,,,Technology,1
,,,,,,32,1
,,,,,,Office Supplies,1
,,,,,,32.01,2
,,,,,,Office Supplies,2
,,,,,,32.02,2
,,,,,,Office Supplies,2
,,,,,,32.03,1
,,,,,,Office Supplies,1
,,,,,,32.05,1
,,,,,,Technology,1
,,,,,,32.06,1
,,,,,,Furniture,1
,,,,,,32.08,1
,,,,,,Office Supplies,1
,,,,,,32.09,1
,,,,,,Furniture,1
,,,,,,32.1,1
,,,,,,Office Supplies,1
,,,,,,32.12,1
,,,,,,Office Supplies,1
,,,,,,32.13,1
,,,,,,Office Supplies,1
,,,,,,32.17,2
,,,,,,Office Supplies,1
,,,,,,Technology,1
,,,,,,32.19,1
,,,,,,Office Supplies,1
,,,,,,32.2,1
,,,,,,Office Supplies,1
,,,,,,32.21,1
,,,,,,Office Supplies,1
,,,,,,32.24,2
,,,,,,Office Supplies,1
,,,,,,Technology,1
,,,,,,32.25,2
,,,,,,Office Supplies,1
,,,,,,Technology,1
,,,,,,32.26,1
,,,,,,Office Supplies,1
,,,,,,32.28,1
,,,,,,Furniture,1
,,,,,,32.3,1
,,,,,,Office Supplies,1
,,,,,,32.32,1
,,,,,,Office Supplies,1
,,,,,,32.35,1
,,,,,,Office Supplies,1
,,,,,,32.37,1
,,,,,,Office Supplies,1
,,,,,,32.38,2
,,,,,,Office Supplies,2
,,,,,,32.41,1
,,,,,,Office Supplies,1
,,,,,,32.42,2
,,,,,,Furniture,1
,,,,,,Office Supplies,1
,,,,,,32.43,2
,,,,,,Office Supplies,2
,,,,,,32.45,1
,,,,,,Office Supplies,1
,,,,,,32.52,1
,,,,,,Furniture,1
,,,,,,32.55,1
,,,,,,Office Supplies,1
,,,,,,32.58,1
,,,,,,Office Supplies,1
,,,,,,32.59,2
,,,,,,Office Supplies,2
,,,,,,32.6,2
,,,,,,Furniture,1
,,,,,,Office Supplies,1
,,,,,,32.62,2
,,,,,,Office Supplies,1
,,,,,,Technology,1
,,,,,,32.63,1
,,,,,,Office Supplies,1
,,,,,,32.64,3
,,,,,,Office Supplies,3
,,,,,,32.65,2
,,,,,,Office Supplies,2
,,,,,,32.66,3
,,,,,,Office Supplies,3
,,,,,,32.67,1
,,,,,,Furniture,1
,,,,,,32.7,1
,,,,,,Furniture,1
,,,,,,32.73,1
,,,,,,Office Supplies,1
,,,,,,32.75,1
,,,,,,Office Supplies,1
,,,,,,32.77,1
,,,,,,Office Supplies,1
,,,,,,32.78,1
,,,,,,Office Supplies,1
,,,,,,32.8,1
,,,,,,Office Supplies,1
,,,,,,32.86,1
,,,,,,Office Supplies,1
,,,,,,32.89,2
,,,,,,Office Supplies,2
,,,,,,32.9,1
,,,,,,Office Supplies,1
,,,,,,32.92,1
,,,,,,Office Supplies,1
,,,,,,32.93,2
,,,,,,Office Supplies,1
,,,,,,Technology,1
,,,,,,32.95,1
,,,,,,Office Supplies,1
,,,,,,32.99,1
,,,,,,Office Supplies,1
,,,,,,33,1
,,,,,,Technology,1
,,,,,,33.04,3
,,,,,,Furniture,1
,,,,,,Office Supplies,2
,,,,,,33.05,1
,,,,,,Office Supplies,1
,,,,,,33.07,1
,,,,,,Office Supplies,1
,,,,,,33.08,1
,,,,,,Office Supplies,1
,,,,,,33.09,1
,,,,,,Technology,1
,,,,,,33.1,1
,,,,,,Furniture,1
,,,,,,33.12,1
,,,,,,Office Supplies,1
,,,,,,33.15,1
,,,,,,Technology,1
,,,,,,33.16,1
,,,,,,Office Supplies,1
,,,,,,33.17,1
,,,,,,Office Supplies,1
,,,,,,33.18,1
,,,,,,Office Supplies,1
,,,,,,33.22,1
,,,,,,Technology,1
,,,,,,33.33,2
,,,,,,Furniture,1
,,,,,,Office Supplies,1
,,,,,,33.36,3
,,,,,,Office Supplies,3
,,,,,,33.37,1
,,,,,,Office Supplies,1
,,,,,,33.38,1
,,,,,,Office Supplies,1
,,,,,,33.4,1
,,,,,,Office Supplies,1
,,,,,,33.41,1
,,,,,,Office Supplies,1
,,,,,,33.44,2
,,,,,,Furniture,1
,,,,,,Office Supplies,1
,,,,,,33.46,2
,,,,,,Office Supplies,1
,,,,,,Technology,1
,,,,,,33.47,1
,,,,,,Office Supplies,1
,,,,,,33.48,1
,,,,,,Furniture,1
,,,,,,33.5,1
,,,,,,Furniture,1
,,,,,,33.52,1
,,,,,,Office Supplies,1
,,,,,,33.53,1
,,,,,,Technology,1
,,,,,,33.55,2
,,,,,,Office Supplies,1
,,,,,,Technology,1
,,,,,,33.61,2
,,,,,,Office Supplies,2
,,,,,,33.62,1
,,,,,,Furniture,1
,,,,,,33.65,1
,,,,,,Office Supplies,1
,,,,,,33.67,2
,,,,,,Furniture,2
,,,,,,33.68,1
,,,,,,Office Supplies,1
,,,,,,33.69,1
,,,,,,Office Supplies,1
,,,,,,33.71,2
,,,,,,Office Supplies,1
,,,,,,Technology,1
,,,,,,33.74,1
,,,,,,Office Supplies,1
,,,,,,33.77,1
,,,,,,Furniture,1
,,,,,,33.79,1
,,,,,,Technology,1
,,,,,,33.8,1
,,,,,,Furniture,1
,,,,,,33.84,1
,,,,,,Office Supplies,1
,,,,,,33.9,1
,,,,,,Office Supplies,1
,,,,,,33.94,4
,,,,,,Furniture,1
,,,,,,Office Supplies,2
,,,,,,Technology,1
,,,,,,33.98,1
,,,,,,Furniture,1
,,,,,,34,1
,,,,,,Technology,1
,,,,,,34.02,1
,,,,,,Technology,1
,,,,,,34.03,1
,,,,,,Office Supplies,1
,,,,,,34.04,1
,,,,,,Furniture,1
,,,,,,34.05,1
,,,,,,Technology,1
,,,,,,34.06,2
,,,,,,Office Supplies,2
,,,,,,34.09,2
,,,,,,Furniture,1
,,,,,,Office Supplies,1
,,,,,,34.11,1
,,,,,,Furniture,1
,,,,,,34.13,1
,,,,,,Technology,1
,,,,,,34.15,1
,,,,,,Office Supplies,1
,,,,,,34.2,1
,,,,,,Office Supplies,1
,,,,,,34.23,1
,,,,,,Office Supplies,1
,,,,,,34.24,1
,,,,,,Furniture,1
,,,,,,34.26,1
,,,,,,Furniture,1
,,,,,,34.27,2
,,,,,,Furniture,1
,,,,,,Office Supplies,1
,,,,,,34.31,1
,,,,,,Furniture,1
,,,,,,34.41,1
,,,,,,Office Supplies,1
,,,,,,34.44,1
,,,,,,Office Supplies,1
,,,,,,34.46,1
,,,,,,Office Supplies,1
,,,,,,34.47,1
,,,,,,Furniture,1
,,,,,,34.49,2
,,,,,,Furniture,1
,,,,,,Office Supplies,1
,,,,,,34.5,1
,,,,,,Office Supplies,1
,,,,,,34.51,1
,,,,,,Office Supplies,1
,,,,,,34.52,1
,,,,,,Office Supplies,1
,,,,,,34.54,2
,,,,,,Office Supplies,2
,,,,,,34.57,1
,,,,,,Office Supplies,1
,,,,,,34.58,1
,,,,,,Office Supplies,1
,,,,,,34.6,1
,,,,,,Office Supplies,1
,,,,,,34.61,1
,,,,,,Technology,1
,,,,,,34.62,1
,,,,,,Office Supplies,1
,,,,,,34.69,1
,,,,,,Office Supplies,1
,,,,,,34.71,1
,,,,,,Office Supplies,1
,,,,,,34.72,1
,,,,,,Furniture,1
,,,,,,34.75,1
,,,,,,Technology,1
,,,,,,34.76,1
,,,,,,Technology,1
,,,,,,34.78,1
,,,,,,Office Supplies,1
,,,,,,34.81,1
,,,,,,Office Supplies,1
,,,,,,34.83,2
,,,,,,Office Supplies,1
,,,,,,Technology,1
,,,,,,34.84,1
,,,,,,Office Supplies,1
,,,,,,34.88,1
,,,,,,Technology,1
,,,,,,34.89,2
,,,,,,Office Supplies,2
,,,,,,34.9,1
,,,,,,Office Supplies,1
,,,,,,34.91,4
,,,,,,Furniture,1
,,,,,,Office Supplies,3
,,,,,,34.92,3
,,,,,,Office Supplies,3
,,,,,,34.98,1
,,,,,,Office Supplies,1
,,,,,,35.01,1
,,,,,,Technology,1
,,,,,,35.02,2
,,,,,,Office Supplies,2
,,,,,,35.03,2
,,,,,,Office Supplies,1
,,,,,,Technology,1
,,,,,,35.06,1
,,,,,,Office Supplies,1
,,,,,,35.08,1
,,,,,,Office Supplies,1
,,,,,,35.09,2
,,,,,,Office Supplies,2
,,,,,,35.11,1
,,,,,,Office Supplies,1
,,,,,,35.12,3
,,,,,,Furniture,1
,,,,,,Office Supplies,2
,,,,,,35.13,1
,,,,,,Office Supplies,1
,,,,,,35.15,1
,,,,,,Technology,1
,,,,,,35.17,1
,,,,,,Office Supplies,1
,,,,,,35.18,2
,,,,,,Office Supplies,2
,,,,,,35.2,1
,,,,,,Furniture,1
,,,,,,35.23,1
,,,,,,Office Supplies,1
,,,,,,35.26,1
,,,,,,Technology,1
,,,,,,35.35,1
,,,,,,Office Supplies,1
,,,,,,35.36,1
,,,,,,Furniture,1
,,,,,,35.38,1
,,,,,,Furniture,1
,,,,,,35.45,3
,,,,,,Furniture,1
,,,,,,Office Supplies,1
,,,,,,Technology,1
,,,,,,35.47,1
,,,,,,Office Supplies,1
,,,,,,35.48,2
,,,,,,Office Supplies,2
,,,,,,35.49,1
,,,,,,Office Supplies,1
,,,,,,35.5,1
,,,,,,Office Supplies,1
,,,,,,35.52,1
,,,,,,Office Supplies,1
,,,,,,35.53,1
,,,,,,Office Supplies,1
,,,,,,35.54,2
,,,,,,Technology,2
,,,,,,35.55,1
,,,,,,Office Supplies,1
,,,,,,35.56,1
,,,,,,Furniture,1
,,,,,,35.58,1
,,,,,,Furniture,1
,,,,,,35.59,1
,,,,,,Office Supplies,1
,,,,,,35.6,1
,,,,,,Technology,1
,,,,,,35.62,1
,,,,,,Office Supplies,1
,,,,,,35.63,1
,,,,,,Office Supplies,1
,,,,,,35.66,1
,,,,,,Office Supplies,1
,,,,,,35.68,1
,,,,,,Office Supplies,1
,,,,,,35.72,1
,,,,,,Furniture,1
,,,,,,35.73,1
,,,,,,Office Supplies,1
,,,,,,35.79,1
,,,,,,Office Supplies,1
,,,,,,35.84,2
,,,,,,Office Supplies,1
,,,,,,Technology,1
,,,,,,35.86,1
,,,,,,Technology,1
,,,,,,35.87,1
,,,,,,Furniture,1
,,,,,,35.88,2
,,,,,,Furniture,1
,,,,,,Office Supplies,1
,,,,,,35.89,1
,,,,,,Office Supplies,1
,,,,,,35.91,4
,,,,,,Furniture,1
,,,,,,Office Supplies,1
,,,,,,Technology,2
,,,,,,35.92,1
,,,,,,Technology,1
,,,,,,35.95,3
,,,,,,Furniture,1
,,,,,,Office Supplies,2
,,,,,,36,1
,,,,,,Office Supplies,1
,,,,,,36.01,1
,,,,,,Office Supplies,1
,,,,,,36.03,1
,,,,,,Office Supplies,1
,,,,,,36.06,1
,,,,,,Office Supplies,1
,,,,,,36.08,1
,,,,,,Office Supplies,1
,,,,,,36.09,2
,,,,,,Office Supplies,2
,,,,,,36.12,1
,,,,,,Office Supplies,1
,,,,,,36.15,2
,,,,,,Office Supplies,2
,,,,,,36.18,1
,,,,,,Technology,1
,,,,,,36.2,1
,,,,,,Technology,1
,,,,,,36.22,1
,,,,,,Office Supplies,1
,,,,,,36.23,1
,,,,,,Technology,1
,,,,,,36.27,1
,,,,,,Office Supplies,1
,,,,,,36.29,2
,,,,,,Office Supplies,1
,,,,,,Technology,1
,,,,,,36.31,1
,,,,,,Furniture,1
,,,,,,36.37,1
,,,,,,Furniture,1
,,,,,,36.39,1
,,,,,,Technology,1
,,,,,,36.4,2
,,,,,,Furniture,1
,,,,,,Office Supplies,1
,,,,,,36.43,2
,,,,,,Furniture,1
,,,,,,Technology,1
,,,,,,36.44,1
,,,,,,Office Supplies,1
,,,,,,36.45,1
,,,,,,Office Supplies,1
,,,,,,36.47,2
,,,,,,Office Supplies,1
,,,,,,Technology,1
,,,,,,36.51,1
,,,,,,Furniture,1
,,,,,,36.52,1
,,,,,,Technology,1
,,,,,,36.53,3
,,,,,,Furniture,1
,,,,,,Office Supplies,1
,,,,,,Technology,1
,,,,,,36.54,2
,,,,,,Office Supplies,2
,,,,,,36.55,1
,,,,,,Furniture,1
,,,,,,36.58,1
,,,,,,Office Supplies,1
,,,,,,36.6,1
,,,,,,Office Supplies,1
,,,,,,36.61,1
,,,,,,Office Supplies,1
,,,,,,36.62,1
,,,,,,Office Supplies,1
,,,,,,36.63,1
,,,,,,Furniture,1
,,,,,,36.68,1
,,,,,,Technology,1
,,,,,,36.7,3
,,,,,,Furniture,1
,,,,,,Office Supplies,2
,,,,,,36.71,1
,,,,,,Office Supplies,1
,,,,,,36.73,1
,,,,,,Technology,1
,,,,,,36.74,1
,,,,,,Office Supplies,1
,,,,,,36.75,1
,,,,,,Furniture,1
,,,,,,36.78,1
,,,,,,Office Supplies,1
,,,,,,36.8,1
,,,,,,Furniture,1
,,,,,,36.82,1
,,,,,,Office Supplies,1
,,,,,,36.84,1
,,,,,,Furniture,1
,,,,,,36.86,1
,,,,,,Office Supplies,1
,,,,,,36.88,2
,,,,,,Office Supplies,2
,,,,,,36.9,1
,,,,,,Furniture,1
,,,,,,36.92,1
,,,,,,Office Supplies,1
,,,,,,36.93,1
,,,,,,Furniture,1
,,,,,,36.94,1
,,,,,,Office Supplies,1
,,,,,,36.95,2
,,,,,,Furniture,2
,,,,,,36.96,1
,,,,,,Technology,1
,,,,,,37.01,1
,,,,,,Technology,1
,,,,,,37.05,1
,,,,,,Furniture,1
,,,,,,37.06,1
,,,,,,Office Supplies,1
,,,,,,37.07,1
,,,,,,Furniture,1
,,,,,,37.09,1
,,,,,,Office Supplies,1
,,,,,,37.1,1
,,,,,,Office Supplies,1
,,,,,,37.12,2
,,,,,,Office Supplies,1
,,,,,,Technology,1
,,,,,,37.13,1
,,,,,,Office Supplies,1
,,,,,,37.14,1
,,,,,,Office Supplies,1
,,,,,,37.19,1
,,,,,,Technology,1
,,,,,,37.2,1
,,,,,,Office Supplies,1
,,,,,,37.22,1
,,,,,,Technology,1
,,,,,,37.26,3
,,,,,,Furniture,1
,,,,,,Office Supplies,1
,,,,,,Technology,1
,,,,,,37.28,1
,,,,,,Office Supplies,1
,,,,,,37.29,1
,,,,,,Office Supplies,1
,,,,,,37.3,2
,,,,,,Furniture,1
,,,,,,Technology,1
,,,,,,37.32,1
,,,,,,Office Supplies,1
,,,,,,37.34,2
,,,,,,Furniture,1
,,,,,,Office Supplies,1
,,,,,,37.37,1
,,,,,,Office Supplies,1
,,,,,,37.38,1
,,,,,,Furniture,1
,,,,,,37.39,2
,,,,,,Office Supplies,2
,,,,,,37.42,2
,,,,,,Office Supplies,1
,,,,,,Technology,1
,,,,,,37.45,1
,,,,,,Office Supplies,1
,,,,,,37.48,1
,,,,,,Technology,1
,,,,,,37.51,1
,,,,,,Office Supplies,1
,,,,,,37.54,1
,,,,,,Office Supplies,1
,,,,,,37.58,1
,,,,,,Office Supplies,1
,,,,,,37.68,1
,,,,,,Furniture,1
,,,,,,37.81,1
,,,,,,Furniture,1
,,,,,,37.82,1
,,,,,,Furniture,1
,,,,,,37.83,1
,,,,,,Office Supplies,1
,,,,,,37.9,1
,,,,,,Office Supplies,1
,,,,,,37.94,2
,,,,,,Office Supplies,2
,,,,,,37.95,1
,,,,,,Furniture,1
,,,,,,37.96,2
,,,,,,Furniture,1
,,,,,,Office Supplies,1
,,,,,,38,1
,,,,,,Furniture,1
,,,,,,38.02,2
,,,,,,Office Supplies,2
,,,,,,38.04,1
,,,,,,Office Supplies,1
,,,,,,38.06,1
,,,,,,Office Supplies,1
,,,,,,38.07,2
,,,,,,Furniture,2
,,,,,,38.09,2
,,,,,,Office Supplies,1
,,,,,,Technology,1
,,,,,,38.12,1
,,,,,,Furniture,1
,,,,,,38.13,2
,,,,,,Technology,2
,,,,,,38.14,1
,,,,,,Technology,1
,,,,,,38.15,3
,,,,,,Furniture,1
,,,,,,Office Supplies,2
,,,,,,38.17,1
,,,,,,Furniture,1
,,,,,,38.2,1
,,,,,,Office Supplies,1
,,,,,,38.22,2
,,,,,,Furniture,1
,,,,,,Office Supplies,1
,,,,,,38.24,1
,,,,,,Office Supplies,1
,,,,,,38.3,1
,,,,,,Furniture,1
,,,,,,38.33,1
,,,,,,Office Supplies,1
,,,,,,38.37,1
,,,,,,Office Supplies,1
,,,,,,38.4,1
,,,,,,Office Supplies,1
,,,,,,38.41,1
,,,,,,Furniture,1
,,,,,,38.42,2
,,,,,,Furniture,1
,,,,,,Office Supplies,1
,,,,,,38.43,1
,,,,,,Furniture,1
,,,,,,38.46,1
,,,,,,Technology,1
,,,,,,38.51,1
,,,,,,Technology,1
,,,,,,38.52,1
,,,,,,Technology,1
,,,,,,38.54,1
,,,,,,Office Supplies,1
,,,,,,38.55,2
,,,,,,Furniture,1
,,,,,,Office Supplies,1
,,,,,,38.6,1
,,,,,,Furniture,1
,,,,,,38.63,2
,,,,,,Office Supplies,2
,,,,,,38.66,1
,,,,,,Furniture,1
,,,,,,38.67,1
,,,,,,Office Supplies,1
,,,,,,38.69,1
,,,,,,Office Supplies,1
,,,,,,38.7,1
,,,,,,Furniture,1
,,,,,,38.73,2
,,,,,,Office Supplies,1
,,,,,,Technology,1
,,,,,,38.81,1
,,,,,,Technology,1
,,,,,,38.84,1
,,,,,,Office Supplies,1
,,,,,,38.92,1
,,,,,,Office Supplies,1
,,,,,,38.93,1
,,,,,,Furniture,1
,,,,,,38.95,1
,,,,,,Office Supplies,1
,,,,,,38.96,1
,,,,,,Office Supplies,1
,,,,,,39,3
,,,,,,Furniture,1
,,,,,,Office Supplies,2
,,,,,,39.04,3
,,,,,,Furniture,1
,,,,,,Office Supplies,1
,,,,,,Technology,1
,,,,,,39.05,1
,,,,,,Office Supplies,1
,,,,,,39.09,1
,,,,,,Office Supplies,1
,,,,,,39.1,1
,,,,,,Office Supplies,1
,,,,,,39.13,1
,,,,,,Office Supplies,1
,,,,,,39.14,2
,,,,,,Furniture,1
,,,,,,Technology,1
,,,,,,39.15,1
,,,,,,Office Supplies,1
,,,,,,39.16,1
,,,,,,Furniture,1
,,,,,,39.17,1
,,,,,,Office Supplies,1
,,,,,,39.19,1
,,,,,,Office Supplies,1
,,,,,,39.23,2
,,,,,,Office Supplies,1
,,,,,,Technology,1
,,,,,,39.25,1
,,,,,,Office Supplies,1
,,,,,,39.28,1
,,,,,,Technology,1
,,,,,,39.31,1
,,,,,,Office Supplies,1
,,,,,,39.37,1
,,,,,,Office Supplies,1
,,,,,,39.38,1
,,,,,,Furniture,1
,,,,,,39.39,1
,,,,,,Technology,1
,,,,,,39.44,1
,,,,,,Office Supplies,1
,,,,,,39.45,1
,,,,,,Office Supplies,1
,,,,,,39.5,1
,,,,,,Office Supplies,1
,,,,,,39.55,1
,,,,,,Office Supplies,1
,,,,,,39.58,1
,,,,,,Office Supplies,1
,,,,,,39.62,1
,,,,,,Office Supplies,1
,,,,,,39.65,1
,,,,,,Office Supplies,1
,,,,,,39.71,1
,,,,,,Technology,1
,,,,,,39.72,1
,,,,,,Furniture,1
,,,,,,39.76,1
,,,,,,Technology,1
,,,,,,39.8,1
,,,,,,Technology,1
,,,,,,39.81,1
,,,,,,Furniture,1
,,,,,,39.82,1
,,,,,,Office Supplies,1
,,,,,,39.83,1
,,,,,,Furniture,1
,,,,,,39.87,2
,,,,,,Furniture,2
,,,,,,39.88,1
,,,,,,Office Supplies,1
,,,,,,39.97,2
,,,,,,Office Supplies,2
,,,,,,39.98,1
,,,,,,Furniture,1
,,,,,,39.99,1
,,,,,,Office Supplies,1
,,,,,,40,1
,,,,,,Office Supplies,1
,,,,,,40.02,1
,,,,,,Office Supplies,1
,,,,,,40.05,1
,,,,,,Office Supplies,1
,,,,,,40.12,1
,,,,,,Office Supplies,1
,,,,,,40.17,2
,,,,,,Office Supplies,2
,,,,,,40.2,2
,,,,,,Furniture,1
,,,,,,Technology,1
,,,,,,40.21,1
,,,,,,Furniture,1
,,,,,,40.22,1
,,,,,,Office Supplies,1
,,,,,,40.29,1
,,,,,,Furniture,1
,,,,,,40.3,1
,,,,,,Office Supplies,1
,,,,,,40.33,1
,,,,,,Office Supplies,1
,,,,,,40.43,3
,,,,,,Furniture,1
,,,,,,Office Supplies,1
,,,,,,Technology,1
,,,,,,40.44,2
,,,,,,Furniture,1
,,,,,,Office Supplies,1
,,,,,,40.45,1
,,,,,,Furniture,1
,,,,,,40.46,1
,,,,,,Furniture,1
,,,,,,40.49,1
,,,,,,Office Supplies,1
,,,,,,40.51,1
,,,,,,Technology,1
,,,,,,40.52,2
,,,,,,Office Supplies,1
,,,,,,Technology,1
,,,,,,40.54,1
,,,,,,Office Supplies,1
,,,,,,40.56,1
,,,,,,Office Supplies,1
,,,,,,40.58,2
,,,,,,Furniture,1
,,,,,,Office Supplies,1
,,,,,,40.6,1
,,,,,,Office Supplies,1
,,,,,,40.63,2
,,,,,,Office Supplies,2
,,,,,,40.66,1
,,,,,,Office Supplies,1
,,,,,,40.67,1
,,,,,,Office Supplies,1
,,,,,,40.7,1
,,,,,,Office Supplies,1
,,,,,,40.71,1
,,,,,,Office Supplies,1
,,,,,,40.77,1
,,,,,,Office Supplies,1
,,,,,,40.78,1
,,,,,,Technology,1
,,,,,,40.8,1
,,,,,,Furniture,1
,,,,,,40.81,1
,,,,,,Technology,1
,,,,,,40.82,1
,,,,,,Furniture,1
,,,,,,40.83,1
,,,,,,Technology,1
,,,,,,40.84,2
,,,,,,Furniture,1
,,,,,,Technology,1
,,,,,,40.86,1
,,,,,,Furniture,1
,,,,,,40.87,1
,,,,,,Technology,1
,,,,,,40.89,1
,,,,,,Furniture,1
,,,,,,40.95,1
,,,,,,Office Supplies,1
,,,,,,40.96,2
,,,,,,Office Supplies,2
,,,,,,40.97,1
,,,,,,Office Supplies,1
,,,,,,40.99,2
,,,,,,Office Supplies,2
,,,,,,41,1
,,,,,,Office Supplies,1
,,,,,,41.02,1
,,,,,,Technology,1
,,,,,,41.03,2
,,,,,,Furniture,1
,,,,,,Office Supplies,1
,,,,,,41.06,1
,,,,,,Furniture,1
,,,,,,41.07,1
,,,,,,Technology,1
,,,,,,41.09,1
,,,,,,Technology,1
,,,,,,41.13,3
,,,,,,Furniture,1
,,,,,,Office Supplies,1
,,,,,,Technology,1
,,,,,,41.15,1
,,,,,,Furniture,1
,,,,,,41.17,1
,,,,,,Office Supplies,1
,,,,,,41.2,1
,,,,,,Office Supplies,1
,,,,,,41.24,1
,,,,,,Office Supplies,1
,,,,,,41.25,2
,,,,,,Office Supplies,2
,,,,,,41.28,1
,,,,,,Office Supplies,1
,,,,,,41.31,1
,,,,,,Technology,1
,,,,,,41.32,1
,,,,,,Office Supplies,1
,,,,,,41.33,1
,,,,,,Office Supplies,1
,,,,,,41.35,2
,,,,,,Furniture,1
,,,,,,Office Supplies,1
,,,,,,41.36,1
,,,,,,Furniture,1
,,,,,,41.39,2
,,,,,,Office Supplies,1
,,,,,,Technology,1
,,,,,,41.42,1
,,,,,,Technology,1
,,,,,,41.45,3
,,,,,,Office Supplies,3
,,,,,,41.51,1
,,,,,,Office Supplies,1
,,,,,,41.53,2
,,,,,,Furniture,1
,,,,,,Office Supplies,1
,,,,,,41.54,1
,,,,,,Office Supplies,1
,,,,,,41.56,1
,,,,,,Office Supplies,1
,,,,,,41.58,1
,,,,,,Technology,1
,,,,,,41.59,1
,,,,,,Office Supplies,1
,,,,,,41.6,2
,,,,,,Furniture,1
,,,,,,Office Supplies,1
,,,,,,41.66,1
,,,,,,Office Supplies,1
,,,,,,41.69,1
,,,,,,Furniture,1
,,,,,,41.7,2
,,,,,,Furniture,1
,,,,,,Office Supplies,1
,,,,,,41.76,1
,,,,,,Office Supplies,1
,,,,,,41.79,1
,,,,,,Office Supplies,1
,,,,,,41.82,1
,,,,,,Furniture,1
,,,,,,41.84,1
,,,,,,Office Supplies,1
,,,,,,41.86,1
,,,,,,Technology,1
,,,,,,41.88,1
,,,,,,Furniture,1
,,,,,,41.89,1
,,,,,,Furniture,1
,,,,,,41.9,2
,,,,,,Furniture,1
,,,,,,Technology,1
,,,,,,41.95,1
,,,,,,Furniture,1
,,,,,,41.97,1
,,,,,,Office Supplies,1
,,,,,,41.98,2
,,,,,,Office Supplies,1
,,,,,,Technology,1
,,,,,,42,2
,,,,,,Furniture,1
,,,,,,Office Supplies,1
,,,,,,42.01,1
,,,,,,Office Supplies,1
,,,,,,42.03,1
,,,,,,Office Supplies,1
,,,,,,42.04,1
,,,,,,Office Supplies,1
,,,,,,42.05,1
,,,,,,Furniture,1
,,,,,,42.06,1
,,,,,,Office Supplies,1
,,,,,,42.12,1
,,,,,,Furniture,1
,,,,,,42.15,1
,,,,,,Technology,1
,,,,,,42.16,1
,,,,,,Technology,1
,,,,,,42.19,1
,,,,,,Office Supplies,1
,,,,,,42.22,2
,,,,,,Furniture,1
,,,,,,Office Supplies,1
,,,,,,42.23,1
,,,,,,Technology,1
,,,,,,42.27,1
,,,,,,Office Supplies,1
,,,,,,42.28,1
,,,,,,Technology,1
,,,,,,42.32,1
,,,,,,Office Supplies,1
,,,,,,42.33,1
,,,,,,Office Supplies,1
,,,,,,42.43,1
,,,,,,Technology,1
,,,,,,42.44,1
,,,,,,Office Supplies,1
,,,,,,42.45,1
,,,,,,Office Supplies,1
,,,,,,42.47,1
,,,,,,Furniture,1
,,,,,,42.5,1
,,,,,,Office Supplies,1
,,,,,,42.52,1
,,,,,,Furniture,1
,,,,,,42.53,1
,,,,,,Furniture,1
,,,,,,42.54,1
,,,,,,Office Supplies,1
,,,,,,42.56,1
,,,,,,Furniture,1
,,,,,,42.57,2
,,,,,,Office Supplies,2
,,,,,,42.58,2
,,,,,,Furniture,2
,,,,,,42.59,2
,,,,,,Furniture,1
,,,,,,Office Supplies,1
,,,,,,42.61,1
,,,,,,Office Supplies,1
,,,,,,42.63,1
,,,,,,Office Supplies,1
,,,,,,42.66,1
,,,,,,Furniture,1
,,,,,,42.68,2
,,,,,,Office Supplies,2
,,,,,,42.72,1
,,,,,,Office Supplies,1
,,,,,,42.75,1
,,,,,,Furniture,1
,,,,,,42.78,1
,,,,,,Technology,1
,,,,,,42.83,1
,,,,,,Furniture,1
,,,,,,42.85,4
,,,,,,Office Supplies,4
,,,,,,42.86,1
,,,,,,Office Supplies,1
,,,,,,42.87,2
,,,,,,Office Supplies,2
,,,,,,42.88,1
,,,,,,Office Supplies,1
,,,,,,42.89,2
,,,,,,Office Supplies,1
,,,,,,Technology,1
,,,,,,42.9,1
,,,,,,Office Supplies,1
,,,,,,42.92,1
,,,,,,Office Supplies,1
,,,,,,42.95,1
,,,,,,Office Supplies,1
,,,,,,42.99,1
,,,,,,Office Supplies,1
,,,,,,43,1
,,,,,,Office Supplies,1
,,,,,,43.03,1
,,,,,,Office Supplies,1
,,,,,,43.04,1
,,,,,,Furniture,1
,,,,,,43.06,1
,,,,,,Office Supplies,1
,,,,,,43.1,1
,,,,,,Furniture,1
,,,,,,43.11,2
,,,,,,Furniture,1
,,,,,,Office Supplies,1
,,,,,,43.14,1
,,,,,,Technology,1
,,,,,,43.2,1
,,,,,,Furniture,1
,,,,,,43.21,1
,,,,,,Furniture,1
,,,,,,43.33,1
,,,,,,Office Supplies,1
,,,,,,43.34,1
,,,,,,Furniture,1
,,,,,,43.36,1
,,,,,,Furniture,1
,,,,,,43.39,1
,,,,,,Office Supplies,1
,,,,,,43.4,2
,,,,,,Office Supplies,2
,,,,,,43.41,1
,,,,,,Office Supplies,1
,,,,,,43.44,1
,,,,,,Furniture,1
,,,,,,43.45,2
,,,,,,Office Supplies,1
,,,,,,Technology,1
,,,,,,43.5,1
,,,,,,Office Supplies,1
,,,,,,43.51,1
,,,,,,Office Supplies,1
,,,,,,43.52,1
,,,,,,Technology,1
,,,,,,43.53,1
,,,,,,Office Supplies,1
,,,,,,43.54,1
,,,,,,Technology,1
,,,,,,43.55,1
,,,,,,Office Supplies,1
,,,,,,43.57,1
,,,,,,Furniture,1
,,,,,,43.66,2
,,,,,,Office Supplies,1
,,,,,,Technology,1
,,,,,,43.67,1
,,,,,,Furniture,1
,,,,,,43.68,1
,,,,,,Furniture,1
,,,,,,43.69,1
,,,,,,Office Supplies,1
,,,,,,43.75,1
,,,,,,Office Supplies,1
,,,,,,43.76,1
,,,,,,Furniture,1
,,,,,,43.77,1
,,,,,,Technology,1
,,,,,,43.78,1
,,,,,,Office Supplies,1
,,,,,,43.79,1
,,,,,,Furniture,1
,,,,,,43.8,1
,,,,,,Technology,1
,,,,,,43.83,1
,,,,,,Office Supplies,1
,,,,,,43.85,1
,,,,,,Furniture,1
,,,,,,43.87,2
,,,,,,Office Supplies,1
,,,,,,Technology,1
,,,,,,43.9,2
,,,,,,Office Supplies,2
,,,,,,43.94,2
,,,,,,Office Supplies,2
,,,,,,43.95,1
,,,,,,Office Supplies,1
,,,,,,43.96,1
,,,,,,Office Supplies,1
,,,,,,44.02,1
,,,,,,Office Supplies,1
,,,,,,44.03,1
,,,,,,Office Supplies,1
,,,,,,44.06,3
,,,,,,Furniture,2
,,,,,,Office Supplies,1
,,,,,,44.07,1
,,,,,,Office Supplies,1
,,,,,,44.1,2
,,,,,,Furniture,1
,,,,,,Office Supplies,1
,,,,,,44.12,3
,,,,,,Furniture,1
,,,,,,Office Supplies,2
,,,,,,44.18,1
,,,,,,Office Supplies,1
,,,,,,44.19,2
,,,,,,Office Supplies,1
,,,,,,Technology,1
,,,,,,44.2,1
,,,,,,Office Supplies,1
,,,,,,44.21,1
,,,,,,Office Supplies,1
,,,,,,44.26,1
,,,,,,Furniture,1
,,,,,,44.3,1
,,,,,,Furniture,1
,,,,,,44.32,1
,,,,,,Technology,1
,,,,,,44.38,1
,,,,,,Office Supplies,1
,,,,,,44.4,1
,,,,,,Office Supplies,1
,,,,,,44.42,2
,,,,,,Office Supplies,2
,,,,,,44.43,2
,,,,,,Furniture,1
,,,,,,Office Supplies,1
,,,,,,44.44,1
,,,,,,Office Supplies,1
,,,,,,44.45,1
,,,,,,Office Supplies,1
,,,,,,44.47,1
,,,,,,Office Supplies,1
,,,,,,44.49,1
,,,,,,Office Supplies,1
,,,,,,44.5,1
,,,,,,Office Supplies,1
,,,,,,44.53,1
,,,,,,Office Supplies,1
,,,,,,44.55,1
,,,,,,Office Supplies,1
,,,,,,44.58,1
,,,,,,Office Supplies,1
,,,,,,44.62,1
,,,,,,Furniture,1
,,,,,,44.66,1
,,,,,,Technology,1
,,,,,,44.69,1
,,,,,,Office Supplies,1
,,,,,,44.7,1
,,,,,,Office Supplies,1
,,,,,,44.75,1
,,,,,,Office Supplies,1
,,,,,,44.76,2
,,,,,,Office Supplies,2
,,,,,,44.79,1
,,,,,,Office Supplies,1
,,,,,,44.81,1
,,,,,,Office Supplies,1
,,,,,,44.82,1
,,,,,,Office Supplies,1
,,,,,,44.84,1
,,,,,,Office Supplies,1
,,,,,,44.86,2
,,,,,,Office Supplies,2
,,,,,,44.87,1
,,,,,,Furniture,1
,,,,,,44.9,1
,,,,,,Technology,1
,,,,,,44.91,1
,,,,,,Office Supplies,1
,,,,,,44.94,1
,,,,,,Office Supplies,1
,,,,,,44.95,2
,,,,,,Office Supplies,2
,,,,,,45.04,1
,,,,,,Office Supplies,1
,,,,,,45.05,2
,,,,,,Office Supplies,2
,,,,,,45.06,2
,,,,,,Furniture,1
,,,,,,Office Supplies,1
,,,,,,45.08,2
,,,,,,Furniture,2
,,,,,,45.13,1
,,,,,,Office Supplies,1
,,,,,,45.14,1
,,,,,,Office Supplies,1
,,,,,,45.17,1
,,,,,,Furniture,1
,,,,,,45.23,1
,,,,,,Office Supplies,1
,,,,,,45.24,1
,,,,,,Office Supplies,1
,,,,,,45.26,1
,,,,,,Technology,1
,,,,,,45.3,1
,,,,,,Furniture,1
,,,,,,45.32,1
,,,,,,Office Supplies,1
,,,,,,45.35,2
,,,,,,Furniture,1
,,,,,,Technology,1
,,,,,,45.36,1
,,,,,,Office Supplies,1
,,,,,,45.39,1
,,,,,,Furniture,1
,,,,,,45.41,2
,,,,,,Furniture,1
,,,,,,Technology,1
,,,,,,45.42,1
,,,,,,Office Supplies,1
,,,,,,45.43,1
,,,,,,Office Supplies,1
,,,,,,45.46,1
,,,,,,Furniture,1
,,,,,,45.47,1
,,,,,,Technology,1
,,,,,,45.48,1
,,,,,,Technology,1
,,,,,,45.49,1
,,,,,,Office Supplies,1
,,,,,,45.5,3
,,,,,,Office Supplies,3
,,,,,,45.51,1
,,,,,,Office Supplies,1
,,,,,,45.54,1
,,,,,,Office Supplies,1
,,,,,,45.56,1
,,,,,,Technology,1
,,,,,,45.57,1
,,,,,,Technology,1
,,,,,,45.58,1
,,,,,,Office Supplies,1
,,,,,,45.59,3
,,,,,,Office Supplies,3
,,,,,,45.6,1
,,,,,,Furniture,1
,,,,,,45.61,2
,,,,,,Office Supplies,2
,,,,,,45.63,1
,,,,,,Technology,1
,,,,,,45.64,2
,,,,,,Furniture,1
,,,,,,Office Supplies,1
,,,,,,45.67,1
,,,,,,Furniture,1
,,,,,,45.7,1
,,,,,,Office Supplies,1
,,,,,,45.71,1
,,,,,,Office Supplies,1
,,,,,,45.72,2
,,,,,,Furniture,1
,,,,,,Technology,1
,,,,,,45.73,1
,,,,,,Office Supplies,1
,,,,,,45.83,1
,,,,,,Office Supplies,1
,,,,,,45.85,2
,,,,,,Office Supplies,2
,,,,,,45.87,2
,,,,,,Furniture,1
,,,,,,Office Supplies,1
,,,,,,45.9,1
,,,,,,Office Supplies,1
,,,,,,45.91,1
,,,,,,Office Supplies,1
,,,,,,45.92,1
,,,,,,Furniture,1
,,,,,,45.93,1
,,,,,,Furniture,1
,,,,,,45.94,1
,,,,,,Office Supplies,1
,,,,,,46.04,1
,,,,,,Technology,1
,,,,,,46.06,1
,,,,,,Office Supplies,1
,,,,,,46.1,1
,,,,,,Technology,1
,,,,,,46.11,2
,,,,,,Office Supplies,1
,,,,,,Technology,1
,,,,,,46.13,1
,,,,,,Technology,1
,,,,,,46.14,1
,,,,,,Office Supplies,1
,,,,,,46.2,1
,,,,,,Technology,1
,,,,,,46.22,2
,,,,,,Furniture,2
,,,,,,46.23,3
,,,,,,Office Supplies,3
,,,,,,46.26,1
,,,,,,Technology,1
,,,,,,46.27,1
,,,,,,Furniture,1
,,,,,,46.3,1
,,,,,,Office Supplies,1
,,,,,,46.31,1
,,,,,,Office Supplies,1
,,,,,,46.35,1
,,,,,,Technology,1
,,,,,,46.37,1
,,,,,,Office Supplies,1
,,,,,,46.39,1
,,,,,,Furniture,1
,,,,,,46.46,1
,,,,,,Office Supplies,1
,,,,,,46.49,2
,,,,,,Furniture,1
,,,,,,Office Supplies,1
,,,,,,46.5,1
,,,,,,Office Supplies,1
,,,,,,46.53,2
,,,,,,Office Supplies,1
,,,,,,Technology,1
,,,,,,46.54,1
,,,,,,Office Supplies,1
,,,,,,46.56,1
,,,,,,Furniture,1
,,,,,,46.59,2
,,,,,,Office Supplies,2
,,,,,,46.6,1
,,,,,,Technology,1
,,,,,,46.61,1
,,,,,,Technology,1
,,,,,,46.62,1
,,,,,,Office Supplies,1
,,,,,,46.65,1
,,,,,,Office Supplies,1
,,,,,,46.71,3
,,,,,,Office Supplies,3
,,,,,,46.72,3
,,,,,,Office Supplies,3
,,,,,,46.77,1
,,,,,,Office Supplies,1
,,,,,,46.79,2
,,,,,,Furniture,1
,,,,,,Office Supplies,1
,,,,,,46.8,1
,,,,,,Office Supplies,1
,,,,,,46.84,1
,,,,,,Office Supplies,1
,,,,,,46.85,1
,,,,,,Office Supplies,1
,,,,,,46.87,1
,,,,,,Furniture,1
,,,,,,46.92,1
,,,,,,Office Supplies,1
,,,,,,46.93,1
,,,,,,Office Supplies,1
,,,,,,46.94,1
,,,,,,Furniture,1
,,,,,,46.96,2
,,,,,,Furniture,1
,,,,,,Office Supplies,1
,,,,,,47.01,1
,,,,,,Office Supplies,1
,,,,,,47.03,1
,,,,,,Furniture,1
,,,,,,47.1,1
,,,,,,Office Supplies,1
,,,,,,47.11,1
,,,,,,Office Supplies,1
,,,,,,47.12,1
,,,,,,Office Supplies,1
,,,,,,47.14,1
,,,,,,Technology,1
,,,,,,47.19,1
,,,,,,Furniture,1
,,,,,,47.21,1
,,,,,,Furniture,1
,,,,,,47.23,1
,,,,,,Technology,1
,,,,,,47.28,2
,,,,,,Office Supplies,1
,,,,,,Technology,1
,,,,,,47.29,1
,,,,,,Office Supplies,1
,,,,,,47.31,4
,,,,,,Furniture,2
,,,,,,Office Supplies,1
,,,,,,Technology,1
,,,,,,47.38,2
,,,,,,Furniture,1
,,,,,,Office Supplies,1
,,,,,,47.42,1
,,,,,,Office Supplies,1
,,,,,,47.43,1
,,,,,,Office Supplies,1
,,,,,,47.46,1
,,,,,,Office Supplies,1
,,,,,,47.47,2
,,,,,,Office Supplies,2
,,,,,,47.53,1
,,,,,,Office Supplies,1
,,,,,,47.57,1
,,,,,,Office Supplies,1
,,,,,,47.59,1
,,,,,,Office Supplies,1
,,,,,,47.62,2
,,,,,,Office Supplies,1
,,,,,,Technology,1
,,,,,,47.66,1
,,,,,,Office Supplies,1
,,,,,,47.69,1
,,,,,,Furniture,1
,,,,,,47.71,1
,,,,,,Office Supplies,1
,,,,,,47.73,1
,,,,,,Furniture,1
,,,,,,47.74,2
,,,,,,Furniture,2
,,,,,,47.78,2
,,,,,,Furniture,1
,,,,,,Office Supplies,1
,,,,,,47.79,1
,,,,,,Office Supplies,1
,,,,,,47.82,1
,,,,,,Office Supplies,1
,,,,,,47.88,1
,,,,,,Office Supplies,1
,,,,,,47.89,1
,,,,,,Furniture,1
,,,,,,47.94,1
,,,,,,Office Supplies,1
,,,,,,47.97,1
,,,,,,Furniture,1
,,,,,,47.98,1
,,,,,,Furniture,1
,,,,,,48.02,1
,,,,,,Technology,1
,,,,,,48.03,1
,,,,,,Office Supplies,1
,,,,,,48.04,2
,,,,,,Furniture,1
,,,,,,Office Supplies,1
,,,,,,48.06,1
,,,,,,Furniture,1
,,,,,,48.07,2
,,,,,,Office Supplies,1
,,,,,,Technology,1
,,,,,,48.08,1
,,,,,,Office Supplies,1
,,,,,,48.09,1
,,,,,,Office Supplies,1
,,,,,,48.1,1
,,,,,,Office Supplies,1
,,,,,,48.11,1
,,,,,,Furniture,1
,,,,,,48.12,1
,,,,,,Furniture,1
,,,,,,48.13,4
,,,,,,Furniture,1
,,,,,,Office Supplies,3
,,,,,,48.15,1
,,,,,,Furniture,1
,,,,,,48.19,1
,,,,,,Furniture,1
,,,,,,48.21,1
,,,,,,Office Supplies,1
,,,,,,48.22,1
,,,,,,Office Supplies,1
,,,,,,48.23,1
,,,,,,Office Supplies,1
,,,,,,48.24,2
,,,,,,Office Supplies,2
,,,,,,48.25,1
,,,,,,Office Supplies,1
,,,,,,48.26,2
,,,,,,Office Supplies,1
,,,,,,Technology,1
,,,,,,48.27,1
,,,,,,Office Supplies,1
,,,,,,48.35,1
,,,,,,Office Supplies,1
,,,,,,48.37,1
,,,,,,Office Supplies,1
,,,,,,48.42,1
,,,,,,Office Supplies,1
,,,,,,48.45,3
,,,,,,Office Supplies,3
,,,,,,48.47,1
,,,,,,Office Supplies,1
,,,,,,48.5,2
,,,,,,Office Supplies,1
,,,,,,Technology,1
,,,,,,48.55,1
,,,,,,Technology,1
,,,,,,48.56,1
,,,,,,Office Supplies,1
,,,,,,48.58,1
,,,,,,Furniture,1
,,,,,,48.61,1
,,,,,,Office Supplies,1
,,,,,,48.62,2
,,,,,,Office Supplies,2
,,,,,,48.64,1
,,,,,,Office Supplies,1
,,,,,,48.65,1
,,,,,,Office Supplies,1
,,,,,,48.69,2
,,,,,,Furniture,1
,,,,,,Office Supplies,1
,,,,,,48.7,1
,,,,,,Office Supplies,1
,,,,,,48.74,1
,,,,,,Technology,1
,,,,,,48.77,1
,,,,,,Furniture,1
,,,,,,48.8,1
,,,,,,Office Supplies,1
,,,,,,48.9,1
,,,,,,Technology,1
,,,,,,48.92,2
,,,,,,Office Supplies,2
,,,,,,48.94,1
,,,,,,Technology,1
,,,,,,48.95,1
,,,,,,Office Supplies,1
,,,,,,48.96,1
,,,,,,Office Supplies,1
,,,,,,49.02,1
,,,,,,Office Supplies,1
,,,,,,49.05,2
,,,,,,Furniture,1
,,,,,,Office Supplies,1
,,,,,,49.09,1
,,,,,,Furniture,1
,,,,,,49.14,2
,,,,,,Office Supplies,1
,,,,,,Technology,1
,,,,,,49.17,1
,,,,,,Office Supplies,1
,,,,,,49.21,3
,,,,,,Office Supplies,3
,,,,,,49.25,1
,,,,,,Furniture,1
,,,,,,49.26,1
,,,,,,Office Supplies,1
,,,,,,49.29,1
,,,,,,Technology,1
,,,,,,49.32,1
,,,,,,Office Supplies,1
,,,,,,49.36,1
,,,,,,Office Supplies,1
,,,,,,49.37,2
,,,,,,Office Supplies,2
,,,,,,49.39,1
,,,,,,Office Supplies,1
,,,,,,49.41,1
,,,,,,Office Supplies,1
,,,,,,49.43,1
,,,,,,Office Supplies,1
,,,,,,49.44,1
,,,,,,Office Supplies,1
,,,,,,49.45,2
,,,,,,Office Supplies,1
,,,,,,Technology,1
,,,,,,49.46,1
,,,,,,Furniture,1
,,,,,,49.49,1
,,,,,,Office Supplies,1
,,,,,,49.5,1
,,,,,,Technology,1
,,,,,,49.53,1
,,,,,,Technology,1
,,,,,,49.57,1
,,,,,,Office Supplies,1
,,,,,,49.61,1
,,,,,,Technology,1
,,,,,,49.62,1
,,,,,,Furniture,1
,,,,,,49.66,1
,,,,,,Technology,1
,,,,,,49.68,2
,,,,,,Furniture,1
,,,,,,Office Supplies,1
,,,,,,49.71,1
,,,,,,Office Supplies,1
,,,,,,49.73,1
,,,,,,Furniture,1
,,,,,,49.79,1
,,,,,,Technology,1
,,,,,,49.81,1
,,,,,,Office Supplies,1
,,,,,,49.86,1
,,,,,,Furniture,1
,,,,,,49.89,1
,,,,,,Office Supplies,1
,,,,,,49.95,1
,,,,,,Furniture,1
,,,,,,49.96,1
,,,,,,Technology,1
,,,,,,49.97,2
,,,,,,Office Supplies,2
,,,,,,49.99,1
,,,,,,Furniture,1
,,,,,,50.05,1
,,,,,,Technology,1
,,,,,,50.09,1
,,,,,,Office Supplies,1
,,,,,,50.14,2
,,,,,,Furniture,2
,,,,,,50.15,1
,,,,,,Office Supplies,1
,,,,,,50.16,1
,,,,,,Office Supplies,1
,,,,,,50.17,1
,,,,,,Office Supplies,1
,,,,,,50.18,1
,,,,,,Office Supplies,1
,,,,,,50.19,2
,,,,,,Office Supplies,1
,,,,,,Technology,1
,,,,,,50.2,1
,,,,,,Technology,1
,,,,,,50.21,1
,,,,,,Office Supplies,1
,,,,,,50.24,1
,,,,,,Office Supplies,1
,,,,,,50.25,1
,,,,,,Furniture,1
,,,,,,50.29,2
,,,,,,Furniture,1
,,,,,,Office Supplies,1
,,,,,,50.34,1
,,,,,,Office Supplies,1
,,,,,,50.35,2
,,,,,,Office Supplies,2
,,,,,,50.39,1
,,,,,,Office Supplies,1
,,,,,,50.41,1
,,,,,,Technology,1
,,,,,,50.42,1
,,,,,,Technology,1
,,,,,,50.5,2
,,,,,,Furniture,1
,,,,,,Office Supplies,1
,,,,,,50.54,2
,,,,,,Furniture,1
,,,,,,Office Supplies,1
,,,,,,50.56,1
,,,,,,Office Supplies,1
,,,,,,50.57,1
,,,,,,Technology,1
,,,,,,50.59,2
,,,,,,Office Supplies,1
,,,,,,Technology,1
,,,,,,50.64,1
,,,,,,Technology,1
,,,,,,50.66,1
,,,,,,Office Supplies,1
,,,,,,50.71,1
,,,,,,Office Supplies,1
,,,,,,50.75,1
,,,,,,Furniture,1
,,,,,,50.77,1
,,,,,,Furniture,1
,,,,,,50.78,2
,,,,,,Furniture,1
,,,,,,Office Supplies,1
,,,,,,50.81,1
,,,,,,Office Supplies,1
,,,,,,50.83,1
,,,,,,Furniture,1
,,,,,,50.85,1
,,,,,,Office Supplies,1
,,,,,,50.87,1
,,,,,,Office Supplies,1
,,,,,,50.91,2
,,,,,,Office Supplies,2
,,,,,,50.93,3
,,,,,,Furniture,1
,,,,,,Office Supplies,2
,,,,,,50.95,2
,,,,,,Office Supplies,2
,,,,,,50.96,1
,,,,,,Office Supplies,1
,,,,,,51.03,1
,,,,,,Office Supplies,1
,,,,,,51.04,2
,,,,,,Furniture,1
,,,,,,Office Supplies,1
,,,,,,51.06,2
,,,,,,Furniture,1
,,,,,,Office Supplies,1
,,,,,,51.07,1
,,,,,,Office Supplies,1
,,,,,,51.08,1
,,,,,,Technology,1
,,,,,,51.09,1
,,,,,,Office Supplies,1
,,,,,,51.11,1
,,,,,,Office Supplies,1
,,,,,,51.13,1
,,,,,,Furniture,1
,,,,,,51.16,1
,,,,,,Technology,1
,,,,,,51.27,1
,,,,,,Office Supplies,1
,,,,,,51.28,1
,,,,,,Office Supplies,1
,,,,,,51.3,1
,,,,,,Office Supplies,1
,,,,,,51.32,1
,,,,,,Office Supplies,1
,,,,,,51.39,1
,,,,,,Technology,1
,,,,,,51.41,3
,,,,,,Furniture,2
,,,,,,Office Supplies,1
,,,,,,51.48,1
,,,,,,Furniture,1
,,,,,,51.51,1
,,,,,,Office Supplies,1
,,,,,,51.52,1
,,,,,,Office Supplies,1
,,,,,,51.53,1
,,,,,,Office Supplies,1
,,,,,,51.56,2
,,,,,,Office Supplies,1
,,,,,,Technology,1
,,,,,,51.61,1
,,,,,,Office Supplies,1
,,,,,,51.64,1
,,,,,,Office Supplies,1
,,,,,,51.65,1
,,,,,,Furniture,1
,,,,,,51.7,1
,,,,,,Furniture,1
,,,,,,51.74,1
,,,,,,Technology,1
,,,,,,51.76,2
,,,,,,Furniture,1
,,,,,,Office Supplies,1
,,,,,,51.81,1
,,,,,,Office Supplies,1
,,,,,,51.82,1
,,,,,,Office Supplies,1
,,,,,,51.83,1
,,,,,,Office Supplies,1
,,,,,,51.88,2
,,,,,,Furniture,1
,,,,,,Office Supplies,1
,,,,,,51.9,1
,,,,,,Technology,1
,,,,,,51.91,1
,,,,,,Furniture,1
,,,,,,51.97,1
,,,,,,Furniture,1
,,,,,,51.98,1
,,,,,,Technology,1
,,,,,,52.01,2
,,,,,,Office Supplies,2
,,,,,,52.03,2
,,,,,,Furniture,1
,,,,,,Office Supplies,1
,,,,,,52.04,1
,,,,,,Office Supplies,1
,,,,,,52.06,2
,,,,,,Furniture,1
,,,,,,Technology,1
,,,,,,52.09,1
,,,,,,Technology,1
,,,,,,52.12,1
,,,,,,Office Supplies,1
,,,,,,52.13,2
,,,,,,Furniture,1
,,,,,,Technology,1
,,,,,,52.14,1
,,,,,,Technology,1
,,,,,,52.2,1
,,,,,,Furniture,1
,,,,,,52.22,1
,,,,,,Technology,1
,,,,,,52.23,1
,,,,,,Technology,1
,,,,,,52.25,1
,,,,,,Office Supplies,1
,,,,,,52.27,1
,,,,,,Office Supplies,1
,,,,,,52.33,1
,,,,,,Office Supplies,1
,,,,,,52.34,2
,,,,,,Furniture,1
,,,,,,Office Supplies,1
,,,,,,52.44,1
,,,,,,Office Supplies,1
,,,,,,52.45,1
,,,,,,Technology,1
,,,,,,52.5,2
,,,,,,Furniture,1
,,,,,,Technology,1
,,,,,,52.6,2
,,,,,,Office Supplies,1
,,,,,,Technology,1
,,,,,,52.64,2
,,,,,,Furniture,1
,,,,,,Office Supplies,1
,,,,,,52.66,2
,,,,,,Office Supplies,1
,,,,,,Technology,1
,,,,,,52.68,1
,,,,,,Technology,1
,,,,,,52.69,1
,,,,,,Furniture,1
,,,,,,52.73,1
,,,,,,Office Supplies,1
,,,,,,52.74,1
,,,,,,Office Supplies,1
,,,,,,52.77,1
,,,,,,Technology,1
,,,,,,52.79,1
,,,,,,Furniture,1
,,,,,,52.8,1
,,,,,,Office Supplies,1
,,,,,,52.81,2
,,,,,,Office Supplies,2
,,,,,,52.83,1
,,,,,,Office Supplies,1
,,,,,,52.91,1
,,,,,,Furniture,1
,,,,,,52.94,1
,,,,,,Office Supplies,1
,,,,,,52.96,1
,,,,,,Furniture,1
,,,,,,52.98,2
,,,,,,Furniture,1
,,,,,,Office Supplies,1
,,,,,,53,3
,,,,,,Furniture,2
,,,,,,Office Supplies,1
,,,,,,53.04,1
,,,,,,Office Supplies,1
,,,,,,53.05,1
,,,,,,Office Supplies,1
,,,,,,53.11,2
,,,,,,Office Supplies,2
,,,,,,53.13,2
,,,,,,Furniture,1
,,,,,,Office Supplies,1
,,,,,,53.15,1
,,,,,,Office Supplies,1
,,,,,,53.2,1
,,,,,,Office Supplies,1
,,,,,,53.22,1
,,,,,,Technology,1
,,,,,,53.24,2
,,,,,,Office Supplies,1
,,,,,,Technology,1
,,,,,,53.27,1
,,,,,,Furniture,1
,,,,,,53.31,1
,,,,,,Office Supplies,1
,,,,,,53.32,1
,,,,,,Technology,1
,,,,,,53.33,1
,,,,,,Office Supplies,1
,,,,,,53.35,1
,,,,,,Office Supplies,1
,,,,,,53.37,1
,,,,,,Office Supplies,1
,,,,,,53.38,1
,,,,,,Technology,1
,,,,,,53.4,1
,,,,,,Technology,1
,,,,,,53.44,1
,,,,,,Office Supplies,1
,,,,,,53.52,1
,,,,,,Office Supplies,1
,,,,,,53.55,2
,,,,,,Office Supplies,1
,,,,,,Technology,1
,,,,,,53.64,2
,,,,,,Office Supplies,2
,,,,,,53.71,1
,,,,,,Technology,1
,,,,,,53.73,2
,,,,,,Office Supplies,2
,,,,,,53.74,2
,,,,,,Furniture,1
,,,,,,Technology,1
,,,,,,53.76,1
,,,,,,Office Supplies,1
,,,,,,53.81,2
,,,,,,Office Supplies,1
,,,,,,Technology,1
,,,,,,53.84,1
,,,,,,Office Supplies,1
,,,,,,53.9,1
,,,,,,Furniture,1
,,,,,,53.91,1
,,,,,,Technology,1
,,,,,,53.95,3
,,,,,,Office Supplies,3
,,,,,,53.96,2
,,,,,,Office Supplies,2
,,,,,,54.01,1
,,,,,,Office Supplies,1
,,,,,,54.09,2
,,,,,,Office Supplies,2
,,,,,,54.13,3
,,,,,,Office Supplies,3
,,,,,,54.14,1
,,,,,,Office Supplies,1
,,,,,,54.16,1
,,,,,,Furniture,1
,,,,,,54.19,1
,,,,,,Technology,1
,,,,,,54.2,1
,,,,,,Office Supplies,1
,,,,,,54.23,1
,,,,,,Office Supplies,1
,,,,,,54.29,2
,,,,,,Office Supplies,2
,,,,,,54.34,2
,,,,,,Furniture,1
,,,,,,Office Supplies,1
,,,,,,54.36,1
,,,,,,Technology,1
,,,,,,54.38,2
,,,,,,Office Supplies,2
,,,,,,54.39,1
,,,,,,Office Supplies,1
,,,,,,54.4,2
,,,,,,Furniture,2
,,,,,,54.41,1
,,,,,,Technology,1
,,,,,,54.43,1
,,,,,,Office Supplies,1
,,,,,,54.46,1
,,,,,,Office Supplies,1
,,,,,,54.47,1
,,,,,,Technology,1
,,,,,,54.49,1
,,,,,,Office Supplies,1
,,,,,,54.51,2
,,,,,,Office Supplies,2
,,,,,,54.56,1
,,,,,,Office Supplies,1
,,,,,,54.57,1
,,,,,,Office Supplies,1
,,,,,,54.6,1
,,,,,,Office Supplies,1
,,,,,,54.61,1
,,,,,,Office Supplies,1
,,,,,,54.62,1
,,,,,,Technology,1
,,,,,,54.65,1
,,,,,,Office Supplies,1
,,,,,,54.67,1
,,,,,,Office Supplies,1
,,,,,,54.68,2
,,,,,,Office Supplies,2
,,,,,,54.7,2
,,,,,,Office Supplies,2
,,,,,,54.73,1
,,,,,,Office Supplies,1
,,,,,,54.8,1
,,,,,,Office Supplies,1
,,,,,,54.81,1
,,,,,,Technology,1
,,,,,,54.85,1
,,,,,,Furniture,1
,,,,,,54.87,1
,,,,,,Furniture,1
,,,,,,54.89,1
,,,,,,Office Supplies,1
,,,,,,54.95,3
,,,,,,Furniture,2
,,,,,,Office Supplies,1
,,,,,,54.99,1
,,,,,,Technology,1
,,,,,,55.01,1
,,,,,,Office Supplies,1
,,,,,,55.03,1
,,,,,,Office Supplies,1
,,,,,,55.04,2
,,,,,,Office Supplies,1
,,,,,,Technology,1
,,,,,,55.05,1
,,,,,,Office Supplies,1
,,,,,,55.08,2
,,,,,,Furniture,1
,,,,,,Office Supplies,1
,,,,,,55.1,1
,,,,,,Furniture,1
,,,,,,55.12,1
,,,,,,Office Supplies,1
,,,,,,55.13,1
,,,,,,Office Supplies,1
,,,,,,55.16,1
,,,,,,Office Supplies,1
,,,,,,55.17,1
,,,,,,Technology,1
,,,,,,55.2,2
,,,,,,Furniture,2
,,,,,,55.22,2
,,,,,,Furniture,1
,,,,,,Technology,1
,,,,,,55.23,2
,,,,,,Furniture,1
,,,,,,Technology,1
,,,,,,55.29,1
,,,,,,Office Supplies,1
,,,,,,55.32,2
,,,,,,Furniture,1
,,,,,,Technology,1
,,,,,,55.33,1
,,,,,,Furniture,1
,,,,,,55.4,1
,,,,,,Office Supplies,1
,,,,,,55.41,1
,,,,,,Furniture,1
,,,,,,55.45,3
,,,,,,Furniture,2
,,,,,,Office Supplies,1
,,,,,,55.46,1
,,,,,,Furniture,1
,,,,,,55.48,1
,,,,,,Office Supplies,1
,,,,,,55.51,1
,,,,,,Office Supplies,1
,,,,,,55.52,1
,,,,,,Office Supplies,1
,,,,,,55.54,1
,,,,,,Technology,1
,,,,,,55.55,1
,,,,,,Office Supplies,1
,,,,,,55.58,1
,,,,,,Furniture,1
,,,,,,55.59,3
,,,,,,Furniture,1
,,,,,,Office Supplies,1
,,,,,,Technology,1
,,,,,,55.61,1
,,,,,,Technology,1
,,,,,,55.63,1
,,,,,,Office Supplies,1
,,,,,,55.68,1
,,,,,,Furniture,1
,,,,,,55.69,1
,,,,,,Office Supplies,1
,,,,,,55.71,1
,,,,,,Office Supplies,1
,,,,,,55.73,1
,,,,,,Office Supplies,1
,,,,,,55.81,1
,,,,,,Technology,1
,,,,,,55.82,1
,,,,,,Furniture,1
,,,,,,55.83,3
,,,,,,Furniture,1
,,,,,,Office Supplies,2
,,,,,,55.85,1
,,,,,,Technology,1
,,,,,,55.9,1
,,,,,,Technology,1
,,,,,,55.91,1
,,,,,,Office Supplies,1
,,,,,,55.92,2
,,,,,,Office Supplies,2
,,,,,,55.94,2
,,,,,,Technology,2
,,,,,,55.95,1
,,,,,,Office Supplies,1
,,,,,,55.98,2
,,,,,,Office Supplies,2
,,,,,,56,1
,,,,,,Furniture,1
,,,,,,56.01,1
,,,,,,Office Supplies,1
,,,,,,56.05,1
,,,,,,Office Supplies,1
,,,,,,56.06,1
,,,,,,Office Supplies,1
,,,,,,56.07,1
,,,,,,Office Supplies,1
,,,,,,56.08,1
,,,,,,Furniture,1
,,,,,,56.09,1
,,,,,,Office Supplies,1
,,,,,,56.1,2
,,,,,,Furniture,1
,,,,,,Office Supplies,1
,,,,,,56.16,1
,,,,,,Office Supplies,1
,,,,,,56.2,2
,,,,,,Office Supplies,1
,,,,,,Technology,1
,,,,,,56.24,1
,,,,,,Office Supplies,1
,,,,,,56.25,1
,,,,,,Office Supplies,1
,,,,,,56.26,1
,,,,,,Office Supplies,1
,,,,,,56.28,1
,,,,,,Office Supplies,1
,,,,,,56.3,1
,,,,,,Office Supplies,1
,,,,,,56.33,2
,,,,,,Office Supplies,2
,,,,,,56.35,1
,,,,,,Office Supplies,1
,,,,,,56.45,1
,,,,,,Technology,1
,,,,,,56.47,1
,,,,,,Office Supplies,1
,,,,,,56.48,1
,,,,,,Furniture,1
,,,,,,56.5,1
,,,,,,Office Supplies,1
,,,,,,56.54,1
,,,,,,Technology,1
,,,,,,56.59,1
,,,,,,Furniture,1
,,,,,,56.62,1
,,,,,,Furniture,1
,,,,,,56.64,1
,,,,,,Office Supplies,1
,,,,,,56.71,1
,,,,,,Furniture,1
,,,,,,56.72,1
,,,,,,Technology,1
,,,,,,56.74,1
,,,,,,Furniture,1
,,,,,,56.75,1
,,,,,,Office Supplies,1
,,,,,,56.78,1
,,,,,,Office Supplies,1
,,,,,,56.8,1
,,,,,,Technology,1
,,,,,,56.82,1
,,,,,,Technology,1
,,,,,,56.87,1
,,,,,,Office Supplies,1
,,,,,,56.89,3
,,,,,,Furniture,2
,,,,,,Technology,1
,,,,,,56.9,1
,,,,,,Technology,1
,,,,,,56.94,2
,,,,,,Furniture,2
,,,,,,56.97,1
,,,,,,Office Supplies,1
,,,,,,56.99,1
,,,,,,Furniture,1
,,,,,,57,1
,,,,,,Office Supplies,1
,,,,,,57.01,1
,,,,,,Office Supplies,1
,,,,,,57.02,1
,,,,,,Office Supplies,1
,,,,,,57.05,1
,,,,,,Technology,1
,,,,,,57.06,2
,,,,,,Office Supplies,1
,,,,,,Technology,1
,,,,,,57.07,1
,,,,,,Office Supplies,1
,,,,,,57.09,1
,,,,,,Office Supplies,1
,,,,,,57.1,1
,,,,,,Technology,1
,,,,,,57.21,3
,,,,,,Furniture,2
,,,,,,Office Supplies,1
,,,,,,57.25,2
,,,,,,Furniture,1
,,,,,,Technology,1
,,,,,,57.27,1
,,,,,,Technology,1
,,,,,,57.33,1
,,,,,,Furniture,1
,,,,,,57.36,1
,,,,,,Technology,1
,,,,,,57.39,2
,,,,,,Office Supplies,2
,,,,,,57.4,1
,,,,,,Office Supplies,1
,,,,,,57.41,1
,,,,,,Office Supplies,1
,,,,,,57.44,2
,,,,,,Office Supplies,2
,,,,,,57.47,2
,,,,,,Office Supplies,2
,,,,,,57.48,1
,,,,,,Furniture,1
,,,,,,57.49,1
,,,,,,Office Supplies,1
,,,,,,57.5,1
,,,,,,Office Supplies,1
,,,,,,57.52,1
,,,,,,Office Supplies,1
,,,,,,57.54,3
,,,,,,Furniture,1
,,,,,,Office Supplies,1
,,,,,,Technology,1
,,,,,,57.58,1
,,,,,,Office Supplies,1
,,,,,,57.59,1
,,,,,,Office Supplies,1
,,,,,,57.64,1
,,,,,,Technology,1
,,,,,,57.65,1
,,,,,,Office Supplies,1
,,,,,,57.67,1
,,,,,,Technology,1
,,,,,,57.68,1
,,,,,,Office Supplies,1
,,,,,,57.69,1
,,,,,,Technology,1
,,,,,,57.7,1
,,,,,,Furniture,1
,,,,,,57.71,2
,,,,,,Furniture,1
,,,,,,Technology,1
,,,,,,57.82,1
,,,,,,Office Supplies,1
,,,,,,57.84,1
,,,,,,Office Supplies,1
,,,,,,57.85,1
,,,,,,Office Supplies,1
,,,,,,57.9,2
,,,,,,Furniture,1
,,,,,,Office Supplies,1
,,,,,,57.93,4
,,,,,,Furniture,2
,,,,,,Technology,2
,,,,,,57.94,1
,,,,,,Furniture,1
,,,,,,57.95,1
,,,,,,Furniture,1
,,,,,,57.97,1
,,,,,,Technology,1
,,,,,,58.03,2
,,,,,,Office Supplies,2
,,,,,,58.06,2
,,,,,,Furniture,1
,,,,,,Office Supplies,1
,,,,,,58.08,2
,,,,,,Office Supplies,1
,,,,,,Technology,1
,,,,,,58.09,1
,,,,,,Technology,1
,,,,,,58.14,1
,,,,,,Furniture,1
,,,,,,58.17,1
,,,,,,Office Supplies,1
,,,,,,58.18,1
,,,,,,Office Supplies,1
,,,,,,58.23,1
,,,,,,Office Supplies,1
,,,,,,58.26,2
,,,,,,Office Supplies,2
,,,,,,58.28,1
,,,,,,Furniture,1
,,,,,,58.33,2
,,,,,,Office Supplies,2
,,,,,,58.38,1
,,,,,,Office Supplies,1
,,,,,,58.41,1
,,,,,,Office Supplies,1
,,,,,,58.42,2
,,,,,,Office Supplies,1
,,,,,,Technology,1
,,,,,,58.45,1
,,,,,,Technology,1
,,,,,,58.46,1
,,,,,,Office Supplies,1
,,,,,,58.47,1
,,,,,,Furniture,1
,,,,,,58.51,1
,,,,,,Office Supplies,1
,,,,,,58.55,1
,,,,,,Technology,1
,,,,,,58.57,1
,,,,,,Technology,1
,,,,,,58.61,1
,,,,,,Technology,1
,,,,,,58.64,1
,,,,,,Technology,1
,,,,,,58.67,1
,,,,,,Office Supplies,1
,,,,,,58.69,1
,,,,,,Office Supplies,1
,,,,,,58.7,1
,,,,,,Furniture,1
,,,,,,58.73,1
,,,,,,Technology,1
,,,,,,58.76,1
,,,,,,Furniture,1
,,,,,,58.79,1
,,,,,,Office Supplies,1
,,,,,,58.8,1
,,,,,,Technology,1
,,,,,,58.81,2
,,,,,,Furniture,1
,,,,,,Office Supplies,1
,,,,,,58.85,2
,,,,,,Furniture,2
,,,,,,58.87,1
,,,,,,Office Supplies,1
,,,,,,58.89,1
,,,,,,Technology,1
,,,,,,58.92,1
,,,,,,Technology,1
,,,,,,58.93,2
,,,,,,Office Supplies,1
,,,,,,Technology,1
,,,,,,58.94,2
,,,,,,Furniture,1
,,,,,,Office Supplies,1
,,,,,,58.97,2
,,,,,,Furniture,1
,,,,,,Office Supplies,1
,,,,,,58.99,1
,,,,,,Furniture,1
,,,,,,59,1
,,,,,,Furniture,1
,,,,,,59.02,1
,,,,,,Furniture,1
,,,,,,59.03,1
,,,,,,Office Supplies,1
,,,,,,59.07,2
,,,,,,Furniture,1
,,,,,,Office Supplies,1
,,,,,,59.09,1
,,,,,,Furniture,1
,,,,,,59.1,1
,,,,,,Office Supplies,1
,,,,,,59.11,1
,,,,,,Office Supplies,1
,,,,,,59.16,1
,,,,,,Office Supplies,1
,,,,,,59.17,2
,,,,,,Furniture,1
,,,,,,Office Supplies,1
,,,,,,59.18,1
,,,,,,Furniture,1
,,,,,,59.19,1
,,,,,,Office Supplies,1
,,,,,,59.21,2
,,,,,,Furniture,1
,,,,,,Office Supplies,1
,,,,,,59.26,1
,,,,,,Office Supplies,1
,,,,,,59.31,1
,,,,,,Technology,1
,,,,,,59.35,1
,,,,,,Furniture,1
,,,,,,59.36,2
,,,,,,Office Supplies,2
,,,,,,59.37,1
,,,,,,Office Supplies,1
,,,,,,59.4,1
,,,,,,Office Supplies,1
,,,,,,59.43,1
,,,,,,Technology,1
,,,,,,59.44,2
,,,,,,Furniture,1
,,,,,,Office Supplies,1
,,,,,,59.47,2
,,,,,,Furniture,1
,,,,,,Office Supplies,1
,,,,,,59.48,1
,,,,,,Technology,1
,,,,,,59.52,1
,,,,,,Technology,1
,,,,,,59.53,1
,,,,,,Office Supplies,1
,,,,,,59.54,1
,,,,,,Furniture,1
,,,,,,59.56,3
,,,,,,Furniture,1
,,,,,,Office Supplies,2
,,,,,,59.6,1
,,,,,,Office Supplies,1
,,,,,,59.61,2
,,,,,,Office Supplies,2
,,,,,,59.62,1
,,,,,,Technology,1
,,,,,,59.64,1
,,,,,,Technology,1
,,,,,,59.66,1
,,,,,,Technology,1
,,,,,,59.7,1
,,,,,,Office Supplies,1
,,,,,,59.75,1
,,,,,,Office Supplies,1
,,,,,,59.8,1
,,,,,,Office Supplies,1
,,,,,,59.85,1
,,,,,,Furniture,1
,,,,,,59.88,1
,,,,,,Furniture,1
,,,,,,59.92,1
,,,,,,Furniture,1
,,,,,,59.94,1
,,,,,,Office Supplies,1
,,,,,,59.95,1
,,,,,,Furniture,1
,,,,,,59.97,1
,,,,,,Furniture,1
,,,,,,60,1
,,,,,,Furniture,1
,,,,,,60.03,1
,,,,,,Furniture,1
,,,,,,60.08,1
,,,,,,Office Supplies,1
,,,,,,60.11,1
,,,,,,Technology,1
,,,,,,60.14,2
,,,,,,Office Supplies,2
,,,,,,60.16,3
,,,,,,Furniture,1
,,,,,,Office Supplies,1
,,,,,,Technology,1
,,,,,,60.18,2
,,,,,,Furniture,2
,,,,,,60.19,1
,,,,,,Office Supplies,1
,,,,,,60.2,1
,,,,,,Furniture,1
,,,,,,60.21,2
,,,,,,Furniture,1
,,,,,,Office Supplies,1
,,,,,,60.22,1
,,,,,,Office Supplies,1
,,,,,,60.24,1
,,,,,,Office Supplies,1
,,,,,,60.25,1
,,,,,,Office Supplies,1
,,,,,,60.26,2
,,,,,,Technology,2
,,,,,,60.27,2
,,,,,,Furniture,1
,,,,,,Technology,1
,,,,,,60.28,2
,,,,,,Office Supplies,2
,,,,,,60.3,1
,,,,,,Office Supplies,1
,,,,,,60.35,1
,,,,,,Technology,1
,,,,,,60.36,3
,,,,,,Office Supplies,3
,,,,,,60.4,1
,,,,,,Office Supplies,1
,,,,,,60.46,1
,,,,,,Office Supplies,1
,,,,,,60.49,2
,,,,,,Office Supplies,2
,,,,,,60.57,2
,,,,,,Office Supplies,2
,,,,,,60.59,1
,,,,,,Technology,1
,,,,,,60.6,1
,,,,,,Office Supplies,1
,,,,,,60.62,1
,,,,,,Office Supplies,1
,,,,,,60.65,1
,,,,,,Furniture,1
,,,,,,60.66,1
,,,,,,Technology,1
,,,,,,60.67,2
,,,,,,Furniture,1
,,,,,,Office Supplies,1
,,,,,,60.7,1
,,,,,,Office Supplies,1
,,,,,,60.72,2
,,,,,,Furniture,1
,,,,,,Office Supplies,1
,,,,,,60.75,1
,,,,,,Office Supplies,1
,,,,,,60.79,1
,,,,,,Office Supplies,1
,,,,,,60.8,1
,,,,,,Office Supplies,1
,,,,,,60.81,1
,,,,,,Office Supplies,1
,,,,,,60.82,1
,,,,,,Technology,1
,,,,,,60.86,2
,,,,,,Office Supplies,1
,,,,,,Technology,1
,,,,,,60.94,1
,,,,,,Technology,1
,,,,,,61,1
,,,,,,Furniture,1
,,,,,,61.01,1
,,,,,,Office Supplies,1
,,,,,,61.04,2
,,,,,,Office Supplies,1
,,,,,,Technology,1
,,,,,,61.05,1
,,,,,,Office Supplies,1
,,,,,,61.06,1
,,,,,,Technology,1
,,,,,,61.08,1
,,,,,,Office Supplies,1
,,,,,,61.09,1
,,,,,,Office Supplies,1
,,,,,,61.1,1
,,,,,,Office Supplies,1
,,,,,,61.11,1
,,,,,,Office Supplies,1
,,,,,,61.16,1
,,,,,,Office Supplies,1
,,,,,,61.17,1
,,,,,,Office Supplies,1
,,,,,,61.23,1
,,,,,,Technology,1
,,,,,,61.26,2
,,,,,,Office Supplies,1
,,,,,,Technology,1
,,,,,,61.27,1
,,,,,,Office Supplies,1
,,,,,,61.28,1
,,,,,,Technology,1
,,,,,,61.3,1
,,,,,,Office Supplies,1
,,,,,,61.35,1
,,,,,,Technology,1
,,,,,,61.36,1
,,,,,,Furniture,1
,,,,,,61.38,2
,,,,,,Furniture,2
,,,,,,61.41,1
,,,,,,Office Supplies,1
,,,,,,61.45,1
,,,,,,Office Supplies,1
,,,,,,61.48,1
,,,,,,Office Supplies,1
,,,,,,61.5,1
,,,,,,Furniture,1
,,,,,,61.51,1
,,,,,,Office Supplies,1
,,,,,,61.56,1
,,,,,,Technology,1
,,,,,,61.58,1
,,,,,,Furniture,1
,,,,,,61.63,2
,,,,,,Furniture,2
,,,,,,61.69,1
,,,,,,Office Supplies,1
,,,,,,61.76,1
,,,,,,Technology,1
,,,,,,61.78,1
,,,,,,Furniture,1
,,,,,,61.79,1
,,,,,,Office Supplies,1
,,,,,,61.83,1
,,,,,,Office Supplies,1
,,,,,,61.84,1
,,,,,,Furniture,1
,,,,,,61.9,1
,,,,,,Office Supplies,1
,,,,,,61.93,1
,,,,,,Furniture,1
,,,,,,61.96,1
,,,,,,Furniture,1
,,,,,,61.97,2
,,,,,,Furniture,1
,,,,,,Office Supplies,1
,,,,,,61.98,1
,,,,,,Office Supplies,1
,,,,,,61.99,1
,,,,,,Furniture,1
,,,,,,62.04,1
,,,,,,Office Supplies,1
,,,,,,62.05,1
,,,,,,Technology,1
,,,,,,62.06,1
,,,,,,Furniture,1
,,,,,,62.11,1
,,,,,,Furniture,1
,,,,,,62.12,2
,,,,,,Furniture,1
,,,,,,Office Supplies,1
,,,,,,62.15,1
,,,,,,Furniture,1
,,,,,,62.16,2
,,,,,,Furniture,2
,,,,,,62.21,1
,,,,,,Office Supplies,1
,,,,,,62.24,1
,,,,,,Office Supplies,1
,,,,,,62.31,1
,,,,,,Office Supplies,1
,,,,,,62.34,1
,,,,,,Technology,1
,,,,,,62.35,1
,,,,,,Technology,1
,,,,,,62.37,1
,,,,,,Office Supplies,1
,,,,,,62.39,1
,,,,,,Furniture,1
,,,,,,62.42,1
,,,,,,Office Supplies,1
,,,,,,62.47,1
,,,,,,Office Supplies,1
,,,,,,62.48,1
,,,,,,Office Supplies,1
,,,,,,62.49,2
,,,,,,Office Supplies,1
,,,,,,Technology,1
,,,,,,62.51,1
,,,,,,Office Supplies,1
,,,,,,62.53,1
,,,,,,Office Supplies,1
,,,,,,62.61,1
,,,,,,Office Supplies,1
,,,,,,62.65,1
,,,,,,Office Supplies,1
,,,,,,62.66,1
,,,,,,Furniture,1
,,,,,,62.69,1
,,,,,,Office Supplies,1
,,,,,,62.77,1
,,,,,,Furniture,1
,,,,,,62.79,1
,,,,,,Technology,1
,,,,,,62.82,1
,,,,,,Furniture,1
,,,,,,62.84,1
,,,,,,Office Supplies,1
,,,,,,62.85,1
,,,,,,Office Supplies,1
,,,,,,62.88,1
,,,,,,Office Supplies,1
,,,,,,62.92,1
,,,,,,Furniture,1
,,,,,,62.94,1
,,,,,,Furniture,1
,,,,,,62.95,1
,,,,,,Office Supplies,1
,,,,,,62.97,1
,,,,,,Technology,1
,,,,,,63,1
,,,,,,Furniture,1
,,,,,,63.04,1
,,,,,,Furniture,1
,,,,,,63.05,1
,,,,,,Office Supplies,1
,,,,,,63.06,1
,,,,,,Office Supplies,1
,,,,,,63.07,1
,,,,,,Furniture,1
,,,,,,63.08,1
,,,,,,Office Supplies,1
,,,,,,63.11,1
,,,,,,Office Supplies,1
,,,,,,63.12,1
,,,,,,Office Supplies,1
,,,,,,63.14,2
,,,,,,Furniture,2
,,,,,,63.15,1
,,,,,,Office Supplies,1
,,,,,,63.18,1
,,,,,,Furniture,1
,,,,,,63.24,1
,,,,,,Furniture,1
,,,,,,63.29,1
,,,,,,Office Supplies,1
,,,,,,63.32,4
,,,,,,Furniture,1
,,,,,,Office Supplies,1
,,,,,,Technology,2
,,,,,,63.33,1
,,,,,,Furniture,1
,,,,,,63.35,1
,,,,,,Office Supplies,1
,,,,,,63.37,1
,,,,,,Furniture,1
,,,,,,63.38,1
,,,,,,Technology,1
,,,,,,63.39,1
,,,,,,Technology,1
,,,,,,63.4,1
,,,,,,Furniture,1
,,,,,,63.42,1
,,,,,,Furniture,1
,,,,,,63.43,1
,,,,,,Technology,1
,,,,,,63.5,1
,,,,,,Furniture,1
,,,,,,63.51,1
,,,,,,Office Supplies,1
,,,,,,63.52,2
,,,,,,Office Supplies,1
,,,,,,Technology,1
,,,,,,63.53,2
,,,,,,Office Supplies,1
,,,,,,Technology,1
,,,,,,63.67,2
,,,,,,Furniture,1
,,,,,,Office Supplies,1
,,,,,,63.68,1
,,,,,,Technology,1
,,,,,,63.69,1
,,,,,,Office Supplies,1
,,,,,,63.77,1
,,,,,,Technology,1
,,,,,,63.78,1
,,,,,,Furniture,1
,,,,,,63.79,1
,,,,,,Office Supplies,1
,,,,,,63.83,1
,,,,,,Furniture,1
,,,,,,63.87,1
,,,,,,Technology,1
,,,,,,63.89,1
,,,,,,Technology,1
,,,,,,63.92,3
,,,,,,Office Supplies,2
,,,,,,Technology,1
,,,,,,63.95,1
,,,,,,Office Supplies,1
,,,,,,63.98,1
,,,,,,Furniture,1
,,,,,,63.99,1
,,,,,,Furniture,1
,,,,,,64.01,1
,,,,,,Furniture,1
,,,,,,64.02,2
,,,,,,Office Supplies,2
,,,,,,64.04,2
,,,,,,Office Supplies,1
,,,,,,Technology,1
,,,,,,64.05,1
,,,,,,Furniture,1
,,,,,,64.14,1
,,,,,,Office Supplies,1
,,,,,,64.15,2
,,,,,,Office Supplies,1
,,,,,,Technology,1
,,,,,,64.22,1
,,,,,,Technology,1
,,,,,,64.24,1
,,,,,,Office Supplies,1
,,,,,,64.26,3
,,,,,,Furniture,1
,,,,,,Office Supplies,2
,,,,,,64.27,1
,,,,,,Furniture,1
,,,,,,64.3,1
,,,,,,Office Supplies,1
,,,,,,64.33,1
,,,,,,Office Supplies,1
,,,,,,64.36,2
,,,,,,Office Supplies,1
,,,,,,Technology,1
,,,,,,64.39,1
,,,,,,Office Supplies,1
,,,,,,64.44,1
,,,,,,Office Supplies,1
,,,,,,64.48,1
,,,,,,Furniture,1
,,,,,,64.56,1
,,,,,,Furniture,1
,,,,,,64.6,1
,,,,,,Technology,1
,,,,,,64.64,1
,,,,,,Office Supplies,1
,,,,,,64.65,1
,,,,,,Furniture,1
,,,,,,64.71,1
,,,,,,Technology,1
,,,,,,64.79,1
,,,,,,Technology,1
,,,,,,64.8,1
,,,,,,Technology,1
,,,,,,64.81,1
,,,,,,Office Supplies,1
,,,,,,64.82,1
,,,,,,Office Supplies,1
,,,,,,64.85,1
,,,,,,Office Supplies,1
,,,,,,64.9,1
,,,,,,Office Supplies,1
,,,,,,64.92,2
,,,,,,Furniture,1
,,,,,,Office Supplies,1
,,,,,,64.93,1
,,,,,,Technology,1
,,,,,,64.94,2
,,,,,,Office Supplies,2
,,,,,,64.95,1
,,,,,,Office Supplies,1
,,,,,,64.98,1
,,,,,,Technology,1
,,,,,,65,1
,,,,,,Office Supplies,1
,,,,,,65.01,1
,,,,,,Technology,1
,,,,,,65.02,1
,,,,,,Office Supplies,1
,,,,,,65.07,1
,,,,,,Office Supplies,1
,,,,,,65.09,2
,,,,,,Office Supplies,1
,,,,,,Technology,1
,,,,,,65.19,1
,,,,,,Technology,1
,,,,,,65.2,1
,,,,,,Office Supplies,1
,,,,,,65.21,1
,,,,,,Technology,1
,,,,,,65.22,1
,,,,,,Office Supplies,1
,,,,,,65.31,1
,,,,,,Technology,1
,,,,,,65.34,1
,,,,,,Office Supplies,1
,,,,,,65.35,1
,,,,,,Technology,1
,,,,,,65.39,2
,,,,,,Furniture,1
,,,,,,Office Supplies,1
,,,,,,65.4,1
,,,,,,Office Supplies,1
,,,,,,65.41,2
,,,,,,Office Supplies,2
,,,,,,65.42,2
,,,,,,Furniture,1
,,,,,,Technology,1
,,,,,,65.43,1
,,,,,,Technology,1
,,,,,,65.44,2
,,,,,,Furniture,1
,,,,,,Office Supplies,1
,,,,,,65.45,1
,,,,,,Office Supplies,1
,,,,,,65.47,1
,,,,,,Furniture,1
,,,,,,65.5,1
,,,,,,Office Supplies,1
,,,,,,65.56,1
,,,,,,Office Supplies,1
,,,,,,65.57,1
,,,,,,Office Supplies,1
,,,,,,65.59,2
,,,,,,Furniture,1
,,,,,,Technology,1
,,,,,,65.63,1
,,,,,,Office Supplies,1
,,,,,,65.65,2
,,,,,,Office Supplies,2
,,,,,,65.66,2
,,,,,,Office Supplies,2
,,,,,,65.68,1
,,,,,,Office Supplies,1
,,,,,,65.7,1
,,,,,,Office Supplies,1
,,,,,,65.72,1
,,,,,,Furniture,1
,,,,,,65.74,2
,,,,,,Office Supplies,1
,,,,,,Technology,1
,,,,,,65.78,1
,,,,,,Technology,1
,,,,,,65.88,1
,,,,,,Office Supplies,1
,,,,,,65.89,1
,,,,,,Technology,1
,,,,,,65.94,1
,,,,,,Office Supplies,1
,,,,,,65.95,2
,,,,,,Furniture,2
,,,,,,65.98,2
,,,,,,Office Supplies,1
,,,,,,Technology,1
,,,,,,65.99,1
,,,,,,Office Supplies,1
,,,,,,66,1
,,,,,,Technology,1
,,,,,,66.01,1
,,,,,,Office Supplies,1
,,,,,,66.03,1
,,,,,,Office Supplies,1
,,,,,,66.04,1
,,,,,,Office Supplies,1
,,,,,,66.05,1
,,,,,,Office Supplies,1
,,,,,,66.06,2
,,,,,,Furniture,1
,,,,,,Office Supplies,1
,,,,,,66.1,1
,,,,,,Technology,1
,,,,,,66.12,1
,,,,,,Technology,1
,,,,,,66.14,1
,,,,,,Furniture,1
,,,,,,66.16,1
,,,,,,Office Supplies,1
,,,,,,66.17,1
,,,,,,Technology,1
,,,,,,66.18,1
,,,,,,Furniture,1
,,,,,,66.22,1
,,,,,,Furniture,1
,,,,,,66.24,1
,,,,,,Office Supplies,1
,,,,,,66.25,1
,,,,,,Office Supplies,1
,,,,,,66.26,1
,,,,,,Office Supplies,1
,,,,,,66.27,1
,,,,,,Office Supplies,1
,,,,,,66.28,2
,,,,,,Furniture,1
,,,,,,Technology,1
,,,,,,66.29,1
,,,,,,Office Supplies,1
,,,,,,66.3,1
,,,,,,Office Supplies,1
,,,,,,66.35,1
,,,,,,Technology,1
,,,,,,66.36,1
,,,,,,Furniture,1
,,,,,,66.42,2
,,,,,,Office Supplies,1
,,,,,,Technology,1
,,,,,,66.47,1
,,,,,,Furniture,1
,,,,,,66.5,1
,,,,,,Office Supplies,1
,,,,,,66.56,2
,,,,,,Office Supplies,2
,,,,,,66.57,1
,,,,,,Furniture,1
,,,,,,66.58,2
,,,,,,Office Supplies,1
,,,,,,Technology,1
,,,,,,66.59,1
,,,,,,Office Supplies,1
,,,,,,66.61,2
,,,,,,Office Supplies,1
,,,,,,Technology,1
,,,,,,66.63,1
,,,,,,Office Supplies,1
,,,,,,66.64,1
,,,,,,Office Supplies,1
,,,,,,66.7,1
,,,,,,Office Supplies,1
,,,,,,66.75,1
,,,,,,Furniture,1
,,,,,,66.77,2
,,,,,,Furniture,1
,,,,,,Technology,1
,,,,,,66.86,1
,,,,,,Furniture,1
,,,,,,66.87,1
,,,,,,Furniture,1
,,,,,,66.89,1
,,,,,,Office Supplies,1
,,,,,,66.92,1
,,,,,,Furniture,1
,,,,,,66.94,1
,,,,,,Furniture,1
,,,,,,66.96,1
,,,,,,Technology,1
,,,,,,67.03,1
,,,,,,Office Supplies,1
,,,,,,67.05,1
,,,,,,Office Supplies,1
,,,,,,67.06,1
,,,,,,Technology,1
,,,,,,67.07,2
,,,,,,Furniture,1
,,,,,,Office Supplies,1
,,,,,,67.08,2
,,,,,,Furniture,1
,,,,,,Office Supplies,1
,,,,,,67.1,1
,,,,,,Office Supplies,1
,,,,,,67.11,2
,,,,,,Office Supplies,2
,,,,,,67.12,1
,,,,,,Technology,1
,,,,,,67.14,1
,,,,,,Technology,1
,,,,,,67.15,1
,,,,,,Furniture,1
,,,,,,67.16,2
,,,,,,Furniture,1
,,,,,,Office Supplies,1
,,,,,,67.22,1
,,,,,,Furniture,1
,,,,,,67.23,3
,,,,,,Furniture,1
,,,,,,Office Supplies,2
,,,,,,67.27,1
,,,,,,Technology,1
,,,,,,67.28,1
,,,,,,Office Supplies,1
,,,,,,67.29,1
,,,,,,Office Supplies,1
,,,,,,67.38,1
,,,,,,Office Supplies,1
,,,,,,67.41,1
,,,,,,Technology,1
,,,,,,67.47,1
,,,,,,Office Supplies,1
,,,,,,67.5,1
,,,,,,Office Supplies,1
,,,,,,67.51,1
,,,,,,Furniture,1
,,,,,,67.53,1
,,,,,,Office Supplies,1
,,,,,,67.57,2
,,,,,,Office Supplies,1
,,,,,,Technology,1
,,,,,,67.59,1
,,,,,,Office Supplies,1
,,,,,,67.63,2
,,,,,,Furniture,1
,,,,,,Technology,1
,,,,,,67.64,3
,,,,,,Furniture,1
,,,,,,Office Supplies,2
,,,,,,67.65,2
,,,,,,Furniture,1
,,,,,,Office Supplies,1
,,,,,,67.67,2
,,,,,,Office Supplies,1
,,,,,,Technology,1
,,,,,,67.68,1
,,,,,,Furniture,1
,,,,,,67.72,1
,,,,,,Technology,1
,,,,,,67.74,1
,,,,,,Furniture,1
,,,,,,67.78,1
,,,,,,Technology,1
,,,,,,67.83,1
,,,,,,Furniture,1
,,,,,,67.88,2
,,,,,,Furniture,1
,,,,,,Office Supplies,1
,,,,,,67.89,1
,,,,,,Furniture,1
,,,,,,67.91,1
,,,,,,Office Supplies,1
,,,,,,67.93,1
,,,,,,Office Supplies,1
,,,,,,67.94,1
,,,,,,Office Supplies,1
,,,,,,67.95,1
,,,,,,Office Supplies,1
,,,,,,67.97,1
,,,,,,Office Supplies,1
,,,,,,67.99,1
,,,,,,Technology,1
,,,,,,68.01,2
,,,,,,Office Supplies,2
,,,,,,68.03,1
,,,,,,Office Supplies,1
,,,,,,68.09,1
,,,,,,Office Supplies,1
,,,,,,68.1,1
,,,,,,Furniture,1
,,,,,,68.13,1
,,,,,,Technology,1
,,,,,,68.21,1
,,,,,,Furniture,1
,,,,,,68.22,1
,,,,,,Technology,1
,,,,,,68.23,2
,,,,,,Technology,2
,,,,,,68.27,1
,,,,,,Technology,1
,,,,,,68.29,1
,,,,,,Furniture,1
,,,,,,68.3,1
,,,,,,Furniture,1
,,,,,,68.33,1
,,,,,,Technology,1
,,,,,,68.34,2
,,,,,,Furniture,1
,,,,,,Office Supplies,1
,,,,,,68.35,1
,,,,,,Technology,1
,,,,,,68.36,1
,,,,,,Office Supplies,1
,,,,,,68.39,1
,,,,,,Office Supplies,1
,,,,,,68.41,1
,,,,,,Office Supplies,1
,,,,,,68.47,1
,,,,,,Office Supplies,1
,,,,,,68.52,1
,,,,,,Furniture,1
,,,,,,68.54,1
,,,,,,Office Supplies,1
,,,,,,68.67,1
,,,,,,Office Supplies,1
,,,,,,68.68,1
,,,,,,Office Supplies,1
,,,,,,68.69,1
,,,,,,Furniture,1
,,,,,,68.71,1
,,,,,,Furniture,1
,,,,,,68.76,1
,,,,,,Technology,1
,,,,,,68.77,1
,,,,,,Technology,1
,,,,,,68.82,2
,,,,,,Furniture,1
,,,,,,Technology,1
,,,,,,68.84,1
,,,,,,Office Supplies,1
,,,,,,68.85,1
,,,,,,Office Supplies,1
,,,,,,68.89,1
,,,,,,Office Supplies,1
,,,,,,68.96,1
,,,,,,Office Supplies,1
,,,,,,68.99,1
,,,,,,Furniture,1
,,,,,,69.03,1
,,,,,,Office Supplies,1
,,,,,,69.05,1
,,,,,,Furniture,1
,,,,,,69.1,3
,,,,,,Furniture,1
,,,,,,Office Supplies,2
,,,,,,69.14,1
,,,,,,Office Supplies,1
,,,,,,69.16,2
,,,,,,Office Supplies,2
,,,,,,69.17,1
,,,,,,Furniture,1
,,,,,,69.19,2
,,,,,,Office Supplies,1
,,,,,,Technology,1
,,,,,,69.23,1
,,,,,,Furniture,1
,,,,,,69.27,2
,,,,,,Office Supplies,2
,,,,,,69.28,1
,,,,,,Furniture,1
,,,,,,69.29,1
,,,,,,Office Supplies,1
,,,,,,69.3,1
,,,,,,Furniture,1
,,,,,,69.31,2
,,,,,,Office Supplies,1
,,,,,,Technology,1
,,,,,,69.32,1
,,,,,,Technology,1
,,,,,,69.33,2
,,,,,,Office Supplies,1
,,,,,,Technology,1
,,,,,,69.37,1
,,,,,,Office Supplies,1
,,,,,,69.42,1
,,,,,,Furniture,1
,,,,,,69.44,1
,,,,,,Office Supplies,1
,,,,,,69.46,1
,,,,,,Office Supplies,1
,,,,,,69.48,1
,,,,,,Office Supplies,1
,,,,,,69.52,2
,,,,,,Office Supplies,2
,,,,,,69.54,2
,,,,,,Furniture,1
,,,,,,Office Supplies,1
,,,,,,69.55,1
,,,,,,Office Supplies,1
,,,,,,69.56,1
,,,,,,Office Supplies,1
,,,,,,69.6,1
,,,,,,Furniture,1
,,,,,,69.63,1
,,,,,,Office Supplies,1
,,,,,,69.64,2
,,,,,,Office Supplies,2
,,,,,,69.67,1
,,,,,,Technology,1
,,,,,,69.68,1
,,,,,,Technology,1
,,,,,,69.74,1
,,,,,,Furniture,1
,,,,,,69.8,2
,,,,,,Office Supplies,1
,,,,,,Technology,1
,,,,,,69.81,1
,,,,,,Technology,1
,,,,,,69.88,1
,,,,,,Technology,1
,,,,,,69.89,1
,,,,,,Office Supplies,1
,,,,,,69.9,1
,,,,,,Office Supplies,1
,,,,,,69.98,1
,,,,,,Office Supplies,1
,,,,,,69.99,2
,,,,,,Office Supplies,2
,,,,,,70.03,1
,,,,,,Office Supplies,1
,,,,,,70.04,1
,,,,,,Technology,1
,,,,,,70.05,1
,,,,,,Technology,1
,,,,,,70.06,1
,,,,,,Technology,1
,,,,,,70.09,1
,,,,,,Technology,1
,,,,,,70.1,2
,,,,,,Office Supplies,2
,,,,,,70.13,2
,,,,,,Office Supplies,2
,,,,,,70.15,1
,,,,,,Technology,1
,,,,,,70.17,1
,,,,,,Furniture,1
,,,,,,70.19,1
,,,,,,Office Supplies,1
,,,,,,70.22,1
,,,,,,Technology,1
,,,,,,70.26,1
,,,,,,Technology,1
,,,,,,70.31,3
,,,,,,Office Supplies,2
,,,,,,Technology,1
,,,,,,70.35,1
,,,,,,Office Supplies,1
,,,,,,70.41,1
,,,,,,Office Supplies,1
,,,,,,70.42,1
,,,,,,Furniture,1
,,,,,,70.45,1
,,,,,,Technology,1
,,,,,,70.46,2
,,,,,,Furniture,1
,,,,,,Office Supplies,1
,,,,,,70.47,3
,,,,,,Furniture,2
,,,,,,Technology,1
,,,,,,70.48,1
,,,,,,Office Supplies,1
,,,,,,70.54,1
,,,,,,Office Supplies,1
,,,,,,70.56,1
,,,,,,Furniture,1
,,,,,,70.59,1
,,,,,,Office Supplies,1
,,,,,,70.6,1
,,,,,,Technology,1
,,,,,,70.61,1
,,,,,,Office Supplies,1
,,,,,,70.62,1
,,,,,,Furniture,1
,,,,,,70.65,1
,,,,,,Office Supplies,1
,,,,,,70.68,1
,,,,,,Technology,1
,,,,,,70.7,2
,,,,,,Office Supplies,1
,,,,,,Technology,1
,,,,,,70.71,1
,,,,,,Office Supplies,1
,,,,,,70.72,1
,,,,,,Office Supplies,1
,,,,,,70.74,1
,,,,,,Technology,1
,,,,,,70.75,1
,,,,,,Office Supplies,1
,,,,,,70.77,1
,,,,,,Office Supplies,1
,,,,,,70.8,1
,,,,,,Technology,1
,,,,,,70.84,1
,,,,,,Technology,1
,,,,,,70.85,1
,,,,,,Technology,1
,,,,,,70.89,1
,,,,,,Office Supplies,1
,,,,,,70.9,1
,,,,,,Office Supplies,1
,,,,,,70.92,1
,,,,,,Office Supplies,1
,,,,,,70.97,1
,,,,,,Technology,1
,,,,,,70.98,1
,,,,,,Office Supplies,1
,,,,,,71,1
,,,,,,Office Supplies,1
,,,,,,71.05,1
,,,,,,Office Supplies,1
,,,,,,71.08,1
,,,,,,Office Supplies,1
,,,,,,71.09,1
,,,,,,Office Supplies,1
,,,,,,71.1,2
,,,,,,Furniture,1
,,,,,,Technology,1
,,,,,,71.11,1
,,,,,,Office Supplies,1
,,,,,,71.16,1
,,,,,,Technology,1
,,,,,,71.2,1
,,,,,,Technology,1
,,,,,,71.22,1
,,,,,,Office Supplies,1
,,,,,,71.28,3
,,,,,,Office Supplies,1
,,,,,,Technology,2
,,,,,,71.3,4
,,,,,,Furniture,2
,,,,,,Office Supplies,2
,,,,,,71.36,1
,,,,,,Furniture,1
,,,,,,71.37,1
,,,,,,Office Supplies,1
,,,,,,71.38,1
,,,,,,Technology,1
,,,,,,71.43,1
,,,,,,Office Supplies,1
,,,,,,71.44,3
,,,,,,Furniture,2
,,,,,,Office Supplies,1
,,,,,,71.46,1
,,,,,,Office Supplies,1
,,,,,,71.47,1
,,,,,,Furniture,1
,,,,,,71.48,1
,,,,,,Office Supplies,1
,,,,,,71.49,2
,,,,,,Furniture,1
,,,,,,Office Supplies,1
,,,,,,71.57,2
,,,,,,Furniture,1
,,,,,,Office Supplies,1
,,,,,,71.58,1
,,,,,,Office Supplies,1
,,,,,,71.65,1
,,,,,,Furniture,1
,,,,,,71.67,1
,,,,,,Office Supplies,1
,,,,,,71.68,1
,,,,,,Furniture,1
,,,,,,71.74,1
,,,,,,Furniture,1
,,,,,,71.79,1
,,,,,,Furniture,1
,,,,,,71.8,1
,,,,,,Technology,1
,,,,,,71.88,2
,,,,,,Technology,2
,,,,,,71.91,1
,,,,,,Office Supplies,1
,,,,,,71.92,1
,,,,,,Office Supplies,1
,,,,,,71.94,3
,,,,,,Furniture,1
,,,,,,Office Supplies,1
,,,,,,Technology,1
,,,,,,72.03,1
,,,,,,Office Supplies,1
,,,,,,72.04,2
,,,,,,Office Supplies,1
,,,,,,Technology,1
,,,,,,72.07,1
,,,,,,Office Supplies,1
,,,,,,72.12,1
,,,,,,Technology,1
,,,,,,72.16,1
,,,,,,Furniture,1
,,,,,,72.19,1
,,,,,,Office Supplies,1
,,,,,,72.22,1
,,,,,,Office Supplies,1
,,,,,,72.26,1
,,,,,,Furniture,1
,,,,,,72.29,3
,,,,,,Furniture,1
,,,,,,Office Supplies,2
,,,,,,72.3,2
,,,,,,Office Supplies,2
,,,,,,72.33,1
,,,,,,Office Supplies,1
,,,,,,72.34,1
,,,,,,Office Supplies,1
,,,,,,72.35,1
,,,,,,Furniture,1
,,,,,,72.36,1
,,,,,,Office Supplies,1
,,,,,,72.4,1
,,,,,,Technology,1
,,,,,,72.43,1
,,,,,,Office Supplies,1
,,,,,,72.49,3
,,,,,,Furniture,1
,,,,,,Office Supplies,2
,,,,,,72.53,1
,,,,,,Furniture,1
,,,,,,72.54,1
,,,,,,Furniture,1
,,,,,,72.59,1
,,,,,,Office Supplies,1
,,,,,,72.62,1
,,,,,,Technology,1
,,,,,,72.64,1
,,,,,,Furniture,1
,,,,,,72.67,2
,,,,,,Furniture,1
,,,,,,Technology,1
,,,,,,72.69,1
,,,,,,Furniture,1
,,,,,,72.7,1
,,,,,,Office Supplies,1
,,,,,,72.71,1
,,,,,,Technology,1
,,,,,,72.74,1
,,,,,,Office Supplies,1
,,,,,,72.75,2
,,,,,,Office Supplies,1
,,,,,,Technology,1
,,,,,,72.8,2
,,,,,,Office Supplies,2
,,,,,,72.82,1
,,,,,,Office Supplies,1
,,,,,,72.83,2
,,,,,,Furniture,1
,,,,,,Office Supplies,1
,,,,,,72.84,2
,,,,,,Furniture,1
,,,,,,Office Supplies,1
,,,,,,72.87,1
,,,,,,Office Supplies,1
,,,,,,72.94,1
,,,,,,Office Supplies,1
,,,,,,72.95,1
,,,,,,Furniture,1
,,,,,,72.96,1
,,,,,,Office Supplies,1
,,,,,,72.99,1
,,,,,,Technology,1
,,,,,,73.03,1
,,,,,,Technology,1
,,,,,,73.07,1
,,,,,,Technology,1
,,,,,,73.08,1
,,,,,,Furniture,1
,,,,,,73.1,2
,,,,,,Office Supplies,1
,,,,,,Technology,1
,,,,,,73.12,2
,,,,,,Furniture,1
,,,,,,Technology,1
,,,,,,73.14,1
,,,,,,Technology,1
,,,,,,73.15,1
,,,,,,Technology,1
,,,,,,73.16,1
,,,,,,Furniture,1
,,,,,,73.17,1
,,,,,,Technology,1
,,,,,,73.19,2
,,,,,,Office Supplies,1
,,,,,,Technology,1
,,,,,,73.21,1
,,,,,,Furniture,1
,,,,,,73.28,1
,,,,,,Office Supplies,1
,,,,,,73.32,1
,,,,,,Furniture,1
,,,,,,73.34,1
,,,,,,Office Supplies,1
,,,,,,73.38,2
,,,,,,Office Supplies,1
,,,,,,Technology,1
,,,,,,73.43,1
,,,,,,Technology,1
,,,,,,73.48,2
,,,,,,Office Supplies,1
,,,,,,Technology,1
,,,,,,73.5,2
,,,,,,Office Supplies,1
,,,,,,Technology,1
,,,,,,73.51,1
,,,,,,Office Supplies,1
,,,,,,73.53,1
,,,,,,Office Supplies,1
,,,,,,73.55,2
,,,,,,Technology,2
,,,,,,73.63,1
,,,,,,Furniture,1
,,,,,,73.64,1
,,,,,,Technology,1
,,,,,,73.68,1
,,,,,,Furniture,1
,,,,,,73.7,1
,,,,,,Office Supplies,1
,,,,,,73.71,1
,,,,,,Furniture,1
,,,,,,73.75,1
,,,,,,Office Supplies,1
,,,,,,73.81,3
,,,,,,Office Supplies,2
,,,,,,Technology,1
,,,,,,73.83,1
,,,,,,Technology,1
,,,,,,73.84,2
,,,,,,Furniture,1
,,,,,,Technology,1
,,,,,,73.86,2
,,,,,,Office Supplies,1
,,,,,,Technology,1
,,,,,,73.87,1
,,,,,,Furniture,1
,,,,,,73.88,1
,,,,,,Furniture,1
,,,,,,73.91,1
,,,,,,Office Supplies,1
,,,,,,73.94,2
,,,,,,Office Supplies,1
,,,,,,Technology,1
,,,,,,73.97,2
,,,,,,Office Supplies,2
,,,,,,74.03,1
,,,,,,Technology,1
,,,,,,74.05,1
,,,,,,Furniture,1
,,,,,,74.1,1
,,,,,,Furniture,1
,,,,,,74.12,1
,,,,,,Technology,1
,,,,,,74.13,1
,,,,,,Office Supplies,1
,,,,,,74.14,1
,,,,,,Office Supplies,1
,,,,,,74.16,2
,,,,,,Furniture,1
,,,,,,Technology,1
,,,,,,74.17,2
,,,,,,Office Supplies,1
,,,,,,Technology,1
,,,,,,74.21,1
,,,,,,Technology,1
,,,,,,74.22,1
,,,,,,Office Supplies,1
,,,,,,74.23,1
,,,,,,Furniture,1
,,,,,,74.27,1
,,,,,,Office Supplies,1
,,,,,,74.29,1
,,,,,,Furniture,1
,,,,,,74.31,1
,,,,,,Office Supplies,1
,,,,,,74.32,1
,,,,,,Technology,1
,,,,,,74.33,2
,,,,,,Furniture,1
,,,,,,Office Supplies,1
,,,,,,74.34,1
,,,,,,Furniture,1
,,,,,,74.36,1
,,,,,,Technology,1
,,,,,,74.43,2
,,,,,,Furniture,1
,,,,,,Technology,1
,,,,,,74.45,1
,,,,,,Office Supplies,1
,,,,,,74.48,2
,,,,,,Office Supplies,1
,,,,,,Technology,1
,,,,,,74.53,1
,,,,,,Office Supplies,1
,,,,,,74.54,1
,,,,,,Furniture,1
,,,,,,74.56,1
,,,,,,Furniture,1
,,,,,,74.57,1
,,,,,,Office Supplies,1
,,,,,,74.6,1
,,,,,,Furniture,1
,,,,,,74.61,1
,,,,,,Office Supplies,1
,,,,,,74.62,3
,,,,,,Furniture,3
,,,,,,74.63,2
,,,,,,Furniture,1
,,,,,,Office Supplies,1
,,,,,,74.64,1
,,,,,,Office Supplies,1
,,,,,,74.7,1
,,,,,,Office Supplies,1
,,,,,,74.71,1
,,,,,,Furniture,1
,,,,,,74.72,2
,,,,,,Furniture,1
,,,,,,Technology,1
,,,,,,74.76,1
,,,,,,Technology,1
,,,,,,74.77,1
,,,,,,Furniture,1
,,,,,,74.78,1
,,,,,,Technology,1
,,,,,,74.81,1
,,,,,,Technology,1
,,,,,,74.82,1
,,,,,,Furniture,1
,,,,,,74.85,1
,,,,,,Office Supplies,1
,,,,,,74.86,1
,,,,,,Office Supplies,1
,,,,,,74.92,1
,,,,,,Office Supplies,1
,,,,,,74.93,2
,,,,,,Office Supplies,2
,,,,,,74.95,2
,,,,,,Furniture,2
,,,,,,75.01,1
,,,,,,Office Supplies,1
,,,,,,75.1,1
,,,,,,Office Supplies,1
,,,,,,75.11,1
,,,,,,Technology,1
,,,,,,75.12,2
,,,,,,Furniture,1
,,,,,,Office Supplies,1
,,,,,,75.16,1
,,,,,,Furniture,1
,,,,,,75.18,1
,,,,,,Furniture,1
,,,,,,75.19,1
,,,,,,Furniture,1
,,,,,,75.21,2
,,,,,,Furniture,1
,,,,,,Technology,1
,,,,,,75.23,1
,,,,,,Furniture,1
,,,,,,75.25,3
,,,,,,Office Supplies,2
,,,,,,Technology,1
,,,,,,75.29,2
,,,,,,Office Supplies,1
,,,,,,Technology,1
,,,,,,75.32,1
,,,,,,Furniture,1
,,,,,,75.34,1
,,,,,,Office Supplies,1
,,,,,,75.35,1
,,,,,,Furniture,1
,,,,,,75.4,3
,,,,,,Furniture,1
,,,,,,Office Supplies,1
,,,,,,Technology,1
,,,,,,75.41,2
,,,,,,Furniture,1
,,,,,,Office Supplies,1
,,,,,,75.44,1
,,,,,,Office Supplies,1
,,,,,,75.47,1
,,,,,,Technology,1
,,,,,,75.48,1
,,,,,,Office Supplies,1
,,,,,,75.51,1
,,,,,,Technology,1
,,,,,,75.55,1
,,,,,,Office Supplies,1
,,,,,,75.57,2
,,,,,,Office Supplies,2
,,,,,,75.61,1
,,,,,,Furniture,1
,,,,,,75.65,1
,,,,,,Technology,1
,,,,,,75.69,1
,,,,,,Office Supplies,1
,,,,,,75.7,1
,,,,,,Office Supplies,1
,,,,,,75.71,1
,,,,,,Office Supplies,1
,,,,,,75.75,1
,,,,,,Technology,1
,,,,,,75.76,2
,,,,,,Office Supplies,1
,,,,,,Technology,1
,,,,,,75.78,2
,,,,,,Furniture,2
,,,,,,75.8,1
,,,,,,Office Supplies,1
,,,,,,75.81,1
,,,,,,Technology,1
,,,,,,75.82,1
,,,,,,Furniture,1
,,,,,,75.85,1
,,,,,,Office Supplies,1
,,,,,,75.96,2
,,,,,,Technology,2
,,,,,,75.97,1
,,,,,,Technology,1
,,,,,,75.99,1
,,,,,,Technology,1
,,,,,,76.02,1
,,,,,,Office Supplies,1
,,,,,,76.11,1
,,,,,,Furniture,1
,,,,,,76.12,1
,,,,,,Office Supplies,1
,,,,,,76.13,1
,,,,,,Office Supplies,1
,,,,,,76.17,1
,,,,,,Technology,1
,,,,,,76.19,1
,,,,,,Office Supplies,1
,,,,,,76.22,1
,,,,,,Technology,1
,,,,,,76.23,1
,,,,,,Technology,1
,,,,,,76.24,1
,,,,,,Office Supplies,1
,,,,,,76.26,2
,,,,,,Technology,2
,,,,,,76.31,2
,,,,,,Furniture,1
,,,,,,Technology,1
,,,,,,76.32,1
,,,,,,Office Supplies,1
,,,,,,76.37,1
,,,,,,Furniture,1
,,,,,,76.38,1
,,,,,,Furniture,1
,,,,,,76.39,1
,,,,,,Office Supplies,1
,,,,,,76.43,1
,,,,,,Office Supplies,1
,,,,,,76.46,1
,,,,,,Furniture,1
,,,,,,76.47,1
,,,,,,Furniture,1
,,,,,,76.48,1
,,,,,,Furniture,1
,,,,,,76.49,1
,,,,,,Furniture,1
,,,,,,76.51,2
,,,,,,Office Supplies,1
,,,,,,Technology,1
,,,,,,76.62,1
,,,,,,Office Supplies,1
,,,,,,76.63,2
,,,,,,Office Supplies,2
,,,,,,76.64,2
,,,,,,Furniture,1
,,,,,,Office Supplies,1
,,,,,,76.65,2
,,,,,,Office Supplies,1
,,,,,,Technology,1
,,,,,,76.67,1
,,,,,,Furniture,1
,,,,,,76.68,1
,,,,,,Office Supplies,1
,,,,,,76.71,1
,,,,,,Furniture,1
,,,,,,76.8,2
,,,,,,Office Supplies,2
,,,,,,76.84,1
,,,,,,Office Supplies,1
,,,,,,76.86,2
,,,,,,Office Supplies,1
,,,,,,Technology,1
,,,,,,76.94,2
,,,,,,Office Supplies,1
,,,,,,Technology,1
,,,,,,76.95,2
,,,,,,Furniture,2
,,,,,,77.02,1
,,,,,,Furniture,1
,,,,,,77.04,1
,,,,,,Office Supplies,1
,,,,,,77.05,1
,,,,,,Furniture,1
,,,,,,77.06,1
,,,,,,Technology,1
,,,,,,77.07,1
,,,,,,Office Supplies,1
,,,,,,77.08,1
,,,,,,Office Supplies,1
,,,,,,77.09,1
,,,,,,Office Supplies,1
,,,,,,77.14,4
,,,,,,Office Supplies,4
,,,,,,77.18,1
,,,,,,Office Supplies,1
,,,,,,77.22,1
,,,,,,Furniture,1
,,,,,,77.23,1
,,,,,,Furniture,1
,,,,,,77.26,1
,,,,,,Office Supplies,1
,,,,,,77.32,1
,,,,,,Furniture,1
,,,,,,77.4,1
,,,,,,Furniture,1
,,,,,,77.41,1
,,,,,,Technology,1
,,,,,,77.42,1
,,,,,,Furniture,1
,,,,,,77.45,1
,,,,,,Technology,1
,,,,,,77.5,1
,,,,,,Office Supplies,1
,,,,,,77.51,1
,,,,,,Furniture,1
,,,,,,77.56,1
,,,,,,Furniture,1
,,,,,,77.59,1
,,,,,,Technology,1
,,,,,,77.6,1
,,,,,,Furniture,1
,,,,,,77.61,1
,,,,,,Office Supplies,1
,,,,,,77.64,1
,,,,,,Office Supplies,1
,,,,,,77.71,1
,,,,,,Furniture,1
,,,,,,77.73,2
,,,,,,Furniture,1
,,,,,,Technology,1
,,,,,,77.79,1
,,,,,,Furniture,1
,,,,,,77.8,1
,,,,,,Office Supplies,1
,,,,,,77.82,1
,,,,,,Furniture,1
,,,,,,77.87,1
,,,,,,Technology,1
,,,,,,77.9,1
,,,,,,Office Supplies,1
,,,,,,77.92,3
,,,,,,Office Supplies,2
,,,,,,Technology,1
,,,,,,77.93,1
,,,,,,Office Supplies,1
,,,,,,77.97,2
,,,,,,Furniture,1
,,,,,,Technology,1
,,,,,,78,1
,,,,,,Furniture,1
,,,,,,78.01,1
,,,,,,Furniture,1
,,,,,,78.02,1
,,,,,,Office Supplies,1
,,,,,,78.06,1
,,,,,,Technology,1
,,,,,,78.07,1
,,,,,,Furniture,1
,,,,,,78.09,1
,,,,,,Furniture,1
,,,,,,78.12,4
,,,,,,Furniture,2
,,,,,,Office Supplies,2
,,,,,,78.13,2
,,,,,,Office Supplies,1
,,,,,,Technology,1
,,,,,,78.15,1
,,,,,,Technology,1
,,,,,,78.18,1
,,,,,,Office Supplies,1
,,,,,,78.19,1
,,,,,,Technology,1
,,,,,,78.2,1
,,,,,,Office Supplies,1
,,,,,,78.23,2
,,,,,,Furniture,1
,,,,,,Office Supplies,1
,,,,,,78.25,1
,,,,,,Office Supplies,1
,,,,,,78.29,1
,,,,,,Furniture,1
,,,,,,78.35,1
,,,,,,Furniture,1
,,,,,,78.37,1
,,,,,,Furniture,1
,,,,,,78.38,2
,,,,,,Furniture,1
,,,,,,Office Supplies,1
,,,,,,78.43,1
,,,,,,Furniture,1
,,,,,,78.44,1
,,,,,,Technology,1
,,,,,,78.46,1
,,,,,,Furniture,1
,,,,,,78.47,1
,,,,,,Office Supplies,1
,,,,,,78.49,1
,,,,,,Furniture,1
,,,,,,78.51,2
,,,,,,Office Supplies,1
,,,,,,Technology,1
,,,,,,78.53,1
,,,,,,Furniture,1
,,,,,,78.55,2
,,,,,,Furniture,2
,,,,,,78.61,1
,,,,,,Office Supplies,1
,,,,,,78.64,1
,,,,,,Furniture,1
,,,,,,78.69,1
,,,,,,Furniture,1
,,,,,,78.7,1
,,,,,,Furniture,1
,,,,,,78.76,1
,,,,,,Technology,1
,,,,,,78.77,1
,,,,,,Furniture,1
,,,,,,78.84,1
,,,,,,Technology,1
,,,,,,78.86,1
,,,,,,Office Supplies,1
,,,,,,78.91,2
,,,,,,Furniture,1
,,,,,,Office Supplies,1
,,,,,,78.97,1
,,,,,,Office Supplies,1
,,,,,,78.98,1
,,,,,,Office Supplies,1
,,,,,,79.01,1
,,,,,,Furniture,1
,,,,,,79.02,1
,,,,,,Office Supplies,1
,,,,,,79.05,1
,,,,,,Office Supplies,1
,,,,,,79.06,3
,,,,,,Furniture,2
,,,,,,Technology,1
,,,,,,79.07,1
,,,,,,Technology,1
,,,,,,79.08,1
,,,,,,Office Supplies,1
,,,,,,79.09,1
,,,,,,Office Supplies,1
,,,,,,79.12,1
,,,,,,Office Supplies,1
,,,,,,79.14,1
,,,,,,Technology,1
,,,,,,79.19,1
,,,,,,Technology,1
,,,,,,79.2,1
,,,,,,Office Supplies,1
,,,,,,79.21,1
,,,,,,Office Supplies,1
,,,,,,79.26,1
,,,,,,Furniture,1
,,,,,,79.29,1
,,,,,,Furniture,1
,,,,,,79.32,1
,,,,,,Technology,1
,,,,,,79.33,1
,,,,,,Office Supplies,1
,,,,,,79.37,1
,,,,,,Technology,1
,,,,,,79.39,1
,,,,,,Technology,1
,,,,,,79.41,1
,,,,,,Furniture,1
,,,,,,79.43,1
,,,,,,Technology,1
,,,,,,79.45,1
,,,,,,Technology,1
,,,,,,79.46,1
,,,,,,Technology,1
,,,,,,79.47,1
,,,,,,Furniture,1
,,,,,,79.52,1
,,,,,,Technology,1
,,,,,,79.53,1
,,,,,,Technology,1
,,,,,,79.56,1
,,,,,,Furniture,1
,,,,,,79.57,4
,,,,,,Furniture,3
,,,,,,Office Supplies,1
,,,,,,79.58,3
,,,,,,Office Supplies,3
,,,,,,79.6,1
,,,,,,Office Supplies,1
,,,,,,79.62,1
,,,,,,Technology,1
,,,,,,79.68,1
,,,,,,Technology,1
,,,,,,79.7,1
,,,,,,Office Supplies,1
,,,,,,79.71,1
,,,,,,Office Supplies,1
,,,,,,79.74,2
,,,,,,Office Supplies,1
,,,,,,Technology,1
,,,,,,79.75,1
,,,,,,Technology,1
,,,,,,79.78,1
,,,,,,Furniture,1
,,,,,,79.82,1
,,,,,,Office Supplies,1
,,,,,,79.89,3
,,,,,,Office Supplies,3
,,,,,,79.9,1
,,,,,,Office Supplies,1
,,,,,,79.96,1
,,,,,,Furniture,1
,,,,,,79.98,1
,,,,,,Furniture,1
,,,,,,80.03,2
,,,,,,Office Supplies,2
,,,,,,80.09,1
,,,,,,Furniture,1
,,,,,,80.12,1
,,,,,,Office Supplies,1
,,,,,,80.14,1
,,,,,,Office Supplies,1
,,,,,,80.16,2
,,,,,,Technology,2
,,,,,,80.18,1
,,,,,,Office Supplies,1
,,,,,,80.21,1
,,,,,,Furniture,1
,,,,,,80.22,1
,,,,,,Office Supplies,1
,,,,,,80.26,1
,,,,,,Furniture,1
,,,,,,80.27,1
,,,,,,Office Supplies,1
,,,,,,80.29,2
,,,,,,Furniture,1
,,,,,,Office Supplies,1
,,,,,,80.3,1
,,,,,,Technology,1
,,,,,,80.36,2
,,,,,,Office Supplies,2
,,,,,,80.37,1
,,,,,,Furniture,1
,,,,,,80.39,1
,,,,,,Technology,1
,,,,,,80.49,1
,,,,,,Office Supplies,1
,,,,,,80.5,1
,,,,,,Furniture,1
,,,,,,80.51,1
,,,,,,Technology,1
,,,,,,80.6,1
,,,,,,Furniture,1
,,,,,,80.62,1
,,,,,,Technology,1
,,,,,,80.63,1
,,,,,,Office Supplies,1
,,,,,,80.68,1
,,,,,,Office Supplies,1
,,,,,,80.69,3
,,,,,,Furniture,2
,,,,,,Technology,1
,,,,,,80.7,1
,,,,,,Office Supplies,1
,,,,,,80.71,1
,,,,,,Office Supplies,1
,,,,,,80.76,2
,,,,,,Office Supplies,1
,,,,,,Technology,1
,,,,,,80.8,1
,,,,,,Office Supplies,1
,,,,,,80.81,1
,,,,,,Office Supplies,1
,,,,,,80.85,1
,,,,,,Office Supplies,1
,,,,,,80.86,1
,,,,,,Office Supplies,1
,,,,,,80.88,1
,,,,,,Technology,1
,,,,,,81.02,1
,,,,,,Technology,1
,,,,,,81.07,1
,,,,,,Office Supplies,1
,,,,,,81.1,1
,,,,,,Technology,1
,,,,,,81.12,2
,,,,,,Office Supplies,2
,,,,,,81.14,2
,,,,,,Furniture,1
,,,,,,Office Supplies,1
,,,,,,81.16,1
,,,,,,Office Supplies,1
,,,,,,81.2,2
,,,,,,Office Supplies,1
,,,,,,Technology,1
,,,,,,81.21,1
,,,,,,Furniture,1
,,,,,,81.22,1
,,,,,,Technology,1
,,,,,,81.24,2
,,,,,,Office Supplies,1
,,,,,,Technology,1
,,,,,,81.25,1
,,,,,,Furniture,1
,,,,,,81.28,1
,,,,,,Office Supplies,1
,,,,,,81.29,1
,,,,,,Office Supplies,1
,,,,,,81.32,1
,,,,,,Furniture,1
,,,,,,81.35,1
,,,,,,Technology,1
,,,,,,81.37,1
,,,,,,Technology,1
,,,,,,81.38,1
,,,,,,Technology,1
,,,,,,81.4,1
,,,,,,Technology,1
,,,,,,81.41,1
,,,,,,Office Supplies,1
,,,,,,81.5,1
,,,,,,Technology,1
,,,,,,81.53,1
,,,,,,Office Supplies,1
,,,,,,81.55,1
,,,,,,Office Supplies,1
,,,,,,81.59,1
,,,,,,Technology,1
,,,,,,81.6,1
,,,,,,Office Supplies,1
,,,,,,81.62,1
,,,,,,Office Supplies,1
,,,,,,81.71,1
,,,,,,Office Supplies,1
,,,,,,81.73,1
,,,,,,Office Supplies,1
,,,,,,81.76,2
,,,,,,Furniture,1
,,,,,,Office Supplies,1
,,,,,,81.77,3
,,,,,,Office Supplies,2
,,,,,,Technology,1
,,,,,,81.8,1
,,,,,,Furniture,1
,,,,,,81.82,1
,,,,,,Office Supplies,1
,,,,,,81.83,1
,,,,,,Technology,1
,,,,,,81.84,1
,,,,,,Office Supplies,1
,,,,,,81.86,1
,,,,,,Office Supplies,1
,,,,,,81.87,1
,,,,,,Technology,1
,,,,,,81.88,1
,,,,,,Office Supplies,1
,,,,,,81.9,1
,,,,,,Office Supplies,1
,,,,,,81.93,1
,,,,,,Office Supplies,1
,,,,,,81.96,3
,,,,,,Office Supplies,2
,,,,,,Technology,1
,,,,,,81.97,2
,,,,,,Office Supplies,2
,,,,,,81.98,2
,,,,,,Office Supplies,1
,,,,,,Technology,1
,,,,,,82.01,1
,,,,,,Office Supplies,1
,,,,,,82.1,1
,,,,,,Technology,1
,,,,,,82.13,1
,,,,,,Office Supplies,1
,,,,,,82.16,1
,,,,,,Office Supplies,1
,,,,,,82.17,1
,,,,,,Office Supplies,1
,,,,,,82.18,1
,,,,,,Office Supplies,1
,,,,,,82.2,1
,,,,,,Office Supplies,1
,,,,,,82.24,1
,,,,,,Furniture,1
,,,,,,82.34,1
,,,,,,Technology,1
,,,,,,82.35,1
,,,,,,Office Supplies,1
,,,,,,82.48,1
,,,,,,Office Supplies,1
,,,,,,82.52,1
,,,,,,Technology,1
,,,,,,82.53,1
,,,,,,Office Supplies,1
,,,,,,82.56,1
,,,,,,Furniture,1
,,,,,,82.58,1
,,,,,,Furniture,1
,,,,,,82.59,2
,,,,,,Furniture,1
,,,,,,Office Supplies,1
,,,,,,82.6,1
,,,,,,Furniture,1
,,,,,,82.62,1
,,,,,,Office Supplies,1
,,,,,,82.63,1
,,,,,,Office Supplies,1
,,,,,,82.64,3
,,,,,,Furniture,1
,,,,,,Office Supplies,1
,,,,,,Technology,1
,,,,,,82.65,1
,,,,,,Office Supplies,1
,,,,,,82.67,1
,,,,,,Technology,1
,,,,,,82.71,1
,,,,,,Furniture,1
,,,,,,82.76,1
,,,,,,Technology,1
,,,,,,82.77,2
,,,,,,Furniture,1
,,,,,,Technology,1
,,,,,,82.79,2
,,,,,,Office Supplies,1
,,,,,,Technology,1
,,,,,,82.82,1
,,,,,,Office Supplies,1
,,,,,,82.9,3
,,,,,,Office Supplies,1
,,,,,,Technology,2
,,,,,,82.95,1
,,,,,,Office Supplies,1
,,,,,,82.98,1
,,,,,,Technology,1
,,,,,,83,1
,,,,,,Technology,1
,,,,,,83.02,1
,,,,,,Office Supplies,1
,,,,,,83.07,1
,,,,,,Office Supplies,1
,,,,,,83.08,2
,,,,,,Furniture,1
,,,,,,Office Supplies,1
,,,,,,83.12,1
,,,,,,Office Supplies,1
,,,,,,83.13,1
,,,,,,Office Supplies,1
,,,,,,83.14,1
,,,,,,Office Supplies,1
,,,,,,83.16,1
,,,,,,Furniture,1
,,,,,,83.26,1
,,,,,,Office Supplies,1
,,,,,,83.27,1
,,,,,,Technology,1
,,,,,,83.31,2
,,,,,,Furniture,1
,,,,,,Technology,1
,,,,,,83.36,1
,,,,,,Office Supplies,1
,,,,,,83.4,1
,,,,,,Furniture,1
,,,,,,83.41,1
,,,,,,Office Supplies,1
,,,,,,83.45,1
,,,,,,Office Supplies,1
,,,,,,83.46,1
,,,,,,Technology,1
,,,,,,83.47,1
,,,,,,Office Supplies,1
,,,,,,83.51,2
,,,,,,Office Supplies,2
,,,,,,83.53,1
,,,,,,Office Supplies,1
,,,,,,83.55,1
,,,,,,Furniture,1
,,,,,,83.56,1
,,,,,,Technology,1
,,,,,,83.59,1
,,,,,,Technology,1
,,,,,,83.64,1
,,,,,,Technology,1
,,,,,,83.65,1
,,,,,,Office Supplies,1
,,,,,,83.66,1
,,,,,,Office Supplies,1
,,,,,,83.69,1
,,,,,,Office Supplies,1
,,,,,,83.71,1
,,,,,,Office Supplies,1
,,,,,,83.73,2
,,,,,,Office Supplies,1
,,,,,,Technology,1
,,,,,,83.74,1
,,,,,,Furniture,1
,,,,,,83.79,1
,,,,,,Office Supplies,1
,,,,,,83.86,1
,,,,,,Office Supplies,1
,,,,,,83.87,1
,,,,,,Office Supplies,1
,,,,,,83.88,1
,,,,,,Technology,1
,,,,,,83.91,1
,,,,,,Technology,1
,,,,,,83.98,1
,,,,,,Office Supplies,1
,,,,,,84,2
,,,,,,Technology,2
,,,,,,84.03,1
,,,,,,Technology,1
,,,,,,84.05,4
,,,,,,Office Supplies,1
,,,,,,Technology,3
,,,,,,84.11,1
,,,,,,Furniture,1
,,,,,,84.12,1
,,,,,,Office Supplies,1
,,,,,,84.13,3
,,,,,,Office Supplies,2
,,,,,,Technology,1
,,,,,,84.15,2
,,,,,,Office Supplies,2
,,,,,,84.18,2
,,,,,,Office Supplies,1
,,,,,,Technology,1
,,,,,,84.19,1
,,,,,,Furniture,1
,,,,,,84.23,1
,,,,,,Office Supplies,1
,,,,,,84.25,1
,,,,,,Furniture,1
,,,,,,84.28,3
,,,,,,Furniture,3
,,,,,,84.29,2
,,,,,,Furniture,2
,,,,,,84.32,3
,,,,,,Furniture,1
,,,,,,Technology,2
,,,,,,84.34,1
,,,,,,Office Supplies,1
,,,,,,84.38,1
,,,,,,Furniture,1
,,,,,,84.39,1
,,,,,,Furniture,1
,,,,,,84.45,1
,,,,,,Office Supplies,1
,,,,,,84.46,1
,,,,,,Furniture,1
,,,,,,84.5,1
,,,,,,Furniture,1
,,,,,,84.54,1
,,,,,,Office Supplies,1
,,,,,,84.56,1
,,,,,,Office Supplies,1
,,,,,,84.58,1
,,,,,,Technology,1
,,,,,,84.59,1
,,,,,,Office Supplies,1
,,,,,,84.6,1
,,,,,,Technology,1
,,,,,,84.62,1
,,,,,,Office Supplies,1
,,,,,,84.63,1
,,,,,,Office Supplies,1
,,,,,,84.64,2
,,,,,,Furniture,1
,,,,,,Technology,1
,,,,,,84.65,1
,,,,,,Furniture,1
,,,,,,84.69,1
,,,,,,Furniture,1
,,,,,,84.73,1
,,,,,,Technology,1
,,,,,,84.74,1
,,,,,,Office Supplies,1
,,,,,,84.76,1
,,,,,,Office Supplies,1
,,,,,,84.8,1
,,,,,,Office Supplies,1
,,,,,,84.88,1
,,,,,,Furniture,1
,,,,,,84.9,1
,,,,,,Furniture,1
,,,,,,84.91,1
,,,,,,Furniture,1
,,,,,,84.92,1
,,,,,,Technology,1
,,,,,,84.99,1
,,,,,,Office Supplies,1
,,,,,,85,1
,,,,,,Technology,1
,,,,,,85.03,1
,,,,,,Furniture,1
,,,,,,85.05,1
,,,,,,Technology,1
,,,,,,85.07,1
,,,,,,Office Supplies,1
,,,,,,85.08,1
,,,,,,Office Supplies,1
,,,,,,85.09,1
,,,,,,Office Supplies,1
,,,,,,85.1,1
,,,,,,Office Supplies,1
,,,,,,85.11,2
,,,,,,Office Supplies,2
,,,,,,85.17,1
,,,,,,Office Supplies,1
,,,,,,85.21,2
,,,,,,Furniture,1
,,,,,,Office Supplies,1
,,,,,,85.24,1
,,,,,,Office Supplies,1
,,,,,,85.26,1
,,,,,,Office Supplies,1
,,,,,,85.28,2
,,,,,,Furniture,2
,,,,,,85.31,1
,,,,,,Technology,1
,,,,,,85.32,1
,,,,,,Furniture,1
,,,,,,85.4,1
,,,,,,Technology,1
,,,,,,85.46,1
,,,,,,Technology,1
,,,,,,85.48,1
,,,,,,Furniture,1
,,,,,,85.53,1
,,,,,,Office Supplies,1
,,,,,,85.57,2
,,,,,,Furniture,2
,,,,,,85.59,3
,,,,,,Furniture,1
,,,,,,Office Supplies,1
,,,,,,Technology,1
,,,,,,85.6,1
,,,,,,Technology,1
,,,,,,85.63,1
,,,,,,Technology,1
,,,,,,85.64,1
,,,,,,Office Supplies,1
,,,,,,85.67,1
,,,,,,Technology,1
,,,,,,85.68,1
,,,,,,Furniture,1
,,,,,,85.71,2
,,,,,,Office Supplies,2
,,,,,,85.72,1
,,,,,,Office Supplies,1
,,,,,,85.73,1
,,,,,,Furniture,1
,,,,,,85.74,1
,,,,,,Office Supplies,1
,,,,,,85.77,3
,,,,,,Furniture,1
,,,,,,Office Supplies,1
,,,,,,Technology,1
,,,,,,85.78,1
,,,,,,Office Supplies,1
,,,,,,85.79,1
,,,,,,Furniture,1
,,,,,,85.84,1
,,,,,,Office Supplies,1
,,,,,,85.86,1
,,,,,,Furniture,1
,,,,,,85.87,1
,,,,,,Furniture,1
,,,,,,85.91,1
,,,,,,Office Supplies,1
,,,,,,85.93,2
,,,,,,Furniture,1
,,,,,,Technology,1
,,,,,,85.95,2
,,,,,,Technology,2
,,,,,,85.96,1
,,,,,,Furniture,1
,,,,,,85.99,1
,,,,,,Office Supplies,1
,,,,,,86.07,1
,,,,,,Office Supplies,1
,,,,,,86.14,1
,,,,,,Furniture,1
,,,,,,86.16,2
,,,,,,Furniture,1
,,,,,,Technology,1
,,,,,,86.17,3
,,,,,,Office Supplies,1
,,,,,,Technology,2
,,,,,,86.2,1
,,,,,,Office Supplies,1
,,,,,,86.22,2
,,,,,,Furniture,1
,,,,,,Technology,1
,,,,,,86.27,1
,,,,,,Technology,1
,,,,,,86.29,1
,,,,,,Technology,1
,,,,,,86.32,1
,,,,,,Office Supplies,1
,,,,,,86.35,2
,,,,,,Furniture,2
,,,,,,86.38,2
,,,,,,Office Supplies,2
,,,,,,86.41,1
,,,,,,Furniture,1
,,,,,,86.42,1
,,,,,,Office Supplies,1
,,,,,,86.46,1
,,,,,,Office Supplies,1
,,,,,,86.49,1
,,,,,,Office Supplies,1
,,,,,,86.57,2
,,,,,,Furniture,1
,,,,,,Office Supplies,1
,,,,,,86.58,1
,,,,,,Office Supplies,1
,,,,,,86.62,1
,,,,,,Office Supplies,1
,,,,,,86.65,1
,,,,,,Technology,1
,,,,,,86.66,1
,,,,,,Furniture,1
,,,,,,86.68,1
,,,,,,Technology,1
,,,,,,86.7,1
,,,,,,Technology,1
,,,,,,86.72,1
,,,,,,Office Supplies,1
,,,,,,86.73,1
,,,,,,Technology,1
,,,,,,86.78,1
,,,,,,Technology,1
,,,,,,86.8,1
,,,,,,Furniture,1
,,,,,,86.81,1
,,,,,,Office Supplies,1
,,,,,,86.84,1
,,,,,,Office Supplies,1
,,,,,,86.86,1
,,,,,,Office Supplies,1
,,,,,,86.87,1
,,,,,,Furniture,1
,,,,,,86.88,1
,,,,,,Office Supplies,1
,,,,,,86.95,2
,,,,,,Technology,2
,,,,,,86.96,1
,,,,,,Office Supplies,1
,,,,,,87.05,1
,,,,,,Office Supplies,1
,,,,,,87.07,1
,,,,,,Office Supplies,1
,,,,,,87.09,2
,,,,,,Furniture,2
,,,,,,87.15,2
,,,,,,Furniture,1
,,,,,,Office Supplies,1
,,,,,,87.18,1
,,,,,,Furniture,1
,,,,,,87.21,1
,,,,,,Office Supplies,1
,,,,,,87.23,1
,,,,,,Technology,1
,,,,,,87.3,1
,,,,,,Technology,1
,,,,,,87.33,1
,,,,,,Furniture,1
,,,,,,87.34,1
,,,,,,Office Supplies,1
,,,,,,87.38,1
,,,,,,Furniture,1
,,,,,,87.42,1
,,,,,,Furniture,1
,,,,,,87.43,1
,,,,,,Furniture,1
,,,,,,87.45,1
,,,,,,Furniture,1
,,,,,,87.48,1
,,,,,,Office Supplies,1
,,,,,,87.52,1
,,,,,,Furniture,1
,,,,,,87.6,1
,,,,,,Office Supplies,1
,,,,,,87.64,1
,,,,,,Office Supplies,1
,,,,,,87.66,1
,,,,,,Office Supplies,1
,,,,,,87.71,1
,,,,,,Office Supplies,1
,,,,,,87.73,1
,,,,,,Office Supplies,1
,,,,,,87.77,1
,,,,,,Technology,1
,,,,,,87.79,1
,,,,,,Office Supplies,1
,,,,,,87.85,1
,,,,,,Office Supplies,1
,,,,,,87.93,1
,,,,,,Office Supplies,1
,,,,,,87.95,1
,,,,,,Office Supplies,1
,,,,,,87.96,1
,,,,,,Office Supplies,1
,,,,,,87.99,1
,,,,,,Furniture,1
,,,,,,88.03,1
,,,,,,Office Supplies,1
,,,,,,88.05,1
,,,,,,Office Supplies,1
,,,,,,88.06,1
,,,,,,Technology,1
,,,,,,88.08,1
,,,,,,Office Supplies,1
,,,,,,88.12,2
,,,,,,Furniture,1
,,,,,,Technology,1
,,,,,,88.14,1
,,,,,,Office Supplies,1
,,,,,,88.15,1
,,,,,,Furniture,1
,,,,,,88.16,2
,,,,,,Office Supplies,1
,,,,,,Technology,1
,,,,,,88.19,3
,,,,,,Furniture,1
,,,,,,Office Supplies,2
,,,,,,88.23,1
,,,,,,Office Supplies,1
,,,,,,88.24,1
,,,,,,Office Supplies,1
,,,,,,88.25,1
,,,,,,Office Supplies,1
,,,,,,88.26,1
,,,,,,Technology,1
,,,,,,88.27,1
,,,,,,Technology,1
,,,,,,88.3,1
,,,,,,Office Supplies,1
,,,,,,88.33,1
,,,,,,Office Supplies,1
,,,,,,88.35,1
,,,,,,Office Supplies,1
,,,,,,88.36,1
,,,,,,Furniture,1
,,,,,,88.38,1
,,,,,,Office Supplies,1
,,,,,,88.39,2
,,,,,,Office Supplies,1
,,,,,,Technology,1
,,,,,,88.4,1
,,,,,,Furniture,1
,,,,,,88.42,1
,,,,,,Furniture,1
,,,,,,88.43,3
,,,,,,Office Supplies,2
,,,,,,Technology,1
,,,,,,88.45,2
,,,,,,Furniture,1
,,,,,,Technology,1
,,,,,,88.47,1
,,,,,,Furniture,1
,,,,,,88.48,1
,,,,,,Office Supplies,1
,,,,,,88.5,1
,,,,,,Furniture,1
,,,,,,88.56,1
,,,,,,Office Supplies,1
,,,,,,88.57,1
,,,,,,Technology,1
,,,,,,88.58,2
,,,,,,Office Supplies,2
,,,,,,88.63,1
,,,,,,Office Supplies,1
,,,,,,88.64,1
,,,,,,Furniture,1
,,,,,,88.65,1
,,,,,,Furniture,1
,,,,,,88.7,1
,,,,,,Office Supplies,1
,,,,,,88.75,1
,,,,,,Technology,1
,,,,,,88.78,2
,,,,,,Furniture,1
,,,,,,Technology,1
,,,,,,88.81,1
,,,,,,Furniture,1
,,,,,,88.83,1
,,,,,,Technology,1
,,,,,,88.84,1
,,,,,,Office Supplies,1
,,,,,,88.89,1
,,,,,,Office Supplies,1
,,,,,,88.93,1
,,,,,,Furniture,1
,,,,,,88.94,1
,,,,,,Office Supplies,1
,,,,,,89.01,1
,,,,,,Office Supplies,1
,,,,,,89.04,2
,,,,,,Technology,2
,,,,,,89.06,1
,,,,,,Office Supplies,1
,,,,,,89.07,1
,,,,,,Technology,1
,,,,,,89.08,1
,,,,,,Furniture,1
,,,,,,89.1,1
,,,,,,Office Supplies,1
,,,,,,89.11,1
,,,,,,Technology,1
,,,,,,89.2,1
,,,,,,Office Supplies,1
,,,,,,89.22,1
,,,,,,Office Supplies,1
,,,,,,89.24,1
,,,,,,Furniture,1
,,,,,,89.25,1
,,,,,,Office Supplies,1
,,,,,,89.27,1
,,,,,,Office Supplies,1
,,,,,,89.3,1
,,,,,,Technology,1
,,,,,,89.31,1
,,,,,,Furniture,1
,,,,,,89.32,1
,,,,,,Technology,1
,,,,,,89.38,1
,,,,,,Office Supplies,1
,,,,,,89.42,1
,,,,,,Office Supplies,1
,,,,,,89.45,2
,,,,,,Office Supplies,1
,,,,,,Technology,1
,,,,,,89.5,1
,,,,,,Technology,1
,,,,,,89.52,2
,,,,,,Office Supplies,1
,,,,,,Technology,1
,,,,,,89.54,1
,,,,,,Office Supplies,1
,,,,,,89.56,1
,,,,,,Furniture,1
,,,,,,89.58,1
,,,,,,Furniture,1
,,,,,,89.6,1
,,,,,,Office Supplies,1
,,,,,,89.61,1
,,,,,,Office Supplies,1
,,,,,,89.63,1
,,,,,,Office Supplies,1
,,,,,,89.64,1
,,,,,,Office Supplies,1
,,,,,,89.68,1
,,,,,,Office Supplies,1
,,,,,,89.71,1
,,,,,,Office Supplies,1
,,,,,,89.74,1
,,,,,,Office Supplies,1
,,,,,,89.76,1
,,,,,,Office Supplies,1
,,,,,,89.81,1
,,,,,,Office Supplies,1
,,,,,,89.82,1
,,,,,,Technology,1
,,,,,,89.87,1
,,,,,,Technology,1
,,,,,,89.91,2
,,,,,,Furniture,2
,,,,,,89.93,1
,,,,,,Furniture,1
,,,,,,89.94,1
,,,,,,Technology,1
,,,,,,89.95,2
,,,,,,Furniture,1
,,,,,,Technology,1
,,,,,,89.99,1
,,,,,,Office Supplies,1
,,,,,,90,1
,,,,,,Office Supplies,1
,,,,,,90.07,1
,,,,,,Office Supplies,1
,,,,,,90.12,1
,,,,,,Technology,1
,,,,,,90.14,1
,,,,,,Technology,1
,,,,,,90.15,1
,,,,,,Office Supplies,1
,,,,,,90.2,1
,,,,,,Office Supplies,1
,,,,,,90.21,1
,,,,,,Office Supplies,1
,,,,,,90.22,1
,,,,,,Furniture,1
,,,,,,90.24,3
,,,,,,Office Supplies,3
,,,,,,90.27,2
,,,,,,Furniture,1
,,,,,,Technology,1
,,,,,,90.3,1
,,,,,,Furniture,1
,,,,,,90.33,1
,,,,,,Furniture,1
,,,,,,90.37,1
,,,,,,Office Supplies,1
,,,,,,90.4,1
,,,,,,Office Supplies,1
,,,,,,90.41,1
,,,,,,Technology,1
,,,,,,90.42,1
,,,,,,Office Supplies,1
,,,,,,90.43,2
,,,,,,Furniture,1
,,,,,,Technology,1
,,,,,,90.45,2
,,,,,,Office Supplies,2
,,,,,,90.48,1
,,,,,,Office Supplies,1
,,,,,,90.54,1
,,,,,,Furniture,1
,,,,,,90.61,2
,,,,,,Office Supplies,1
,,,,,,Technology,1
,,,,,,90.68,2
,,,,,,Furniture,1
,,,,,,Technology,1
,,,,,,90.69,1
,,,,,,Office Supplies,1
,,,,,,90.74,1
,,,,,,Furniture,1
,,,,,,90.77,1
,,,,,,Office Supplies,1
,,,,,,90.78,1
,,,,,,Office Supplies,1
,,,,,,90.79,1
,,,,,,Technology,1
,,,,,,90.8,1
,,,,,,Technology,1
,,,,,,90.81,1
,,,,,,Furniture,1
,,,,,,90.84,2
,,,,,,Office Supplies,1
,,,,,,Technology,1
,,,,,,90.87,1
,,,,,,Furniture,1
,,,,,,90.88,1
,,,,,,Office Supplies,1
,,,,,,90.91,1
,,,,,,Technology,1
,,,,,,90.96,1
,,,,,,Technology,1
,,,,,,90.97,1
,,,,,,Office Supplies,1
,,,,,,90.98,1
,,,,,,Office Supplies,1
,,,,,,91.01,1
,,,,,,Office Supplies,1
,,,,,,91.06,1
,,,,,,Furniture,1
,,,,,,91.09,2
,,,,,,Technology,2
,,,,,,91.1,1
,,,,,,Technology,1
,,,,,,91.14,1
,,,,,,Office Supplies,1
,,,,,,91.16,2
,,,,,,Furniture,1
,,,,,,Office Supplies,1
,,,,,,91.17,1
,,,,,,Technology,1
,,,,,,91.22,1
,,,,,,Technology,1
,,,,,,91.27,2
,,,,,,Office Supplies,1
,,,,,,Technology,1
,,,,,,91.29,1
,,,,,,Technology,1
,,,,,,91.33,1
,,,,,,Furniture,1
,,,,,,91.36,1
,,,,,,Office Supplies,1
,,,,,,91.4,1
,,,,,,Technology,1
,,,,,,91.45,1
,,,,,,Furniture,1
,,,,,,91.49,1
,,,,,,Office Supplies,1
,,,,,,91.5,1
,,,,,,Technology,1
,,,,,,91.51,1
,,,,,,Office Supplies,1
,,,,,,91.52,2
,,,,,,Furniture,1
,,,,,,Office Supplies,1
,,,,,,91.56,1
,,,,,,Office Supplies,1
,,,,,,91.63,1
,,,,,,Office Supplies,1
,,,,,,91.64,1
,,,,,,Office Supplies,1
,,,,,,91.7,1
,,,,,,Office Supplies,1
,,,,,,91.73,1
,,,,,,Technology,1
,,,,,,91.74,1
,,,,,,Technology,1
,,,,,,91.8,1
,,,,,,Office Supplies,1
,,,,,,91.81,2
,,,,,,Office Supplies,2
,,,,,,91.82,1
,,,,,,Office Supplies,1
,,,,,,91.88,1
,,,,,,Office Supplies,1
,,,,,,91.9,1
,,,,,,Office Supplies,1
,,,,,,91.93,1
,,,,,,Furniture,1
,,,,,,91.94,1
,,,,,,Office Supplies,1
,,,,,,91.97,1
,,,,,,Technology,1
,,,,,,92,2
,,,,,,Furniture,1
,,,,,,Office Supplies,1
,,,,,,92.06,1
,,,,,,Furniture,1
,,,,,,92.07,2
,,,,,,Furniture,1
,,,,,,Office Supplies,1
,,,,,,92.09,1
,,,,,,Technology,1
,,,,,,92.11,1
,,,,,,Furniture,1
,,,,,,92.12,1
,,,,,,Office Supplies,1
,,,,,,92.13,1
,,,,,,Technology,1
,,,,,,92.21,1
,,,,,,Technology,1
,,,,,,92.22,1
,,,,,,Technology,1
,,,,,,92.23,2
,,,,,,Office Supplies,2
,,,,,,92.24,1
,,,,,,Furniture,1
,,,,,,92.25,1
,,,,,,Technology,1
,,,,,,92.26,1
,,,,,,Furniture,1
,,,,,,92.3,1
,,,,,,Technology,1
,,,,,,92.44,1
,,,,,,Furniture,1
,,,,,,92.47,1
,,,,,,Technology,1
,,,,,,92.48,1
,,,,,,Office Supplies,1
,,,,,,92.49,1
,,,,,,Office Supplies,1
,,,,,,92.5,1
,,,,,,Office Supplies,1
,,,,,,92.52,1
,,,,,,Furniture,1
,,,,,,92.53,1
,,,,,,Furniture,1
,,,,,,92.57,1
,,,,,,Furniture,1
,,,,,,92.74,1
,,,,,,Office Supplies,1
,,,,,,92.76,1
,,,,,,Technology,1
,,,,,,92.81,1
,,,,,,Office Supplies,1
,,,,,,92.85,1
,,,,,,Office Supplies,1
,,,,,,92.92,1
,,,,,,Office Supplies,1
,,,,,,92.98,2
,,,,,,Technology,2
,,,,,,92.99,2
,,,,,,Furniture,1
,,,,,,Office Supplies,1
,,,,,,93,2
,,,,,,Furniture,1
,,,,,,Office Supplies,1
,,,,,,93.1,2
,,,,,,Office Supplies,1
,,,,,,Technology,1
,,,,,,93.12,1
,,,,,,Office Supplies,1
,,,,,,93.21,1
,,,,,,Furniture,1
,,,,,,93.23,1
,,,,,,Office Supplies,1
,,,,,,93.28,1
,,,,,,Office Supplies,1
,,,,,,93.43,1
,,,,,,Furniture,1
,,,,,,93.47,1
,,,,,,Technology,1
,,,,,,93.51,1
,,,,,,Office Supplies,1
,,,,,,93.53,1
,,,,,,Technology,1
,,,,,,93.55,1
,,,,,,Office Supplies,1
,,,,,,93.57,2
,,,,,,Furniture,1
,,,,,,Office Supplies,1
,,,,,,93.58,1
,,,,,,Office Supplies,1
,,,,,,93.59,1
,,,,,,Furniture,1
,,,,,,93.6,1
,,,,,,Office Supplies,1
,,,,,,93.67,2
,,,,,,Furniture,1
,,,,,,Technology,1
,,,,,,93.68,2
,,,,,,Furniture,1
,,,,,,Office Supplies,1
,,,,,,93.71,1
,,,,,,Office Supplies,1
,,,,,,93.77,2
,,,,,,Furniture,1
,,,,,,Office Supplies,1
,,,,,,93.82,1
,,,,,,Furniture,1
,,,,,,93.86,1
,,,,,,Office Supplies,1
,,,,,,93.87,1
,,,,,,Technology,1
,,,,,,93.89,1
,,,,,,Office Supplies,1
,,,,,,93.93,1
,,,,,,Technology,1
,,,,,,93.94,2
,,,,,,Office Supplies,1
,,,,,,Technology,1
,,,,,,93.96,2
,,,,,,Furniture,1
,,,,,,Technology,1
,,,,,,93.97,1
,,,,,,Office Supplies,1
,,,,,,93.98,1
,,,,,,Furniture,1
,,,,,,94.01,1
,,,,,,Technology,1
,,,,,,94.03,1
,,,,,,Office Supplies,1
,,,,,,94.04,2
,,,,,,Office Supplies,1
,,,,,,Technology,1
,,,,,,94.07,1
,,,,,,Office Supplies,1
,,,,,,94.08,1
,,,,,,Office Supplies,1
,,,,,,94.09,1
,,,,,,Furniture,1
,,,,,,94.1,1
,,,,,,Office Supplies,1
,,,,,,94.19,1
,,,,,,Technology,1
,,,,,,94.32,3
,,,,,,Furniture,3
,,,,,,94.42,1
,,,,,,Furniture,1
,,,,,,94.44,1
,,,,,,Office Supplies,1
,,,,,,94.5,1
,,,,,,Technology,1
,,,,,,94.54,1
,,,,,,Technology,1
,,,,,,94.56,1
,,,,,,Furniture,1
,,,,,,94.57,1
,,,,,,Technology,1
,,,,,,94.6,1
,,,,,,Office Supplies,1
,,,,,,94.61,1
,,,,,,Technology,1
,,,,,,94.64,1
,,,,,,Technology,1
,,,,,,94.65,2
,,,,,,Office Supplies,1
,,,,,,Technology,1
,,,,,,94.73,1
,,,,,,Office Supplies,1
,,,,,,94.77,1
,,,,,,Technology,1
,,,,,,94.78,1
,,,,,,Office Supplies,1
,,,,,,94.82,2
,,,,,,Office Supplies,2
,,,,,,94.83,1
,,,,,,Furniture,1
,,,,,,94.84,3
,,,,,,Furniture,2
,,,,,,Office Supplies,1
,,,,,,94.88,1
,,,,,,Office Supplies,1
,,,,,,94.9,1
,,,,,,Office Supplies,1
,,,,,,94.91,1
,,,,,,Office Supplies,1
,,,,,,94.92,1
,,,,,,Technology,1
,,,,,,94.98,1
,,,,,,Office Supplies,1
,,,,,,95.01,1
,,,,,,Office Supplies,1
,,,,,,95.03,1
,,,,,,Furniture,1
,,,,,,95.09,1
,,,,,,Office Supplies,1
,,,,,,95.11,1
,,,,,,Furniture,1
,,,,,,95.19,1
,,,,,,Office Supplies,1
,,,,,,95.27,1
,,,,,,Technology,1
,,,,,,95.31,1
,,,,,,Furniture,1
,,,,,,95.33,1
,,,,,,Office Supplies,1
,,,,,,95.34,1
,,,,,,Technology,1
,,,,,,95.47,3
,,,,,,Technology,3
,,,,,,95.48,1
,,,,,,Technology,1
,,,,,,95.49,2
,,,,,,Furniture,1
,,,,,,Technology,1
,,,,,,95.53,1
,,,,,,Office Supplies,1
,,,,,,95.57,1
,,,,,,Office Supplies,1
,,,,,,95.58,1
,,,,,,Office Supplies,1
,,,,,,95.67,1
,,,,,,Technology,1
,,,,,,95.7,1
,,,,,,Furniture,1
,,,,,,95.75,1
,,,,,,Office Supplies,1
,,,,,,95.77,1
,,,,,,Office Supplies,1
,,,,,,95.79,1
,,,,,,Furniture,1
,,,,,,95.83,1
,,,,,,Office Supplies,1
,,,,,,95.84,1
,,,,,,Furniture,1
,,,,,,95.85,1
,,,,,,Furniture,1
,,,,,,95.86,1
,,,,,,Office Supplies,1
,,,,,,95.9,1
,,,,,,Furniture,1
,,,,,,95.92,1
,,,,,,Office Supplies,1
,,,,,,95.97,1
,,,,,,Furniture,1
,,,,,,95.99,2
,,,,,,Furniture,1
,,,,,,Office Supplies,1
,,,,,,96,1
,,,,,,Technology,1
,,,,,,96.01,1
,,,,,,Office Supplies,1
,,,,,,96.02,1
,,,,,,Office Supplies,1
,,,,,,96.04,1
,,,,,,Furniture,1
,,,,,,96.09,1
,,,,,,Furniture,1
,,,,,,96.21,1
,,,,,,Technology,1
,,,,,,96.23,1
,,,,,,Technology,1
,,,,,,96.25,1
,,,,,,Office Supplies,1
,,,,,,96.26,1
,,,,,,Technology,1
,,,,,,96.27,1
,,,,,,Office Supplies,1
,,,,,,96.28,3
,,,,,,Furniture,2
,,,,,,Office Supplies,1
,,,,,,96.29,1
,,,,,,Furniture,1
,,,,,,96.32,1
,,,,,,Office Supplies,1
,,,,,,96.33,2
,,,,,,Technology,2
,,,,,,96.35,2
,,,,,,Furniture,1
,,,,,,Office Supplies,1
,,,,,,96.38,1
,,,,,,Office Supplies,1
,,,,,,96.39,2
,,,,,,Furniture,1
,,,,,,Office Supplies,1
,,,,,,96.43,2
,,,,,,Furniture,1
,,,,,,Technology,1
,,,,,,96.44,1
,,,,,,Furniture,1
,,,,,,96.5,1
,,,,,,Furniture,1
,,,,,,96.54,1
,,,,,,Office Supplies,1
,,,,,,96.61,1
,,,,,,Technology,1
,,,,,,96.62,1
,,,,,,Office Supplies,1
,,,,,,96.63,1
,,,,,,Technology,1
,,,,,,96.65,3
,,,,,,Office Supplies,2
,,,,,,Technology,1
,,,,,,96.68,1
,,,,,,Technology,1
,,,,,,96.7,1
,,,,,,Technology,1
,,,,,,96.71,2
,,,,,,Furniture,2
,,,,,,96.74,2
,,,,,,Furniture,1
,,,,,,Technology,1
,,,,,,96.77,2
,,,,,,Office Supplies,1
,,,,,,Technology,1
,,,,,,96.79,2
,,,,,,Office Supplies,1
,,,,,,Technology,1
,,,,,,96.83,1
,,,,,,Office Supplies,1
,,,,,,96.87,1
,,,,,,Technology,1
,,,,,,96.9,1
,,,,,,Technology,1
,,,,,,96.95,1
,,,,,,Office Supplies,1
,,,,,,97,1
,,,,,,Technology,1
,,,,,,97.01,1
,,,,,,Office Supplies,1
,,,,,,97.02,1
,,,,,,Technology,1
,,,,,,97.04,1
,,,,,,Furniture,1
,,,,,,97.1,1
,,,,,,Technology,1
,,,,,,97.15,3
,,,,,,Furniture,1
,,,,,,Office Supplies,2
,,,,,,97.16,1
,,,,,,Furniture,1
,,,,,,97.17,1
,,,,,,Furniture,1
,,,,,,97.18,1
,,,,,,Furniture,1
,,,,,,97.19,1
,,,,,,Office Supplies,1
,,,,,,97.2,1
,,,,,,Technology,1
,,,,,,97.23,1
,,,,,,Office Supplies,1
,,,,,,97.29,1
,,,,,,Furniture,1
,,,,,,97.31,1
,,,,,,Office Supplies,1
,,,,,,97.38,1
,,,,,,Technology,1
,,,,,,97.4,2
,,,,,,Furniture,1
,,,,,,Office Supplies,1
,,,,,,97.42,1
,,,,,,Furniture,1
,,,,,,97.43,1
,,,,,,Furniture,1
,,,,,,97.53,1
,,,,,,Technology,1
,,,,,,97.54,1
,,,,,,Office Supplies,1
,,,,,,97.55,1
,,,,,,Furniture,1
,,,,,,97.56,2
,,,,,,Furniture,1
,,,,,,Office Supplies,1
,,,,,,97.59,1
,,,,,,Technology,1
,,,,,,97.61,1
,,,,,,Office Supplies,1
,,,,,,97.65,1
,,,,,,Furniture,1
,,,,,,97.66,1
,,,,,,Office Supplies,1
,,,,,,97.68,1
,,,,,,Technology,1
,,,,,,97.71,1
,,,,,,Furniture,1
,,,,,,97.72,1
,,,,,,Technology,1
,,,,,,97.77,2
,,,,,,Office Supplies,2
,,,,,,97.78,2
,,,,,,Furniture,1
,,,,,,Technology,1
,,,,,,97.79,1
,,,,,,Office Supplies,1
,,,,,,97.82,1
,,,,,,Technology,1
,,,,,,97.83,1
,,,,,,Office Supplies,1
,,,,,,97.91,1
,,,,,,Technology,1
,,,,,,97.92,2
,,,,,,Office Supplies,2
,,,,,,97.95,1
,,,,,,Furniture,1
,,,,,,98.02,1
,,,,,,Office Supplies,1
,,,,,,98.07,1
,,,,,,Technology,1
,,,,,,98.08,1
,,,,,,Technology,1
,,,,,,98.11,1
,,,,,,Office Supplies,1
,,,,,,98.13,1
,,,,,,Technology,1
,,,,,,98.14,3
,,,,,,Furniture,1
,,,,,,Office Supplies,1
,,,,,,Technology,1
,,,,,,98.16,3
,,,,,,Office Supplies,1
,,,,,,Technology,2
,,,,,,98.17,1
,,,,,,Office Supplies,1
,,,,,,98.19,1
,,,,,,Furniture,1
,,,,,,98.2,1
,,,,,,Furniture,1
,,,,,,98.22,2
,,,,,,Office Supplies,1
,,,,,,Technology,1
,,,,,,98.27,1
,,,,,,Furniture,1
,,,,,,98.3,1
,,,,,,Office Supplies,1
,,,,,,98.34,3
,,,,,,Office Supplies,3
,,,,,,98.38,1
,,,,,,Furniture,1
,,,,,,98.4,1
,,,,,,Furniture,1
,,,,,,98.5,1
,,,,,,Furniture,1
,,,,,,98.56,1
,,,,,,Furniture,1
,,,,,,98.59,2
,,,,,,Office Supplies,1
,,,,,,Technology,1
,,,,,,98.61,1
,,,,,,Office Supplies,1
,,,,,,98.62,1
,,,,,,Office Supplies,1
,,,,,,98.65,1
,,,,,,Office Supplies,1
,,,,,,98.66,1
,,,,,,Office Supplies,1
,,,,,,98.67,1
,,,,,,Technology,1
,,,,,,98.69,2
,,,,,,Office Supplies,2
,,,,,,98.7,1
,,,,,,Office Supplies,1
,,,,,,98.72,1
,,,,,,Technology,1
,,,,,,98.77,1
,,,,,,Technology,1
,,,,,,98.78,1
,,,,,,Office Supplies,1
,,,,,,98.8,1
,,,,,,Office Supplies,1
,,,,,,98.83,1
,,,,,,Office Supplies,1
,,,,,,98.87,2
,,,,,,Office Supplies,1
,,,,,,Technology,1
,,,,,,98.89,1
,,,,,,Office Supplies,1
,,,,,,98.93,2
,,,,,,Furniture,1
,,,,,,Office Supplies,1
,,,,,,98.94,1
,,,,,,Technology,1
,,,,,,99.02,1
,,,,,,Office Supplies,1
,,,,,,99.06,1
,,,,,,Furniture,1
,,,,,,99.07,1
,,,,,,Furniture,1
,,,,,,99.1,1
,,,,,,Office Supplies,1
,,,,,,99.14,1
,,,,,,Office Supplies,1
,,,,,,99.2,1
,,,,,,Technology,1
,,,,,,99.3,1
,,,,,,Office Supplies,1
,,,,,,99.32,1
,,,,,,Office Supplies,1
,,,,,,99.35,1
,,,,,,Office Supplies,1
,,,,,,99.38,1
,,,,,,Furniture,1
,,,,,,99.39,1
,,,,,,Technology,1
,,,,,,99.4,1
,,,,,,Office Supplies,1
,,,,,,99.41,1
,,,,,,Office Supplies,1
,,,,,,99.42,2
,,,,,,Furniture,1
,,,,,,Office Supplies,1
,,,,,,99.43,1
,,,,,,Furniture,1
,,,,,,99.45,1
,,,,,,Office Supplies,1
,,,,,,99.49,1
,,,,,,Technology,1
,,,,,,99.52,1
,,,,,,Furniture,1
,,,,,,99.55,1
,,,,,,Furniture,1
,,,,,,99.57,1
,,,,,,Technology,1
,,,,,,99.58,2
,,,,,,Office Supplies,1
,,,,,,Technology,1
,,,,,,99.6,1
,,,,,,Office Supplies,1
,,,,,,99.63,1
,,,,,,Technology,1
,,,,,,99.64,1
,,,,,,Office Supplies,1
,,,,,,99.66,1
,,,,,,Technology,1
,,,,,,99.71,1
,,,,,,Furniture,1
,,,,,,99.85,1
,,,,,,Office Supplies,1
,,,,,,99.88,1
,,,,,,Technology,1
,,,,,,99.89,1
,,,,,,Technology,1
,,,,,,99.9,1
,,,,,,Furniture,1
,,,,,,99.95,1
,,,,,,Furniture,1
,,,,,,99.96,1
,,,,,,Furniture,1
,,,,,,100.03,1
,,,,,,Furniture,1
,,,,,,100.11,1
,,,,,,Technology,1
,,,,,,100.13,2
,,,,,,Furniture,1
,,,,,,Technology,1
,,,,,,100.14,1
,,,,,,Technology,1
,,,,,,100.15,1
,,,,,,Furniture,1
,,,,,,100.18,1
,,,,,,Technology,1
,,,,,,100.2,1
,,,,,,Furniture,1
,,,,,,100.22,1
,,,,,,Technology,1
,,,,,,100.25,1
,,,,,,Office Supplies,1
,,,,,,100.28,1
,,,,,,Furniture,1
,,,,,,100.38,1
,,,,,,Furniture,1
,,,,,,100.39,1
,,,,,,Technology,1
,,,,,,100.4,1
,,,,,,Office Supplies,1
,,,,,,100.42,4
,,,,,,Furniture,1
,,,,,,Office Supplies,1
,,,,,,Technology,2
,,,,,,100.44,1
,,,,,,Office Supplies,1
,,,,,,100.49,1
,,,,,,Office Supplies,1
,,,,,,100.53,1
,,,,,,Office Supplies,1
,,,,,,100.55,1
,,,,,,Technology,1
,,,,,,100.59,1
,,,,,,Office Supplies,1
,,,,,,100.61,1
,,,,,,Office Supplies,1
,,,,,,100.62,1
,,,,,,Furniture,1
,,,,,,100.64,1
,,,,,,Office Supplies,1
,,,,,,100.65,2
,,,,,,Office Supplies,2
,,,,,,100.77,1
,,,,,,Office Supplies,1
,,,,,,100.79,1
,,,,,,Technology,1
,,,,,,100.81,1
,,,,,,Office Supplies,1
,,,,,,100.88,1
,,,,,,Furniture,1
,,,,,,100.89,1
,,,,,,Office Supplies,1
,,,,,,100.96,1
,,,,,,Furniture,1
,,,,,,100.97,1
,,,,,,Technology,1
,,,,,,100.98,1
,,,,,,Technology,1
,,,,,,100.99,1
,,,,,,Office Supplies,1
,,,,,,101.01,1
,,,,,,Office Supplies,1
,,,,,,101.06,1
,,,,,,Furniture,1
,,,,,,101.07,1
,,,,,,Furniture,1
,,,,,,101.11,1
,,,,,,Technology,1
,,,,,,101.16,2
,,,,,,Furniture,1
,,,,,,Technology,1
,,,,,,101.2,2
,,,,,,Office Supplies,2
,,,,,,101.3,1
,,,,,,Office Supplies,1
,,,,,,101.34,1
,,,,,,Furniture,1
,,,,,,101.38,2
,,,,,,Office Supplies,1
,,,,,,Technology,1
,,,,,,101.39,1
,,,,,,Technology,1
,,,,,,101.4,1
,,,,,,Furniture,1
,,,,,,101.41,1
,,,,,,Technology,1
,,,,,,101.45,1
,,,,,,Furniture,1
,,,,,,101.48,1
,,,,,,Technology,1
,,,,,,101.5,1
,,,,,,Office Supplies,1
,,,,,,101.51,1
,,,,,,Furniture,1
,,,,,,101.52,1
,,,,,,Furniture,1
,,,,,,101.56,2
,,,,,,Office Supplies,1
,,,,,,Technology,1
,,,,,,101.61,1
,,,,,,Office Supplies,1
,,,,,,101.67,1
,,,,,,Office Supplies,1
,,,,,,101.68,1
,,,,,,Technology,1
,,,,,,101.71,1
,,,,,,Office Supplies,1
,,,,,,101.75,1
,,,,,,Technology,1
,,,,,,101.8,1
,,,,,,Office Supplies,1
,,,,,,101.81,1
,,,,,,Office Supplies,1
,,,,,,101.95,1
,,,,,,Technology,1
,,,,,,101.98,1
,,,,,,Office Supplies,1
,,,,,,102.01,1
,,,,,,Office Supplies,1
,,,,,,102.02,1
,,,,,,Furniture,1
,,,,,,102.06,1
,,,,,,Technology,1
,,,,,,102.1,1
,,,,,,Office Supplies,1
,,,,,,102.11,1
,,,,,,Furniture,1
,,,,,,102.14,1
,,,,,,Technology,1
,,,,,,102.21,1
,,,,,,Office Supplies,1
,,,,,,102.22,1
,,,,,,Furniture,1
,,,,,,102.24,1
,,,,,,Furniture,1
,,,,,,102.27,1
,,,,,,Office Supplies,1
,,,,,,102.36,1
,,,,,,Furniture,1
,,,,,,102.37,1
,,,,,,Technology,1
,,,,,,102.38,1
,,,,,,Technology,1
,,,,,,102.39,2
,,,,,,Technology,2
,,,,,,102.4,1
,,,,,,Technology,1
,,,,,,102.43,2
,,,,,,Furniture,2
,,,,,,102.45,1
,,,,,,Technology,1
,,,,,,102.46,1
,,,,,,Office Supplies,1
,,,,,,102.48,1
,,,,,,Furniture,1
,,,,,,102.5,1
,,,,,,Furniture,1
,,,,,,102.56,2
,,,,,,Furniture,1
,,,,,,Office Supplies,1
,,,,,,102.57,2
,,,,,,Furniture,1
,,,,,,Office Supplies,1
,,,,,,102.58,2
,,,,,,Office Supplies,1
,,,,,,Technology,1
,,,,,,102.6,1
,,,,,,Technology,1
,,,,,,102.61,1
,,,,,,Office Supplies,1
,,,,,,102.62,1
,,,,,,Office Supplies,1
,,,,,,102.65,2
,,,,,,Office Supplies,1
,,,,,,Technology,1
,,,,,,102.66,1
,,,,,,Furniture,1
,,,,,,102.68,2
,,,,,,Furniture,1
,,,,,,Office Supplies,1
,,,,,,102.76,1
,,,,,,Furniture,1
,,,,,,102.77,1
,,,,,,Office Supplies,1
,,,,,,102.79,1
,,,,,,Office Supplies,1
,,,,,,102.82,1
,,,,,,Technology,1
,,,,,,102.86,1
,,,,,,Furniture,1
,,,,,,102.89,1
,,,,,,Office Supplies,1
,,,,,,102.9,1
,,,,,,Furniture,1
,,,,,,102.91,1
,,,,,,Office Supplies,1
,,,,,,102.92,1
,,,,,,Office Supplies,1
,,,,,,102.93,1
,,,,,,Office Supplies,1
,,,,,,102.98,1
,,,,,,Office Supplies,1
,,,,,,103,1
,,,,,,Office Supplies,1
,,,,,,103.01,1
,,,,,,Furniture,1
,,,,,,103.05,1
,,,,,,Office Supplies,1
,,,,,,103.07,1
,,,,,,Technology,1
,,,,,,103.1,2
,,,,,,Furniture,1
,,,,,,Technology,1
,,,,,,103.11,1
,,,,,,Office Supplies,1
,,,,,,103.15,1
,,,,,,Office Supplies,1
,,,,,,103.16,1
,,,,,,Furniture,1
,,,,,,103.17,1
,,,,,,Furniture,1
,,,,,,103.18,1
,,,,,,Office Supplies,1
,,,,,,103.22,1
,,,,,,Furniture,1
,,,,,,103.23,1
,,,,,,Furniture,1
,,,,,,103.25,1
,,,,,,Furniture,1
,,,,,,103.34,2
,,,,,,Office Supplies,1
,,,,,,Technology,1
,,,,,,103.36,2
,,,,,,Furniture,1
,,,,,,Technology,1
,,,,,,103.41,1
,,,,,,Furniture,1
,,,,,,103.46,1
,,,,,,Office Supplies,1
,,,,,,103.52,1
,,,,,,Technology,1
,,,,,,103.55,2
,,,,,,Furniture,1
,,,,,,Office Supplies,1
,,,,,,103.56,1
,,,,,,Furniture,1
,,,,,,103.57,2
,,,,,,Furniture,1
,,,,,,Office Supplies,1
,,,,,,103.6,1
,,,,,,Office Supplies,1
,,,,,,103.63,1
,,,,,,Furniture,1
,,,,,,103.64,1
,,,,,,Technology,1
,,,,,,103.65,2
,,,,,,Furniture,1
,,,,,,Technology,1
,,,,,,103.68,1
,,,,,,Office Supplies,1
,,,,,,103.78,1
,,,,,,Furniture,1
,,,,,,103.81,1
,,,,,,Furniture,1
,,,,,,103.82,1
,,,,,,Office Supplies,1
,,,,,,103.83,1
,,,,,,Office Supplies,1
,,,,,,103.86,1
,,,,,,Technology,1
,,,,,,103.88,1
,,,,,,Office Supplies,1
,,,,,,103.91,1
,,,,,,Technology,1
,,,,,,103.92,2
,,,,,,Furniture,1
,,,,,,Technology,1
,,,,,,103.96,1
,,,,,,Technology,1
,,,,,,103.99,1
,,,,,,Technology,1
,,,,,,104.02,1
,,,,,,Office Supplies,1
,,,,,,104.03,1
,,,,,,Office Supplies,1
,,,,,,104.05,2
,,,,,,Furniture,1
,,,,,,Office Supplies,1
,,,,,,104.07,1
,,,,,,Technology,1
,,,,,,104.09,1
,,,,,,Technology,1
,,,,,,104.1,1
,,,,,,Office Supplies,1
,,,,,,104.13,1
,,,,,,Office Supplies,1
,,,,,,104.14,1
,,,,,,Office Supplies,1
,,,,,,104.17,2
,,,,,,Furniture,1
,,,,,,Technology,1
,,,,,,104.18,1
,,,,,,Office Supplies,1
,,,,,,104.21,1
,,,,,,Office Supplies,1
,,,,,,104.23,1
,,,,,,Office Supplies,1
,,,,,,104.32,1
,,,,,,Office Supplies,1
,,,,,,104.38,1
,,,,,,Office Supplies,1
,,,,,,104.39,2
,,,,,,Office Supplies,2
,,,,,,104.41,1
,,,,,,Technology,1
,,,,,,104.42,2
,,,,,,Office Supplies,1
,,,,,,Technology,1
,,,,,,104.43,1
,,,,,,Technology,1
,,,,,,104.45,2
,,,,,,Office Supplies,1
,,,,,,Technology,1
,,,,,,104.47,1
,,,,,,Furniture,1
,,,,,,104.48,1
,,,,,,Technology,1
,,,,,,104.5,1
,,,,,,Furniture,1
,,,,,,104.53,2
,,,,,,Office Supplies,2
,,,,,,104.56,1
,,,,,,Office Supplies,1
,,,,,,104.57,3
,,,,,,Furniture,1
,,,,,,Office Supplies,1
,,,,,,Technology,1
,,,,,,104.58,1
,,,,,,Office Supplies,1
,,,,,,104.59,1
,,,,,,Furniture,1
,,,,,,104.6,1
,,,,,,Technology,1
,,,,,,104.77,1
,,,,,,Furniture,1
,,,,,,104.89,1
,,,,,,Office Supplies,1
,,,,,,104.92,1
,,,,,,Furniture,1
,,,,,,104.94,1
,,,,,,Office Supplies,1
,,,,,,104.96,1
,,,,,,Office Supplies,1
,,,,,,104.98,1
,,,,,,Technology,1
,,,,,,104.99,1
,,,,,,Office Supplies,1
,,,,,,105,1
,,,,,,Office Supplies,1
,,,,,,105.01,1
,,,,,,Technology,1
,,,,,,105.02,1
,,,,,,Technology,1
,,,,,,105.03,1
,,,,,,Furniture,1
,,,,,,105.07,2
,,,,,,Office Supplies,1
,,,,,,Technology,1
,,,,,,105.09,1
,,,,,,Office Supplies,1
,,,,,,105.16,2
,,,,,,Furniture,1
,,,,,,Office Supplies,1
,,,,,,105.21,1
,,,,,,Office Supplies,1
,,,,,,105.23,1
,,,,,,Technology,1
,,,,,,105.3,1
,,,,,,Office Supplies,1
,,,,,,105.32,1
,,,,,,Furniture,1
,,,,,,105.37,1
,,,,,,Furniture,1
,,,,,,105.39,1
,,,,,,Furniture,1
,,,,,,105.43,2
,,,,,,Office Supplies,1
,,,,,,Technology,1
,,,,,,105.44,1
,,,,,,Office Supplies,1
,,,,,,105.45,2
,,,,,,Furniture,2
,,,,,,105.47,1
,,,,,,Office Supplies,1
,,,,,,105.5,1
,,,,,,Office Supplies,1
,,,,,,105.53,1
,,,,,,Office Supplies,1
,,,,,,105.54,1
,,,,,,Furniture,1
,,,,,,105.56,1
,,,,,,Furniture,1
,,,,,,105.59,1
,,,,,,Technology,1
,,,,,,105.63,1
,,,,,,Technology,1
,,,,,,105.64,1
,,,,,,Technology,1
,,,,,,105.7,1
,,,,,,Furniture,1
,,,,,,105.72,1
,,,,,,Furniture,1
,,,,,,105.76,1
,,,,,,Office Supplies,1
,,,,,,105.82,1
,,,,,,Furniture,1
,,,,,,105.86,1
,,,,,,Furniture,1
,,,,,,105.93,1
,,,,,,Office Supplies,1
,,,,,,105.95,1
,,,,,,Furniture,1
,,,,,,105.97,1
,,,,,,Office Supplies,1
,,,,,,105.99,1
,,,,,,Office Supplies,1
,,,,,,106.06,1
,,,,,,Office Supplies,1
,,,,,,106.11,1
,,,,,,Technology,1
,,,,,,106.12,1
,,,,,,Furniture,1
,,,,,,106.15,1
,,,,,,Technology,1
,,,,,,106.19,1
,,,,,,Office Supplies,1
,,,,,,106.23,1
,,,,,,Office Supplies,1
,,,,,,106.24,2
,,,,,,Furniture,1
,,,,,,Office Supplies,1
,,,,,,106.26,1
,,,,,,Furniture,1
,,,,,,106.28,1
,,,,,,Technology,1
,,,,,,106.38,1
,,,,,,Technology,1
,,,,,,106.4,2
,,,,,,Technology,2
,,,,,,106.42,1
,,,,,,Technology,1
,,,,,,106.48,1
,,,,,,Technology,1
,,,,,,106.5,1
,,,,,,Furniture,1
,,,,,,106.52,1
,,,,,,Office Supplies,1
,,,,,,106.53,1
,,,,,,Technology,1
,,,,,,106.54,1
,,,,,,Office Supplies,1
,,,,,,106.55,1
,,,,,,Office Supplies,1
,,,,,,106.56,1
,,,,,,Technology,1
,,,,,,106.57,1
,,,,,,Furniture,1
,,,,,,106.59,2
,,,,,,Furniture,1
,,,,,,Office Supplies,1
,,,,,,106.6,1
,,,,,,Technology,1
,,,,,,106.65,1
,,,,,,Technology,1
,,,,,,106.67,1
,,,,,,Furniture,1
,,,,,,106.69,2
,,,,,,Furniture,1
,,,,,,Technology,1
,,,,,,106.7,1
,,,,,,Technology,1
,,,,,,106.71,1
,,,,,,Technology,1
,,,,,,106.72,1
,,,,,,Technology,1
,,,,,,106.78,1
,,,,,,Office Supplies,1
,,,,,,106.79,2
,,,,,,Furniture,2
,,,,,,106.8,1
,,,,,,Furniture,1
,,,,,,106.86,1
,,,,,,Office Supplies,1
,,,,,,106.93,1
,,,,,,Office Supplies,1
,,,,,,106.94,1
,,,,,,Technology,1
,,,,,,106.97,1
,,,,,,Office Supplies,1
,,,,,,106.98,1
,,,,,,Office Supplies,1
,,,,,,107,1
,,,,,,Furniture,1
,,,,,,107.01,3
,,,,,,Furniture,1
,,,,,,Office Supplies,1
,,,,,,Technology,1
,,,,,,107.02,1
,,,,,,Furniture,1
,,,,,,107.16,1
,,,,,,Office Supplies,1
,,,,,,107.17,1
,,,,,,Office Supplies,1
,,,,,,107.19,1
,,,,,,Technology,1
,,,,,,107.27,1
,,,,,,Office Supplies,1
,,,,,,107.31,2
,,,,,,Furniture,1
,,,,,,Technology,1
,,,,,,107.35,1
,,,,,,Office Supplies,1
,,,,,,107.41,1
,,,,,,Technology,1
,,,,,,107.43,2
,,,,,,Furniture,1
,,,,,,Technology,1
,,,,,,107.44,1
,,,,,,Technology,1
,,,,,,107.47,1
,,,,,,Office Supplies,1
,,,,,,107.54,1
,,,,,,Furniture,1
,,,,,,107.56,1
,,,,,,Technology,1
,,,,,,107.7,1
,,,,,,Office Supplies,1
,,,,,,107.73,1
,,,,,,Office Supplies,1
,,,,,,107.75,1
,,,,,,Technology,1
,,,,,,107.79,2
,,,,,,Office Supplies,1
,,,,,,Technology,1
,,,,,,107.83,1
,,,,,,Office Supplies,1
,,,,,,107.87,1
,,,,,,Technology,1
,,,,,,107.89,1
,,,,,,Office Supplies,1
,,,,,,107.98,1
,,,,,,Technology,1
,,,,,,107.99,2
,,,,,,Furniture,1
,,,,,,Office Supplies,1
,,,,,,108.08,1
,,,,,,Office Supplies,1
,,,,,,108.11,1
,,,,,,Furniture,1
,,,,,,108.16,2
,,,,,,Technology,2
,,,,,,108.17,1
,,,,,,Furniture,1
,,,,,,108.18,2
,,,,,,Furniture,1
,,,,,,Technology,1
,,,,,,108.2,1
,,,,,,Technology,1
,,,,,,108.22,1
,,,,,,Office Supplies,1
,,,,,,108.32,1
,,,,,,Furniture,1
,,,,,,108.36,1
,,,,,,Technology,1
,,,,,,108.42,2
,,,,,,Furniture,1
,,,,,,Technology,1
,,,,,,108.51,1
,,,,,,Technology,1
,,,,,,108.58,1
,,,,,,Technology,1
,,,,,,108.59,1
,,,,,,Furniture,1
,,,,,,108.62,1
,,,,,,Technology,1
,,,,,,108.7,1
,,,,,,Technology,1
,,,,,,108.74,1
,,,,,,Furniture,1
,,,,,,108.75,1
,,,,,,Furniture,1
,,,,,,108.76,1
,,,,,,Furniture,1
,,,,,,108.78,1
,,,,,,Office Supplies,1
,,,,,,108.82,2
,,,,,,Office Supplies,2
,,,,,,108.88,1
,,,,,,Furniture,1
,,,,,,108.91,1
,,,,,,Technology,1
,,,,,,108.92,1
,,,,,,Office Supplies,1
,,,,,,109.01,1
,,,,,,Office Supplies,1
,,,,,,109.02,1
,,,,,,Office Supplies,1
,,,,,,109.06,1
,,,,,,Office Supplies,1
,,,,,,109.07,2
,,,,,,Technology,2
,,,,,,109.14,2
,,,,,,Office Supplies,1
,,,,,,Technology,1
,,,,,,109.16,2
,,,,,,Furniture,1
,,,,,,Technology,1
,,,,,,109.17,2
,,,,,,Furniture,2
,,,,,,109.19,1
,,,,,,Furniture,1
,,,,,,109.21,1
,,,,,,Office Supplies,1
,,,,,,109.22,1
,,,,,,Furniture,1
,,,,,,109.23,1
,,,,,,Office Supplies,1
,,,,,,109.31,1
,,,,,,Office Supplies,1
,,,,,,109.33,1
,,,,,,Office Supplies,1
,,,,,,109.35,1
,,,,,,Furniture,1
,,,,,,109.4,1
,,,,,,Furniture,1
,,,,,,109.42,1
,,,,,,Furniture,1
,,,,,,109.52,1
,,,,,,Technology,1
,,,,,,109.6,1
,,,,,,Technology,1
,,,,,,109.68,1
,,,,,,Office Supplies,1
,,,,,,109.69,1
,,,,,,Furniture,1
,,,,,,109.75,1
,,,,,,Technology,1
,,,,,,109.76,1
,,,,,,Technology,1
,,,,,,109.78,1
,,,,,,Technology,1
,,,,,,109.81,2
,,,,,,Office Supplies,1
,,,,,,Technology,1
,,,,,,109.83,1
,,,,,,Furniture,1
,,,,,,109.86,1
,,,,,,Office Supplies,1
,,,,,,109.87,1
,,,,,,Office Supplies,1
,,,,,,109.88,1
,,,,,,Technology,1
,,,,,,109.96,1
,,,,,,Furniture,1
,,,,,,109.97,1
,,,,,,Office Supplies,1
,,,,,,110.01,1
,,,,,,Office Supplies,1
,,,,,,110.02,1
,,,,,,Office Supplies,1
,,,,,,110.07,2
,,,,,,Furniture,1
,,,,,,Office Supplies,1
,,,,,,110.11,1
,,,,,,Technology,1
,,,,,,110.13,1
,,,,,,Office Supplies,1
,,,,,,110.15,2
,,,,,,Office Supplies,1
,,,,,,Technology,1
,,,,,,110.18,1
,,,,,,Furniture,1
,,,,,,110.2,1
,,,,,,Technology,1
,,,,,,110.21,1
,,,,,,Technology,1
,,,,,,110.23,1
,,,,,,Technology,1
,,,,,,110.28,1
,,,,,,Furniture,1
,,,,,,110.31,1
,,,,,,Office Supplies,1
,,,,,,110.38,1
,,,,,,Office Supplies,1
,,,,,,110.4,1
,,,,,,Furniture,1
,,,,,,110.46,1
,,,,,,Office Supplies,1
,,,,,,110.48,1
,,,,,,Technology,1
,,,,,,110.53,1
,,,,,,Furniture,1
,,,,,,110.58,2
,,,,,,Technology,2
,,,,,,110.61,1
,,,,,,Office Supplies,1
,,,,,,110.71,2
,,,,,,Furniture,1
,,,,,,Office Supplies,1
,,,,,,110.8,1
,,,,,,Technology,1
,,,,,,110.81,1
,,,,,,Technology,1
,,,,,,110.84,1
,,,,,,Office Supplies,1
,,,,,,110.85,1
,,,,,,Furniture,1
,,,,,,110.87,1
,,,,,,Technology,1
,,,,,,110.88,1
,,,,,,Office Supplies,1
,,,,,,110.91,1
,,,,,,Office Supplies,1
,,,,,,110.93,1
,,,,,,Office Supplies,1
,,,,,,110.95,2
,,,,,,Furniture,1
,,,,,,Office Supplies,1
,,,,,,110.98,1
,,,,,,Furniture,1
,,,,,,111,1
,,,,,,Furniture,1
,,,,,,111.01,1
,,,,,,Office Supplies,1
,,,,,,111.02,1
,,,,,,Technology,1
,,,,,,111.07,2
,,,,,,Furniture,1
,,,,,,Office Supplies,1
,,,,,,111.12,1
,,,,,,Furniture,1
,,,,,,111.14,1
,,,,,,Furniture,1
,,,,,,111.15,1
,,,,,,Furniture,1
,,,,,,111.19,1
,,,,,,Office Supplies,1
,,,,,,111.2,1
,,,,,,Furniture,1
,,,,,,111.21,1
,,,,,,Office Supplies,1
,,,,,,111.25,1
,,,,,,Furniture,1
,,,,,,111.27,1
,,,,,,Furniture,1
,,,,,,111.29,1
,,,,,,Office Supplies,1
,,,,,,111.3,1
,,,,,,Office Supplies,1
,,,,,,111.36,1
,,,,,,Furniture,1
,,,,,,111.39,1
,,,,,,Technology,1
,,,,,,111.54,1
,,,,,,Technology,1
,,,,,,111.56,1
,,,,,,Office Supplies,1
,,,,,,111.58,1
,,,,,,Technology,1
,,,,,,111.61,2
,,,,,,Furniture,1
,,,,,,Office Supplies,1
,,,,,,111.66,3
,,,,,,Office Supplies,3
,,,,,,111.67,1
,,,,,,Office Supplies,1
,,,,,,111.69,1
,,,,,,Office Supplies,1
,,,,,,111.7,1
,,,,,,Technology,1
,,,,,,111.73,1
,,,,,,Office Supplies,1
,,,,,,111.74,2
,,,,,,Furniture,1
,,,,,,Technology,1
,,,,,,111.8,1
,,,,,,Furniture,1
,,,,,,111.83,2
,,,,,,Furniture,1
,,,,,,Technology,1
,,,,,,111.9,1
,,,,,,Office Supplies,1
,,,,,,111.91,1
,,,,,,Technology,1
,,,,,,111.92,1
,,,,,,Technology,1
,,,,,,111.95,1
,,,,,,Furniture,1
,,,,,,112,2
,,,,,,Technology,2
,,,,,,112.03,2
,,,,,,Office Supplies,1
,,,,,,Technology,1
,,,,,,112.04,1
,,,,,,Furniture,1
,,,,,,112.07,1
,,,,,,Office Supplies,1
,,,,,,112.1,1
,,,,,,Office Supplies,1
,,,,,,112.21,1
,,,,,,Furniture,1
,,,,,,112.23,2
,,,,,,Office Supplies,2
,,,,,,112.3,1
,,,,,,Technology,1
,,,,,,112.32,1
,,,,,,Technology,1
,,,,,,112.35,1
,,,,,,Office Supplies,1
,,,,,,112.37,2
,,,,,,Furniture,1
,,,,,,Technology,1
,,,,,,112.38,1
,,,,,,Technology,1
,,,,,,112.42,1
,,,,,,Office Supplies,1
,,,,,,112.45,1
,,,,,,Technology,1
,,,,,,112.5,1
,,,,,,Technology,1
,,,,,,112.51,1
,,,,,,Furniture,1
,,,,,,112.53,1
,,,,,,Technology,1
,,,,,,112.55,1
,,,,,,Furniture,1
,,,,,,112.57,1
,,,,,,Furniture,1
,,,,,,112.6,1
,,,,,,Furniture,1
,,,,,,112.63,1
,,,,,,Furniture,1
,,,,,,112.66,1
,,,,,,Furniture,1
,,,,,,112.67,1
,,,,,,Office Supplies,1
,,,,,,112.68,1
,,,,,,Technology,1
,,,,,,112.71,2
,,,,,,Furniture,1
,,,,,,Technology,1
,,,,,,112.78,2
,,,,,,Furniture,1
,,,,,,Office Supplies,1
,,,,,,112.79,1
,,,,,,Office Supplies,1
,,,,,,112.85,1
,,,,,,Office Supplies,1
,,,,,,112.92,1
,,,,,,Office Supplies,1
,,,,,,112.95,1
,,,,,,Office Supplies,1
,,,,,,112.97,1
,,,,,,Furniture,1
,,,,,,112.99,1
,,,,,,Office Supplies,1
,,,,,,113.07,1
,,,,,,Furniture,1
,,,,,,113.09,1
,,,,,,Furniture,1
,,,,,,113.14,1
,,,,,,Technology,1
,,,,,,113.23,1
,,,,,,Office Supplies,1
,,,,,,113.27,1
,,,,,,Office Supplies,1
,,,,,,113.33,2
,,,,,,Furniture,1
,,,,,,Office Supplies,1
,,,,,,113.37,1
,,,,,,Office Supplies,1
,,,,,,113.4,1
,,,,,,Furniture,1
,,,,,,113.43,1
,,,,,,Office Supplies,1
,,,,,,113.52,2
,,,,,,Office Supplies,1
,,,,,,Technology,1
,,,,,,113.54,1
,,,,,,Furniture,1
,,,,,,113.62,1
,,,,,,Office Supplies,1
,,,,,,113.68,1
,,,,,,Furniture,1
,,,,,,113.75,1
,,,,,,Technology,1
,,,,,,113.84,1
,,,,,,Office Supplies,1
,,,,,,113.86,1
,,,,,,Furniture,1
,,,,,,113.9,1
,,,,,,Technology,1
,,,,,,113.92,1
,,,,,,Furniture,1
,,,,,,113.93,1
,,,,,,Furniture,1
,,,,,,113.94,1
,,,,,,Furniture,1
,,,,,,114.02,1
,,,,,,Office Supplies,1
,,,,,,114.03,2
,,,,,,Office Supplies,2
,,,,,,114.05,1
,,,,,,Technology,1
,,,,,,114.08,1
,,,,,,Office Supplies,1
,,,,,,114.09,1
,,,,,,Office Supplies,1
,,,,,,114.11,1
,,,,,,Furniture,1
,,,,,,114.19,1
,,,,,,Technology,1
,,,,,,114.21,1
,,,,,,Office Supplies,1
,,,,,,114.22,1
,,,,,,Office Supplies,1
,,,,,,114.3,2
,,,,,,Office Supplies,2
,,,,,,114.37,2
,,,,,,Furniture,1
,,,,,,Technology,1
,,,,,,114.4,1
,,,,,,Office Supplies,1
,,,,,,114.41,1
,,,,,,Furniture,1
,,,,,,114.42,1
,,,,,,Office Supplies,1
,,,,,,114.43,1
,,,,,,Office Supplies,1
,,,,,,114.45,1
,,,,,,Technology,1
,,,,,,114.47,1
,,,,,,Office Supplies,1
,,,,,,114.48,1
,,,,,,Furniture,1
,,,,,,114.63,1
,,,,,,Furniture,1
,,,,,,114.64,2
,,,,,,Furniture,1
,,,,,,Office Supplies,1
,,,,,,114.7,2
,,,,,,Furniture,2
,,,,,,114.72,1
,,,,,,Technology,1
,,,,,,114.74,1
,,,,,,Furniture,1
,,,,,,114.8,1
,,,,,,Office Supplies,1
,,,,,,114.84,1
,,,,,,Office Supplies,1
,,,,,,114.87,1
,,,,,,Office Supplies,1
,,,,,,114.88,1
,,,,,,Furniture,1
,,,,,,114.91,1
,,,,,,Office Supplies,1
,,,,,,114.93,1
,,,,,,Technology,1
,,,,,,114.96,1
,,,,,,Technology,1
,,,,,,114.98,1
,,,,,,Office Supplies,1
,,,,,,114.99,1
,,,,,,Furniture,1
,,,,,,115.01,1
,,,,,,Furniture,1
,,,,,,115.06,2
,,,,,,Office Supplies,1
,,,,,,Technology,1
,,,,,,115.16,1
,,,,,,Furniture,1
,,,,,,115.18,1
,,,,,,Office Supplies,1
,,,,,,115.28,1
,,,,,,Office Supplies,1
,,,,,,115.29,2
,,,,,,Office Supplies,1
,,,,,,Technology,1
,,,,,,115.31,1
,,,,,,Office Supplies,1
,,,,,,115.34,1
,,,,,,Furniture,1
,,,,,,115.36,1
,,,,,,Technology,1
,,,,,,115.4,1
,,,,,,Office Supplies,1
,,,,,,115.41,1
,,,,,,Furniture,1
,,,,,,115.5,1
,,,,,,Technology,1
,,,,,,115.54,1
,,,,,,Office Supplies,1
,,,,,,115.55,2
,,,,,,Furniture,1
,,,,,,Office Supplies,1
,,,,,,115.59,1
,,,,,,Technology,1
,,,,,,115.63,1
,,,,,,Furniture,1
,,,,,,115.69,1
,,,,,,Office Supplies,1
,,,,,,115.7,1
,,,,,,Office Supplies,1
,,,,,,115.71,2
,,,,,,Office Supplies,1
,,,,,,Technology,1
,,,,,,115.74,2
,,,,,,Furniture,2
,,,,,,115.75,1
,,,,,,Technology,1
,,,,,,115.76,1
,,,,,,Office Supplies,1
,,,,,,115.8,1
,,,,,,Technology,1
,,,,,,115.82,1
,,,,,,Technology,1
,,,,,,115.83,1
,,,,,,Technology,1
,,,,,,115.86,1
,,,,,,Technology,1
,,,,,,115.87,1
,,,,,,Office Supplies,1
,,,,,,115.92,1
,,,,,,Office Supplies,1
,,,,,,115.93,2
,,,,,,Furniture,2
,,,,,,115.95,1
,,,,,,Office Supplies,1
,,,,,,115.99,2
,,,,,,Office Supplies,2
,,,,,,116.01,1
,,,,,,Office Supplies,1
,,,,,,116.02,2
,,,,,,Office Supplies,1
,,,,,,Technology,1
,,,,,,116.06,1
,,,,,,Office Supplies,1
,,,,,,116.14,2
,,,,,,Furniture,1
,,,,,,Office Supplies,1
,,,,,,116.17,1
,,,,,,Technology,1
,,,,,,116.29,1
,,,,,,Office Supplies,1
,,,,,,116.33,1
,,,,,,Office Supplies,1
,,,,,,116.34,1
,,,,,,Furniture,1
,,,,,,116.39,1
,,,,,,Office Supplies,1
,,,,,,116.41,1
,,,,,,Technology,1
,,,,,,116.42,1
,,,,,,Furniture,1
,,,,,,116.43,1
,,,,,,Technology,1
,,,,,,116.47,1
,,,,,,Office Supplies,1
,,,,,,116.49,1
,,,,,,Technology,1
,,,,,,116.52,1
,,,,,,Technology,1
,,,,,,116.56,1
,,,,,,Technology,1
,,,,,,116.59,1
,,,,,,Furniture,1
,,,,,,116.6,2
,,,,,,Office Supplies,2
,,,,,,116.64,1
,,,,,,Technology,1
,,,,,,116.69,1
,,,,,,Office Supplies,1
,,,,,,116.7,1
,,,,,,Office Supplies,1
,,,,,,116.71,1
,,,,,,Office Supplies,1
,,,,,,116.73,2
,,,,,,Furniture,1
,,,,,,Office Supplies,1
,,,,,,116.74,1
,,,,,,Office Supplies,1
,,,,,,116.75,1
,,,,,,Technology,1
,,,,,,116.76,1
,,,,,,Technology,1
,,,,,,116.77,1
,,,,,,Office Supplies,1
,,,,,,116.81,1
,,,,,,Office Supplies,1
,,,,,,116.83,2
,,,,,,Furniture,1
,,,,,,Technology,1
,,,,,,116.86,1
,,,,,,Furniture,1
,,,,,,116.89,1
,,,,,,Technology,1
,,,,,,116.91,3
,,,,,,Furniture,1
,,,,,,Office Supplies,1
,,,,,,Technology,1
,,,,,,116.99,1
,,,,,,Technology,1
,,,,,,117.02,1
,,,,,,Furniture,1
,,,,,,117.06,1
,,,,,,Technology,1
,,,,,,117.07,1
,,,,,,Office Supplies,1
,,,,,,117.11,1
,,,,,,Office Supplies,1
,,,,,,117.13,1
,,,,,,Office Supplies,1
,,,,,,117.18,1
,,,,,,Furniture,1
,,,,,,117.2,2
,,,,,,Furniture,1
,,,,,,Technology,1
,,,,,,117.27,1
,,,,,,Furniture,1
,,,,,,117.31,1
,,,,,,Furniture,1
,,,,,,117.4,1
,,,,,,Office Supplies,1
,,,,,,117.42,1
,,,,,,Furniture,1
,,,,,,117.46,1
,,,,,,Technology,1
,,,,,,117.55,2
,,,,,,Furniture,2
,,,,,,117.56,1
,,,,,,Technology,1
,,,,,,117.59,1
,,,,,,Technology,1
,,,,,,117.64,1
,,,,,,Furniture,1
,,,,,,117.65,1
,,,,,,Office Supplies,1
,,,,,,117.68,1
,,,,,,Technology,1
,,,,,,117.74,1
,,,,,,Furniture,1
,,,,,,117.75,1
,,,,,,Furniture,1
,,,,,,117.77,1
,,,,,,Office Supplies,1
,,,,,,117.81,1
,,,,,,Furniture,1
,,,,,,117.84,1
,,,,,,Office Supplies,1
,,,,,,117.91,1
,,,,,,Furniture,1
,,,,,,117.99,2
,,,,,,Furniture,1
,,,,,,Office Supplies,1
,,,,,,118.02,1
,,,,,,Technology,1
,,,,,,118.11,1
,,,,,,Furniture,1
,,,,,,118.15,3
,,,,,,Furniture,2
,,,,,,Technology,1
,,,,,,118.19,1
,,,,,,Technology,1
,,,,,,118.21,1
,,,,,,Technology,1
,,,,,,118.24,1
,,,,,,Technology,1
,,,,,,118.25,1
,,,,,,Technology,1
,,,,,,118.26,1
,,,,,,Furniture,1
,,,,,,118.3,1
,,,,,,Office Supplies,1
,,,,,,118.33,1
,,,,,,Office Supplies,1
,,,,,,118.37,1
,,,,,,Office Supplies,1
,,,,,,118.38,1
,,,,,,Furniture,1
,,,,,,118.4,1
,,,,,,Furniture,1
,,,,,,118.41,3
,,,,,,Furniture,1
,,,,,,Office Supplies,2
,,,,,,118.46,1
,,,,,,Furniture,1
,,,,,,118.53,1
,,,,,,Furniture,1
,,,,,,118.55,1
,,,,,,Office Supplies,1
,,,,,,118.56,1
,,,,,,Office Supplies,1
,,,,,,118.62,1
,,,,,,Technology,1
,,,,,,118.63,3
,,,,,,Furniture,1
,,,,,,Office Supplies,2
,,,,,,118.7,1
,,,,,,Technology,1
,,,,,,118.72,1
,,,,,,Technology,1
,,,,,,118.73,1
,,,,,,Furniture,1
,,,,,,118.75,1
,,,,,,Furniture,1
,,,,,,118.76,1
,,,,,,Technology,1
,,,,,,118.79,1
,,,,,,Furniture,1
,,,,,,118.84,1
,,,,,,Office Supplies,1
,,,,,,118.88,1
,,,,,,Technology,1
,,,,,,118.91,1
,,,,,,Furniture,1
,,,,,,118.92,1
,,,,,,Technology,1
,,,,,,118.93,1
,,,,,,Technology,1
,,,,,,118.96,1
,,,,,,Furniture,1
,,,,,,119.07,1
,,,,,,Technology,1
,,,,,,119.13,1
,,,,,,Technology,1
,,,,,,119.16,1
,,,,,,Technology,1
,,,,,,119.17,2
,,,,,,Furniture,1
,,,,,,Office Supplies,1
,,,,,,119.19,1
,,,,,,Office Supplies,1
,,,,,,119.22,1
,,,,,,Furniture,1
,,,,,,119.24,1
,,,,,,Technology,1
,,,,,,119.29,1
,,,,,,Furniture,1
,,,,,,119.32,1
,,,,,,Furniture,1
,,,,,,119.36,1
,,,,,,Furniture,1
,,,,,,119.42,1
,,,,,,Office Supplies,1
,,,,,,119.48,1
,,,,,,Furniture,1
,,,,,,119.51,1
,,,,,,Office Supplies,1
,,,,,,119.52,1
,,,,,,Office Supplies,1
,,,,,,119.54,1
,,,,,,Furniture,1
,,,,,,119.55,1
,,,,,,Office Supplies,1
,,,,,,119.59,1
,,,,,,Office Supplies,1
,,,,,,119.6,1
,,,,,,Technology,1
,,,,,,119.61,1
,,,,,,Furniture,1
,,,,,,119.63,1
,,,,,,Office Supplies,1
,,,,,,119.64,1
,,,,,,Furniture,1
,,,,,,119.66,1
,,,,,,Office Supplies,1
,,,,,,119.69,1
,,,,,,Office Supplies,1
,,,,,,119.74,1
,,,,,,Technology,1
,,,,,,119.78,1
,,,,,,Technology,1
,,,,,,119.83,1
,,,,,,Technology,1
,,,,,,119.9,2
,,,,,,Furniture,1
,,,,,,Technology,1
,,,,,,119.96,1
,,,,,,Furniture,1
,,,,,,119.98,1
,,,,,,Technology,1
,,,,,,119.99,1
,,,,,,Furniture,1
,,,,,,120.01,1
,,,,,,Furniture,1
,,,,,,120.05,1
,,,,,,Technology,1
,,,,,,120.08,1
,,,,,,Technology,1
,,,,,,120.1,1
,,,,,,Office Supplies,1
,,,,,,120.19,1
,,,,,,Office Supplies,1
,,,,,,120.28,1
,,,,,,Furniture,1
,,,,,,120.29,1
,,,,,,Furniture,1
,,,,,,120.32,1
,,,,,,Furniture,1
,,,,,,120.33,1
,,,,,,Furniture,1
,,,,,,120.34,1
,,,,,,Furniture,1
,,,,,,120.36,1
,,,,,,Office Supplies,1
,,,,,,120.4,1
,,,,,,Office Supplies,1
,,,,,,120.43,1
,,,,,,Furniture,1
,,,,,,120.44,1
,,,,,,Furniture,1
,,,,,,120.5,1
,,,,,,Furniture,1
,,,,,,120.51,1
,,,,,,Furniture,1
,,,,,,120.54,1
,,,,,,Furniture,1
,,,,,,120.56,2
,,,,,,Office Supplies,1
,,,,,,Technology,1
,,,,,,120.61,1
,,,,,,Office Supplies,1
,,,,,,120.62,2
,,,,,,Furniture,1
,,,,,,Office Supplies,1
,,,,,,120.68,1
,,,,,,Office Supplies,1
,,,,,,120.7,1
,,,,,,Furniture,1
,,,,,,120.73,1
,,,,,,Technology,1
,,,,,,120.78,1
,,,,,,Office Supplies,1
,,,,,,120.83,1
,,,,,,Furniture,1
,,,,,,120.86,1
,,,,,,Office Supplies,1
,,,,,,121.02,1
,,,,,,Office Supplies,1
,,,,,,121.07,1
,,,,,,Furniture,1
,,,,,,121.12,1
,,,,,,Office Supplies,1
,,,,,,121.16,1
,,,,,,Technology,1
,,,,,,121.2,1
,,,,,,Furniture,1
,,,,,,121.22,1
,,,,,,Furniture,1
,,,,,,121.23,1
,,,,,,Furniture,1
,,,,,,121.24,1
,,,,,,Furniture,1
,,,,,,121.26,1
,,,,,,Furniture,1
,,,,,,121.29,2
,,,,,,Furniture,2
,,,,,,121.31,1
,,,,,,Technology,1
,,,,,,121.32,1
,,,,,,Technology,1
,,,,,,121.33,2
,,,,,,Office Supplies,1
,,,,,,Technology,1
,,,,,,121.36,1
,,,,,,Technology,1
,,,,,,121.42,1
,,,,,,Furniture,1
,,,,,,121.46,1
,,,,,,Furniture,1
,,,,,,121.5,1
,,,,,,Furniture,1
,,,,,,121.51,1
,,,,,,Technology,1
,,,,,,121.54,1
,,,,,,Office Supplies,1
,,,,,,121.58,1
,,,,,,Technology,1
,,,,,,121.67,2
,,,,,,Furniture,2
,,,,,,121.73,1
,,,,,,Office Supplies,1
,,,,,,121.75,2
,,,,,,Office Supplies,1
,,,,,,Technology,1
,,,,,,121.77,1
,,,,,,Technology,1
,,,,,,121.78,1
,,,,,,Office Supplies,1
,,,,,,121.81,2
,,,,,,Furniture,1
,,,,,,Technology,1
,,,,,,121.83,1
,,,,,,Technology,1
,,,,,,121.87,2
,,,,,,Office Supplies,1
,,,,,,Technology,1
,,,,,,121.88,2
,,,,,,Office Supplies,2
,,,,,,121.9,1
,,,,,,Furniture,1
,,,,,,121.94,1
,,,,,,Office Supplies,1
,,,,,,122.06,1
,,,,,,Technology,1
,,,,,,122.11,1
,,,,,,Office Supplies,1
,,,,,,122.12,1
,,,,,,Office Supplies,1
,,,,,,122.13,1
,,,,,,Office Supplies,1
,,,,,,122.15,1
,,,,,,Office Supplies,1
,,,,,,122.21,1
,,,,,,Office Supplies,1
,,,,,,122.27,1
,,,,,,Office Supplies,1
,,,,,,122.29,1
,,,,,,Technology,1
,,,,,,122.31,1
,,,,,,Technology,1
,,,,,,122.33,1
,,,,,,Office Supplies,1
,,,,,,122.36,1
,,,,,,Technology,1
,,,,,,122.37,1
,,,,,,Office Supplies,1
,,,,,,122.39,2
,,,,,,Furniture,1
,,,,,,Technology,1
,,,,,,122.42,1
,,,,,,Technology,1
,,,,,,122.55,1
,,,,,,Technology,1
,,,,,,122.58,1
,,,,,,Technology,1
,,,,,,122.63,1
,,,,,,Technology,1
,,,,,,122.65,1
,,,,,,Furniture,1
,,,,,,122.66,3
,,,,,,Furniture,1
,,,,,,Technology,2
,,,,,,122.69,1
,,,,,,Furniture,1
,,,,,,122.72,2
,,,,,,Furniture,1
,,,,,,Office Supplies,1
,,,,,,122.74,1
,,,,,,Office Supplies,1
,,,,,,122.76,1
,,,,,,Technology,1
,,,,,,122.77,2
,,,,,,Furniture,1
,,,,,,Technology,1
,,,,,,122.79,1
,,,,,,Office Supplies,1
,,,,,,122.8,1
,,,,,,Technology,1
,,,,,,122.81,1
,,,,,,Technology,1
,,,,,,122.86,1
,,,,,,Furniture,1
,,,,,,122.87,1
,,,,,,Office Supplies,1
,,,,,,122.91,1
,,,,,,Furniture,1
,,,,,,122.94,1
,,,,,,Furniture,1
,,,,,,122.95,1
,,,,,,Office Supplies,1
,,,,,,122.98,1
,,,,,,Technology,1
,,,,,,123.01,1
,,,,,,Office Supplies,1
,,,,,,123.08,1
,,,,,,Furniture,1
,,,,,,123.09,1
,,,,,,Furniture,1
,,,,,,123.11,1
,,,,,,Technology,1
,,,,,,123.15,1
,,,,,,Office Supplies,1
,,,,,,123.18,1
,,,,,,Office Supplies,1
,,,,,,123.21,1
,,,,,,Technology,1
,,,,,,123.24,1
,,,,,,Furniture,1
,,,,,,123.27,1
,,,,,,Office Supplies,1
,,,,,,123.28,1
,,,,,,Office Supplies,1
,,,,,,123.29,1
,,,,,,Office Supplies,1
,,,,,,123.35,2
,,,,,,Furniture,2
,,,,,,123.39,1
,,,,,,Office Supplies,1
,,,,,,123.41,1
,,,,,,Technology,1
,,,,,,123.45,1
,,,,,,Furniture,1
,,,,,,123.49,1
,,,,,,Office Supplies,1
,,,,,,123.5,1
,,,,,,Technology,1
,,,,,,123.51,1
,,,,,,Furniture,1
,,,,,,123.57,1
,,,,,,Furniture,1
,,,,,,123.59,1
,,,,,,Furniture,1
,,,,,,123.61,1
,,,,,,Office Supplies,1
,,,,,,123.63,1
,,,,,,Office Supplies,1
,,,,,,123.64,1
,,,,,,Furniture,1
,,,,,,123.67,1
,,,,,,Technology,1
,,,,,,123.73,1
,,,,,,Office Supplies,1
,,,,,,123.75,1
,,,,,,Furniture,1
,,,,,,123.92,1
,,,,,,Technology,1
,,,,,,123.98,1
,,,,,,Office Supplies,1
,,,,,,124.03,2
,,,,,,Furniture,1
,,,,,,Technology,1
,,,,,,124.05,1
,,,,,,Technology,1
,,,,,,124.06,1
,,,,,,Office Supplies,1
,,,,,,124.08,1
,,,,,,Office Supplies,1
,,,,,,124.17,2
,,,,,,Office Supplies,1
,,,,,,Technology,1
,,,,,,124.18,1
,,,,,,Technology,1
,,,,,,124.19,2
,,,,,,Office Supplies,1
,,,,,,Technology,1
,,,,,,124.21,1
,,,,,,Furniture,1
,,,,,,124.24,2
,,,,,,Office Supplies,1
,,,,,,Technology,1
,,,,,,124.28,1
,,,,,,Furniture,1
,,,,,,124.38,1
,,,,,,Office Supplies,1
,,,,,,124.41,1
,,,,,,Office Supplies,1
,,,,,,124.47,1
,,,,,,Furniture,1
,,,,,,124.51,1
,,,,,,Technology,1
,,,,,,124.52,1
,,,,,,Technology,1
,,,,,,124.53,1
,,,,,,Technology,1
,,,,,,124.76,1
,,,,,,Furniture,1
,,,,,,124.78,1
,,,,,,Office Supplies,1
,,,,,,124.82,1
,,,,,,Office Supplies,1
,,,,,,124.83,1
,,,,,,Furniture,1
,,,,,,124.86,1
,,,,,,Office Supplies,1
,,,,,,124.88,1
,,,,,,Technology,1
,,,,,,124.94,1
,,,,,,Office Supplies,1
,,,,,,124.96,2
,,,,,,Furniture,1
,,,,,,Technology,1
,,,,,,124.99,1
,,,,,,Office Supplies,1
,,,,,,125.02,1
,,,,,,Furniture,1
,,,,,,125.07,1
,,,,,,Furniture,1
,,,,,,125.1,1
,,,,,,Furniture,1
,,,,,,125.14,1
,,,,,,Office Supplies,1
,,,,,,125.17,1
,,,,,,Office Supplies,1
,,,,,,125.19,1
,,,,,,Technology,1
,,,,,,125.2,1
,,,,,,Furniture,1
,,,,,,125.21,1
,,,,,,Technology,1
,,,,,,125.3,1
,,,,,,Technology,1
,,,,,,125.36,1
,,,,,,Technology,1
,,,,,,125.38,1
,,,,,,Furniture,1
,,,,,,125.4,1
,,,,,,Technology,1
,,,,,,125.45,1
,,,,,,Technology,1
,,,,,,125.46,1
,,,,,,Furniture,1
,,,,,,125.49,2
,,,,,,Furniture,1
,,,,,,Technology,1
,,,,,,125.51,1
,,,,,,Office Supplies,1
,,,,,,125.54,1
,,,,,,Furniture,1
,,,,,,125.55,1
,,,,,,Technology,1
,,,,,,125.58,1
,,,,,,Technology,1
,,,,,,125.59,1
,,,,,,Furniture,1
,,,,,,125.63,1
,,,,,,Technology,1
,,,,,,125.64,1
,,,,,,Furniture,1
,,,,,,125.68,1
,,,,,,Technology,1
,,,,,,125.71,1
,,,,,,Office Supplies,1
,,,,,,125.72,1
,,,,,,Office Supplies,1
,,,,,,125.73,1
,,,,,,Technology,1
,,,,,,125.75,1
,,,,,,Office Supplies,1
,,,,,,125.77,1
,,,,,,Office Supplies,1
,,,,,,125.85,1
,,,,,,Technology,1
,,,,,,125.86,2
,,,,,,Office Supplies,2
,,,,,,125.87,2
,,,,,,Office Supplies,1
,,,,,,Technology,1
,,,,,,125.98,1
,,,,,,Technology,1
,,,,,,126,2
,,,,,,Technology,2
,,,,,,126.01,1
,,,,,,Office Supplies,1
,,,,,,126.04,1
,,,,,,Office Supplies,1
,,,,,,126.09,1
,,,,,,Technology,1
,,,,,,126.1,1
,,,,,,Office Supplies,1
,,,,,,126.11,1
,,,,,,Technology,1
,,,,,,126.12,2
,,,,,,Furniture,1
,,,,,,Technology,1
,,,,,,126.16,1
,,,,,,Office Supplies,1
,,,,,,126.17,1
,,,,,,Furniture,1
,,,,,,126.2,1
,,,,,,Furniture,1
,,,,,,126.21,1
,,,,,,Technology,1
,,,,,,126.26,1
,,,,,,Office Supplies,1
,,,,,,126.3,2
,,,,,,Furniture,1
,,,,,,Office Supplies,1
,,,,,,126.35,1
,,,,,,Furniture,1
,,,,,,126.45,1
,,,,,,Office Supplies,1
,,,,,,126.48,1
,,,,,,Technology,1
,,,,,,126.49,1
,,,,,,Furniture,1
,,,,,,126.51,1
,,,,,,Technology,1
,,,,,,126.64,2
,,,,,,Office Supplies,1
,,,,,,Technology,1
,,,,,,126.7,1
,,,,,,Technology,1
,,,,,,126.72,1
,,,,,,Furniture,1
,,,,,,126.85,1
,,,,,,Office Supplies,1
,,,,,,126.86,1
,,,,,,Furniture,1
,,,,,,126.94,2
,,,,,,Furniture,1
,,,,,,Technology,1
,,,,,,127.09,1
,,,,,,Technology,1
,,,,,,127.29,1
,,,,,,Technology,1
,,,,,,127.3,1
,,,,,,Furniture,1
,,,,,,127.31,2
,,,,,,Furniture,2
,,,,,,127.32,1
,,,,,,Furniture,1
,,,,,,127.34,1
,,,,,,Office Supplies,1
,,,,,,127.36,1
,,,,,,Furniture,1
,,,,,,127.39,1
,,,,,,Office Supplies,1
,,,,,,127.55,1
,,,,,,Office Supplies,1
,,,,,,127.57,1
,,,,,,Furniture,1
,,,,,,127.61,1
,,,,,,Furniture,1
,,,,,,127.62,1
,,,,,,Furniture,1
,,,,,,127.63,1
,,,,,,Technology,1
,,,,,,127.66,2
,,,,,,Furniture,1
,,,,,,Technology,1
,,,,,,127.71,1
,,,,,,Office Supplies,1
,,,,,,127.72,1
,,,,,,Technology,1
,,,,,,127.74,1
,,,,,,Furniture,1
,,,,,,127.8,1
,,,,,,Technology,1
,,,,,,127.92,1
,,,,,,Technology,1
,,,,,,127.96,1
,,,,,,Office Supplies,1
,,,,,,127.98,2
,,,,,,Furniture,1
,,,,,,Office Supplies,1
,,,,,,128.02,1
,,,,,,Office Supplies,1
,,,,,,128.07,1
,,,,,,Office Supplies,1
,,,,,,128.09,1
,,,,,,Technology,1
,,,,,,128.15,1
,,,,,,Furniture,1
,,,,,,128.16,2
,,,,,,Office Supplies,2
,,,,,,128.18,3
,,,,,,Furniture,1
,,,,,,Office Supplies,1
,,,,,,Technology,1
,,,,,,128.21,1
,,,,,,Office Supplies,1
,,,,,,128.23,2
,,,,,,Furniture,1
,,,,,,Technology,1
,,,,,,128.24,1
,,,,,,Office Supplies,1
,,,,,,128.31,1
,,,,,,Technology,1
,,,,,,128.38,2
,,,,,,Furniture,1
,,,,,,Office Supplies,1
,,,,,,128.44,1
,,,,,,Furniture,1
,,,,,,128.47,1
,,,,,,Technology,1
,,,,,,128.5,1
,,,,,,Technology,1
,,,,,,128.51,1
,,,,,,Office Supplies,1
,,,,,,128.55,2
,,,,,,Office Supplies,1
,,,,,,Technology,1
,,,,,,128.57,1
,,,,,,Office Supplies,1
,,,,,,128.58,3
,,,,,,Furniture,2
,,,,,,Office Supplies,1
,,,,,,128.6,2
,,,,,,Furniture,2
,,,,,,128.62,1
,,,,,,Technology,1
,,,,,,128.64,1
,,,,,,Office Supplies,1
,,,,,,128.66,1
,,,,,,Technology,1
,,,,,,128.73,1
,,,,,,Furniture,1
,,,,,,128.75,2
,,,,,,Furniture,1
,,,,,,Office Supplies,1
,,,,,,128.77,1
,,,,,,Office Supplies,1
,,,,,,128.87,1
,,,,,,Office Supplies,1
,,,,,,128.88,1
,,,,,,Technology,1
,,,,,,128.9,1
,,,,,,Technology,1
,,,,,,128.92,1
,,,,,,Furniture,1
,,,,,,128.99,1
,,,,,,Office Supplies,1
,,,,,,129.02,1
,,,,,,Office Supplies,1
,,,,,,129.18,2
,,,,,,Technology,2
,,,,,,129.19,1
,,,,,,Furniture,1
,,,,,,129.27,1
,,,,,,Technology,1
,,,,,,129.3,1
,,,,,,Office Supplies,1
,,,,,,129.33,1
,,,,,,Technology,1
,,,,,,129.35,1
,,,,,,Technology,1
,,,,,,129.36,1
,,,,,,Technology,1
,,,,,,129.48,2
,,,,,,Office Supplies,1
,,,,,,Technology,1
,,,,,,129.49,1
,,,,,,Office Supplies,1
,,,,,,129.5,2
,,,,,,Furniture,1
,,,,,,Office Supplies,1
,,,,,,129.55,2
,,,,,,Furniture,1
,,,,,,Technology,1
,,,,,,129.56,1
,,,,,,Furniture,1
,,,,,,129.57,2
,,,,,,Furniture,1
,,,,,,Office Supplies,1
,,,,,,129.61,1
,,,,,,Furniture,1
,,,,,,129.64,1
,,,,,,Furniture,1
,,,,,,129.72,1
,,,,,,Furniture,1
,,,,,,129.74,1
,,,,,,Office Supplies,1
,,,,,,129.75,1
,,,,,,Furniture,1
,,,,,,129.76,1
,,,,,,Furniture,1
,,,,,,129.79,1
,,,,,,Furniture,1
,,,,,,129.87,1
,,,,,,Technology,1
,,,,,,129.88,1
,,,,,,Technology,1
,,,,,,129.89,1
,,,,,,Technology,1
,,,,,,129.95,2
,,,,,,Furniture,1
,,,,,,Office Supplies,1
,,,,,,129.97,1
,,,,,,Technology,1
,,,,,,129.98,1
,,,,,,Technology,1
,,,,,,130.04,1
,,,,,,Technology,1
,,,,,,130.07,1
,,,,,,Furniture,1
,,,,,,130.12,1
,,,,,,Office Supplies,1
,,,,,,130.13,1
,,,,,,Technology,1
,,,,,,130.14,1
,,,,,,Office Supplies,1
,,,,,,130.16,1
,,,,,,Office Supplies,1
,,,,,,130.17,2
,,,,,,Furniture,1
,,,,,,Technology,1
,,,,,,130.19,1
,,,,,,Furniture,1
,,,,,,130.27,1
,,,,,,Technology,1
,,,,,,130.34,1
,,,,,,Technology,1
,,,,,,130.37,2
,,,,,,Technology,2
,,,,,,130.38,1
,,,,,,Technology,1
,,,,,,130.39,1
,,,,,,Technology,1
,,,,,,130.49,1
,,,,,,Technology,1
,,,,,,130.55,1
,,,,,,Technology,1
,,,,,,130.6,1
,,,,,,Furniture,1
,,,,,,130.63,1
,,,,,,Technology,1
,,,,,,130.66,1
,,,,,,Technology,1
,,,,,,130.72,1
,,,,,,Office Supplies,1
,,,,,,130.76,1
,,,,,,Furniture,1
,,,,,,130.77,1
,,,,,,Office Supplies,1
,,,,,,130.82,1
,,,,,,Technology,1
,,,,,,130.84,2
,,,,,,Furniture,1
,,,,,,Technology,1
,,,,,,130.85,1
,,,,,,Office Supplies,1
,,,,,,130.89,1
,,,,,,Technology,1
,,,,,,131.04,2
,,,,,,Technology,2
,,,,,,131.07,2
,,,,,,Furniture,1
,,,,,,Technology,1
,,,,,,131.14,1
,,,,,,Technology,1
,,,,,,131.26,1
,,,,,,Furniture,1
,,,,,,131.35,1
,,,,,,Furniture,1
,,,,,,131.36,1
,,,,,,Technology,1
,,,,,,131.38,2
,,,,,,Office Supplies,1
,,,,,,Technology,1
,,,,,,131.4,1
,,,,,,Furniture,1
,,,,,,131.41,1
,,,,,,Office Supplies,1
,,,,,,131.55,1
,,,,,,Office Supplies,1
,,,,,,131.56,1
,,,,,,Technology,1
,,,,,,131.57,1
,,,,,,Technology,1
,,,,,,131.59,1
,,,,,,Furniture,1
,,,,,,131.62,1
,,,,,,Office Supplies,1
,,,,,,131.68,1
,,,,,,Furniture,1
,,,,,,131.71,1
,,,,,,Technology,1
,,,,,,131.72,1
,,,,,,Furniture,1
,,,,,,131.73,2
,,,,,,Furniture,1
,,,,,,Technology,1
,,,,,,131.77,1
,,,,,,Technology,1
,,,,,,131.8,1
,,,,,,Furniture,1
,,,,,,131.83,3
,,,,,,Furniture,1
,,,,,,Technology,2
,,,,,,131.91,1
,,,,,,Furniture,1
,,,,,,131.92,1
,,,,,,Furniture,1
,,,,,,131.93,2
,,,,,,Technology,2
,,,,,,132.01,2
,,,,,,Furniture,1
,,,,,,Technology,1
,,,,,,132.06,1
,,,,,,Furniture,1
,,,,,,132.08,1
,,,,,,Technology,1
,,,,,,132.1,1
,,,,,,Furniture,1
,,,,,,132.15,1
,,,,,,Furniture,1
,,,,,,132.2,2
,,,,,,Office Supplies,1
,,,,,,Technology,1
,,,,,,132.21,1
,,,,,,Technology,1
,,,,,,132.25,1
,,,,,,Office Supplies,1
,,,,,,132.35,1
,,,,,,Technology,1
,,,,,,132.36,1
,,,,,,Technology,1
,,,,,,132.37,1
,,,,,,Technology,1
,,,,,,132.38,1
,,,,,,Technology,1
,,,,,,132.42,2
,,,,,,Office Supplies,1
,,,,,,Technology,1
,,,,,,132.44,1
,,,,,,Office Supplies,1
,,,,,,132.45,1
,,,,,,Office Supplies,1
,,,,,,132.47,1
,,,,,,Office Supplies,1
,,,,,,132.49,1
,,,,,,Furniture,1
,,,,,,132.53,1
,,,,,,Technology,1
,,,,,,132.55,1
,,,,,,Office Supplies,1
,,,,,,132.58,1
,,,,,,Office Supplies,1
,,,,,,132.72,2
,,,,,,Office Supplies,1
,,,,,,Technology,1
,,,,,,132.74,1
,,,,,,Technology,1
,,,,,,132.76,1
,,,,,,Office Supplies,1
,,,,,,132.79,1
,,,,,,Technology,1
,,,,,,132.82,1
,,,,,,Technology,1
,,,,,,132.83,1
,,,,,,Furniture,1
,,,,,,132.87,1
,,,,,,Office Supplies,1
,,,,,,132.9,1
,,,,,,Office Supplies,1
,,,,,,132.91,1
,,,,,,Technology,1
,,,,,,132.93,2
,,,,,,Technology,2
,,,,,,132.94,3
,,,,,,Furniture,3
,,,,,,132.96,1
,,,,,,Office Supplies,1
,,,,,,133.02,1
,,,,,,Office Supplies,1
,,,,,,133.04,1
,,,,,,Furniture,1
,,,,,,133.07,1
,,,,,,Technology,1
,,,,,,133.11,1
,,,,,,Technology,1
,,,,,,133.12,1
,,,,,,Furniture,1
,,,,,,133.18,2
,,,,,,Office Supplies,2
,,,,,,133.19,1
,,,,,,Furniture,1
,,,,,,133.2,1
,,,,,,Furniture,1
,,,,,,133.21,1
,,,,,,Technology,1
,,,,,,133.22,1
,,,,,,Technology,1
,,,,,,133.24,1
,,,,,,Furniture,1
,,,,,,133.27,1
,,,,,,Furniture,1
,,,,,,133.3,1
,,,,,,Technology,1
,,,,,,133.37,1
,,,,,,Technology,1
,,,,,,133.38,1
,,,,,,Furniture,1
,,,,,,133.5,1
,,,,,,Technology,1
,,,,,,133.53,1
,,,,,,Furniture,1
,,,,,,133.54,1
,,,,,,Furniture,1
,,,,,,133.58,1
,,,,,,Technology,1
,,,,,,133.6,1
,,,,,,Furniture,1
,,,,,,133.61,1
,,,,,,Furniture,1
,,,,,,133.73,1
,,,,,,Furniture,1
,,,,,,133.81,1
,,,,,,Office Supplies,1
,,,,,,133.83,1
,,,,,,Furniture,1
,,,,,,133.88,1
,,,,,,Office Supplies,1
,,,,,,133.89,1
,,,,,,Office Supplies,1
,,,,,,133.92,1
,,,,,,Furniture,1
,,,,,,133.95,1
,,,,,,Office Supplies,1
,,,,,,134.02,1
,,,,,,Office Supplies,1
,,,,,,134.05,1
,,,,,,Furniture,1
,,,,,,134.1,1
,,,,,,Technology,1
,,,,,,134.13,1
,,,,,,Office Supplies,1
,,,,,,134.17,1
,,,,,,Office Supplies,1
,,,,,,134.22,1
,,,,,,Furniture,1
,,,,,,134.23,1
,,,,,,Office Supplies,1
,,,,,,134.29,1
,,,,,,Technology,1
,,,,,,134.31,1
,,,,,,Office Supplies,1
,,,,,,134.4,1
,,,,,,Office Supplies,1
,,,,,,134.41,3
,,,,,,Furniture,1
,,,,,,Technology,2
,,,,,,134.42,1
,,,,,,Furniture,1
,,,,,,134.46,1
,,,,,,Office Supplies,1
,,,,,,134.48,1
,,,,,,Furniture,1
,,,,,,134.5,1
,,,,,,Furniture,1
,,,,,,134.53,1
,,,,,,Furniture,1
,,,,,,134.55,1
,,,,,,Technology,1
,,,,,,134.56,1
,,,,,,Technology,1
,,,,,,134.64,1
,,,,,,Furniture,1
,,,,,,134.65,1
,,,,,,Office Supplies,1
,,,,,,134.67,1
,,,,,,Furniture,1
,,,,,,134.68,1
,,,,,,Furniture,1
,,,,,,134.72,1
,,,,,,Technology,1
,,,,,,134.74,2
,,,,,,Furniture,1
,,,,,,Office Supplies,1
,,,,,,134.83,1
,,,,,,Furniture,1
,,,,,,134.86,1
,,,,,,Furniture,1
,,,,,,134.93,2
,,,,,,Office Supplies,1
,,,,,,Technology,1
,,,,,,134.95,1
,,,,,,Office Supplies,1
,,,,,,135.01,1
,,,,,,Furniture,1
,,,,,,135.04,1
,,,,,,Furniture,1
,,,,,,135.16,1
,,,,,,Furniture,1
,,,,,,135.18,1
,,,,,,Furniture,1
,,,,,,135.2,1
,,,,,,Technology,1
,,,,,,135.22,1
,,,,,,Furniture,1
,,,,,,135.23,1
,,,,,,Furniture,1
,,,,,,135.24,1
,,,,,,Office Supplies,1
,,,,,,135.27,1
,,,,,,Technology,1
,,,,,,135.38,2
,,,,,,Office Supplies,1
,,,,,,Technology,1
,,,,,,135.46,1
,,,,,,Technology,1
,,,,,,135.48,1
,,,,,,Furniture,1
,,,,,,135.49,2
,,,,,,Office Supplies,1
,,,,,,Technology,1
,,,,,,135.53,1
,,,,,,Office Supplies,1
,,,,,,135.54,1
,,,,,,Technology,1
,,,,,,135.59,1
,,,,,,Technology,1
,,,,,,135.6,1
,,,,,,Office Supplies,1
,,,,,,135.61,1
,,,,,,Furniture,1
,,,,,,135.62,2
,,,,,,Office Supplies,2
,,,,,,135.63,1
,,,,,,Office Supplies,1
,,,,,,135.64,1
,,,,,,Technology,1
,,,,,,135.69,1
,,,,,,Technology,1
,,,,,,135.72,1
,,,,,,Office Supplies,1
,,,,,,135.79,1
,,,,,,Technology,1
,,,,,,135.81,1
,,,,,,Office Supplies,1
,,,,,,135.86,1
,,,,,,Furniture,1
,,,,,,135.89,1
,,,,,,Office Supplies,1
,,,,,,135.93,1
,,,,,,Technology,1
,,,,,,135.97,1
,,,,,,Technology,1
,,,,,,136,1
,,,,,,Furniture,1
,,,,,,136.02,1
,,,,,,Furniture,1
,,,,,,136.03,1
,,,,,,Technology,1
,,,,,,136.07,1
,,,,,,Technology,1
,,,,,,136.14,1
,,,,,,Furniture,1
,,,,,,136.25,2
,,,,,,Office Supplies,1
,,,,,,Technology,1
,,,,,,136.26,1
,,,,,,Technology,1
,,,,,,136.27,2
,,,,,,Office Supplies,1
,,,,,,Technology,1
,,,,,,136.36,2
,,,,,,Office Supplies,1
,,,,,,Technology,1
,,,,,,136.42,1
,,,,,,Office Supplies,1
,,,,,,136.52,1
,,,,,,Furniture,1
,,,,,,136.54,1
,,,,,,Furniture,1
,,,,,,136.55,2
,,,,,,Furniture,1
,,,,,,Technology,1
,,,,,,136.68,1
,,,,,,Furniture,1
,,,,,,136.69,1
,,,,,,Office Supplies,1
,,,,,,136.7,1
,,,,,,Furniture,1
,,,,,,136.73,1
,,,,,,Furniture,1
,,,,,,136.76,1
,,,,,,Office Supplies,1
,,,,,,136.84,1
,,,,,,Technology,1
,,,,,,136.89,2
,,,,,,Office Supplies,1
,,,,,,Technology,1
,,,,,,136.9,1
,,,,,,Technology,1
,,,,,,136.91,1
,,,,,,Furniture,1
,,,,,,136.93,1
,,,,,,Office Supplies,1
,,,,,,136.96,1
,,,,,,Technology,1
,,,,,,136.99,1
,,,,,,Furniture,1
,,,,,,137.01,1
,,,,,,Office Supplies,1
,,,,,,137.13,2
,,,,,,Furniture,1
,,,,,,Office Supplies,1
,,,,,,137.19,1
,,,,,,Technology,1
,,,,,,137.2,1
,,,,,,Furniture,1
,,,,,,137.23,2
,,,,,,Office Supplies,1
,,,,,,Technology,1
,,,,,,137.25,1
,,,,,,Technology,1
,,,,,,137.28,1
,,,,,,Technology,1
,,,,,,137.33,1
,,,,,,Technology,1
,,,,,,137.42,1
,,,,,,Office Supplies,1
,,,,,,137.55,1
,,,,,,Furniture,1
,,,,,,137.59,1
,,,,,,Furniture,1
,,,,,,137.66,2
,,,,,,Furniture,1
,,,,,,Technology,1
,,,,,,137.68,1
,,,,,,Furniture,1
,,,,,,137.74,1
,,,,,,Technology,1
,,,,,,137.77,2
,,,,,,Technology,2
,,,,,,137.78,1
,,,,,,Furniture,1
,,,,,,137.87,1
,,,,,,Furniture,1
,,,,,,137.88,1
,,,,,,Furniture,1
,,,,,,138,3
,,,,,,Furniture,1
,,,,,,Office Supplies,1
,,,,,,Technology,1
,,,,,,138.01,1
,,,,,,Office Supplies,1
,,,,,,138.06,1
,,,,,,Technology,1
,,,,,,138.11,1
,,,,,,Furniture,1
,,,,,,138.12,1
,,,,,,Technology,1
,,,,,,138.17,1
,,,,,,Office Supplies,1
,,,,,,138.21,1
,,,,,,Furniture,1
,,,,,,138.23,1
,,,,,,Office Supplies,1
,,,,,,138.26,1
,,,,,,Technology,1
,,,,,,138.39,1
,,,,,,Office Supplies,1
,,,,,,138.4,1
,,,,,,Furniture,1
,,,,,,138.42,1
,,,,,,Office Supplies,1
,,,,,,138.45,1
,,,,,,Office Supplies,1
,,,,,,138.46,1
,,,,,,Technology,1
,,,,,,138.51,1
,,,,,,Furniture,1
,,,,,,138.58,1
,,,,,,Office Supplies,1
,,,,,,138.62,1
,,,,,,Technology,1
,,,,,,138.68,1
,,,,,,Technology,1
,,,,,,138.69,1
,,,,,,Technology,1
,,,,,,138.73,1
,,,,,,Technology,1
,,,,,,138.75,1
,,,,,,Technology,1
,,,,,,138.77,1
,,,,,,Office Supplies,1
,,,,,,138.79,1
,,,,,,Technology,1
,,,,,,138.8,1
,,,,,,Office Supplies,1
,,,,,,138.82,1
,,,,,,Office Supplies,1
,,,,,,138.86,2
,,,,,,Furniture,2
,,,,,,138.89,2
,,,,,,Office Supplies,1
,,,,,,Technology,1
,,,,,,138.9,1
,,,,,,Furniture,1
,,,,,,138.91,1
,,,,,,Technology,1
,,,,,,139.02,1
,,,,,,Technology,1
,,,,,,139.07,1
,,,,,,Technology,1
,,,,,,139.09,1
,,,,,,Technology,1
,,,,,,139.18,1
,,,,,,Office Supplies,1
,,,,,,139.24,1
,,,,,,Furniture,1
,,,,,,139.27,2
,,,,,,Furniture,2
,,,,,,139.29,1
,,,,,,Office Supplies,1
,,,,,,139.31,1
,,,,,,Office Supplies,1
,,,,,,139.35,1
,,,,,,Office Supplies,1
,,,,,,139.38,1
,,,,,,Furniture,1
,,,,,,139.4,1
,,,,,,Technology,1
,,,,,,139.41,1
,,,,,,Technology,1
,,,,,,139.45,1
,,,,,,Technology,1
,,,,,,139.51,1
,,,,,,Office Supplies,1
,,,,,,139.54,1
,,,,,,Technology,1
,,,,,,139.55,1
,,,,,,Technology,1
,,,,,,139.57,1
,,,,,,Technology,1
,,,,,,139.59,1
,,,,,,Technology,1
,,,,,,139.61,1
,,,,,,Technology,1
,,,,,,139.63,1
,,,,,,Office Supplies,1
,,,,,,139.65,1
,,,,,,Furniture,1
,,,,,,139.8,3
,,,,,,Technology,3
,,,,,,139.84,1
,,,,,,Office Supplies,1
,,,,,,139.89,1
,,,,,,Technology,1
,,,,,,139.92,1
,,,,,,Technology,1
,,,,,,139.95,1
,,,,,,Office Supplies,1
,,,,,,139.98,1
,,,,,,Furniture,1
,,,,,,140,1
,,,,,,Office Supplies,1
,,,,,,140.02,1
,,,,,,Furniture,1
,,,,,,140.06,1
,,,,,,Technology,1
,,,,,,140.12,1
,,,,,,Technology,1
,,,,,,140.13,1
,,,,,,Furniture,1
,,,,,,140.18,1
,,,,,,Technology,1
,,,,,,140.27,1
,,,,,,Furniture,1
,,,,,,140.3,1
,,,,,,Technology,1
,,,,,,140.33,1
,,,,,,Furniture,1
,,,,,,140.34,1
,,,,,,Technology,1
,,,,,,140.39,2
,,,,,,Furniture,1
,,,,,,Technology,1
,,,,,,140.42,1
,,,,,,Office Supplies,1
,,,,,,140.45,1
,,,,,,Technology,1
,,,,,,140.47,1
,,,,,,Technology,1
,,,,,,140.48,1
,,,,,,Office Supplies,1
,,,,,,140.49,1
,,,,,,Technology,1
,,,,,,140.55,2
,,,,,,Furniture,1
,,,,,,Office Supplies,1
,,,,,,140.58,1
,,,,,,Office Supplies,1
,,,,,,140.59,1
,,,,,,Furniture,1
,,,,,,140.65,1
,,,,,,Furniture,1
,,,,,,140.75,1
,,,,,,Office Supplies,1
,,,,,,140.78,1
,,,,,,Technology,1
,,,,,,140.8,1
,,,,,,Technology,1
,,,,,,140.81,1
,,,,,,Office Supplies,1
,,,,,,140.83,1
,,,,,,Furniture,1
,,,,,,140.88,1
,,,,,,Furniture,1
,,,,,,140.89,1
,,,,,,Technology,1
,,,,,,140.93,1
,,,,,,Technology,1
,,,,,,140.95,1
,,,,,,Technology,1
,,,,,,140.97,1
,,,,,,Office Supplies,1
,,,,,,141,1
,,,,,,Furniture,1
,,,,,,141.01,1
,,,,,,Office Supplies,1
,,,,,,141.04,1
,,,,,,Office Supplies,1
,,,,,,141.2,1
,,,,,,Office Supplies,1
,,,,,,141.22,1
,,,,,,Furniture,1
,,,,,,141.23,2
,,,,,,Office Supplies,1
,,,,,,Technology,1
,,,,,,141.33,1
,,,,,,Office Supplies,1
,,,,,,141.35,1
,,,,,,Office Supplies,1
,,,,,,141.36,1
,,,,,,Office Supplies,1
,,,,,,141.42,2
,,,,,,Furniture,2
,,,,,,141.43,1
,,,,,,Technology,1
,,,,,,141.45,1
,,,,,,Office Supplies,1
,,,,,,141.46,1
,,,,,,Office Supplies,1
,,,,,,141.5,1
,,,,,,Technology,1
,,,,,,141.56,1
,,,,,,Furniture,1
,,,,,,141.58,1
,,,,,,Technology,1
,,,,,,141.61,2
,,,,,,Office Supplies,1
,,,,,,Technology,1
,,,,,,141.63,1
,,,,,,Technology,1
,,,,,,141.77,2
,,,,,,Office Supplies,1
,,,,,,Technology,1
,,,,,,141.78,1
,,,,,,Technology,1
,,,,,,141.83,1
,,,,,,Furniture,1
,,,,,,141.84,1
,,,,,,Office Supplies,1
,,,,,,141.91,1
,,,,,,Office Supplies,1
,,,,,,141.92,2
,,,,,,Office Supplies,1
,,,,,,Technology,1
,,,,,,141.93,2
,,,,,,Office Supplies,1
,,,,,,Technology,1
,,,,,,141.94,1
,,,,,,Furniture,1
,,,,,,141.95,1
,,,,,,Furniture,1
,,,,,,141.97,1
,,,,,,Technology,1
,,,,,,142.08,1
,,,,,,Furniture,1
,,,,,,142.2,1
,,,,,,Furniture,1
,,,,,,142.27,1
,,,,,,Furniture,1
,,,,,,142.29,1
,,,,,,Technology,1
,,,,,,142.31,2
,,,,,,Office Supplies,1
,,,,,,Technology,1
,,,,,,142.33,1
,,,,,,Office Supplies,1
,,,,,,142.35,2
,,,,,,Office Supplies,1
,,,,,,Technology,1
,,,,,,142.5,1
,,,,,,Furniture,1
,,,,,,142.51,2
,,,,,,Furniture,1
,,,,,,Technology,1
,,,,,,142.52,1
,,,,,,Office Supplies,1
,,,,,,142.61,1
,,,,,,Technology,1
,,,,,,142.63,1
,,,,,,Technology,1
,,,,,,142.68,2
,,,,,,Office Supplies,1
,,,,,,Technology,1
,,,,,,142.73,1
,,,,,,Furniture,1
,,,,,,142.83,1
,,,,,,Furniture,1
,,,,,,142.84,1
,,,,,,Technology,1
,,,,,,142.85,2
,,,,,,Furniture,1
,,,,,,Technology,1
,,,,,,142.89,1
,,,,,,Furniture,1
,,,,,,142.94,1
,,,,,,Technology,1
,,,,,,143.04,2
,,,,,,Furniture,1
,,,,,,Technology,1
,,,,,,143.08,1
,,,,,,Technology,1
,,,,,,143.09,2
,,,,,,Technology,2
,,,,,,143.15,1
,,,,,,Furniture,1
,,,,,,143.32,1
,,,,,,Office Supplies,1
,,,,,,143.34,1
,,,,,,Furniture,1
,,,,,,143.35,1
,,,,,,Furniture,1
,,,,,,143.36,1
,,,,,,Office Supplies,1
,,,,,,143.37,1
,,,,,,Office Supplies,1
,,,,,,143.41,1
,,,,,,Office Supplies,1
,,,,,,143.45,1
,,,,,,Office Supplies,1
,,,,,,143.48,1
,,,,,,Office Supplies,1
,,,,,,143.71,1
,,,,,,Furniture,1
,,,,,,143.72,1
,,,,,,Technology,1
,,,,,,143.75,1
,,,,,,Furniture,1
,,,,,,143.76,2
,,,,,,Technology,2
,,,,,,143.85,1
,,,,,,Office Supplies,1
,,,,,,143.96,1
,,,,,,Furniture,1
,,,,,,143.97,1
,,,,,,Office Supplies,1
,,,,,,144.05,1
,,,,,,Technology,1
,,,,,,144.11,1
,,,,,,Technology,1
,,,,,,144.15,1
,,,,,,Technology,1
,,,,,,144.17,1
,,,,,,Office Supplies,1
,,,,,,144.18,1
,,,,,,Office Supplies,1
,,,,,,144.22,2
,,,,,,Technology,2
,,,,,,144.26,1
,,,,,,Technology,1
,,,,,,144.29,1
,,,,,,Office Supplies,1
,,,,,,144.34,1
,,,,,,Technology,1
,,,,,,144.35,1
,,,,,,Furniture,1
,,,,,,144.36,2
,,,,,,Furniture,2
,,,,,,144.39,1
,,,,,,Technology,1
,,,,,,144.4,1
,,,,,,Office Supplies,1
,,,,,,144.42,1
,,,,,,Office Supplies,1
,,,,,,144.44,1
,,,,,,Technology,1
,,,,,,144.46,1
,,,,,,Technology,1
,,,,,,144.49,1
,,,,,,Office Supplies,1
,,,,,,144.55,1
,,,,,,Technology,1
,,,,,,144.58,1
,,,,,,Furniture,1
,,,,,,144.6,1
,,,,,,Furniture,1
,,,,,,144.62,1
,,,,,,Furniture,1
,,,,,,144.65,1
,,,,,,Furniture,1
,,,,,,144.69,1
,,,,,,Technology,1
,,,,,,144.78,1
,,,,,,Office Supplies,1
,,,,,,144.81,1
,,,,,,Office Supplies,1
,,,,,,144.86,1
,,,,,,Technology,1
,,,,,,144.87,1
,,,,,,Office Supplies,1
,,,,,,144.98,1
,,,,,,Furniture,1
,,,,,,145.04,1
,,,,,,Technology,1
,,,,,,145.08,1
,,,,,,Furniture,1
,,,,,,145.22,1
,,,,,,Technology,1
,,,,,,145.24,1
,,,,,,Furniture,1
,,,,,,145.31,1
,,,,,,Furniture,1
,,,,,,145.32,1
,,,,,,Furniture,1
,,,,,,145.33,3
,,,,,,Furniture,1
,,,,,,Office Supplies,2
,,,,,,145.35,2
,,,,,,Office Supplies,2
,,,,,,145.38,1
,,,,,,Office Supplies,1
,,,,,,145.44,1
,,,,,,Furniture,1
,,,,,,145.5,1
,,,,,,Office Supplies,1
,,,,,,145.55,1
,,,,,,Furniture,1
,,,,,,145.56,1
,,,,,,Office Supplies,1
,,,,,,145.59,1
,,,,,,Technology,1
,,,,,,145.65,1
,,,,,,Furniture,1
,,,,,,145.69,2
,,,,,,Office Supplies,1
,,,,,,Technology,1
,,,,,,145.7,1
,,,,,,Technology,1
,,,,,,145.72,1
,,,,,,Furniture,1
,,,,,,145.76,1
,,,,,,Technology,1
,,,,,,145.77,1
,,,,,,Office Supplies,1
,,,,,,145.78,1
,,,,,,Furniture,1
,,,,,,145.86,1
,,,,,,Office Supplies,1
,,,,,,145.88,1
,,,,,,Office Supplies,1
,,,,,,145.89,1
,,,,,,Technology,1
,,,,,,145.91,1
,,,,,,Office Supplies,1
,,,,,,145.93,3
,,,,,,Office Supplies,3
,,,,,,146.01,1
,,,,,,Technology,1
,,,,,,146.08,1
,,,,,,Technology,1
,,,,,,146.16,1
,,,,,,Technology,1
,,,,,,146.18,1
,,,,,,Furniture,1
,,,,,,146.2,1
,,,,,,Technology,1
,,,,,,146.3,1
,,,,,,Technology,1
,,,,,,146.35,1
,,,,,,Office Supplies,1
,,,,,,146.4,1
,,,,,,Furniture,1
,,,,,,146.47,1
,,,,,,Furniture,1
,,,,,,146.48,1
,,,,,,Furniture,1
,,,,,,146.5,1
,,,,,,Technology,1
,,,,,,146.52,1
,,,,,,Furniture,1
,,,,,,146.57,1
,,,,,,Office Supplies,1
,,,,,,146.58,1
,,,,,,Furniture,1
,,,,,,146.67,1
,,,,,,Office Supplies,1
,,,,,,146.69,1
,,,,,,Technology,1
,,,,,,146.71,1
,,,,,,Office Supplies,1
,,,,,,146.74,1
,,,,,,Office Supplies,1
,,,,,,146.78,1
,,,,,,Technology,1
,,,,,,146.81,1
,,,,,,Office Supplies,1
,,,,,,146.88,3
,,,,,,Technology,3
,,,,,,146.89,2
,,,,,,Furniture,1
,,,,,,Technology,1
,,,,,,146.91,1
,,,,,,Furniture,1
,,,,,,146.92,1
,,,,,,Furniture,1
,,,,,,146.97,2
,,,,,,Furniture,2
,,,,,,146.98,1
,,,,,,Furniture,1
,,,,,,147.02,1
,,,,,,Office Supplies,1
,,,,,,147.05,1
,,,,,,Furniture,1
,,,,,,147.09,1
,,,,,,Technology,1
,,,,,,147.11,1
,,,,,,Technology,1
,,,,,,147.17,1
,,,,,,Technology,1
,,,,,,147.18,2
,,,,,,Technology,2
,,,,,,147.34,1
,,,,,,Furniture,1
,,,,,,147.37,1
,,,,,,Technology,1
,,,,,,147.47,1
,,,,,,Office Supplies,1
,,,,,,147.48,1
,,,,,,Furniture,1
,,,,,,147.5,1
,,,,,,Technology,1
,,,,,,147.54,1
,,,,,,Technology,1
,,,,,,147.64,1
,,,,,,Technology,1
,,,,,,147.7,1
,,,,,,Furniture,1
,,,,,,147.84,1
,,,,,,Furniture,1
,,,,,,147.97,1
,,,,,,Furniture,1
,,,,,,148.03,1
,,,,,,Furniture,1
,,,,,,148.07,1
,,,,,,Office Supplies,1
,,,,,,148.11,1
,,,,,,Technology,1
,,,,,,148.14,2
,,,,,,Technology,2
,,,,,,148.19,3
,,,,,,Furniture,1
,,,,,,Office Supplies,1
,,,,,,Technology,1
,,,,,,148.25,1
,,,,,,Furniture,1
,,,,,,148.26,1
,,,,,,Technology,1
,,,,,,148.27,1
,,,,,,Technology,1
,,,,,,148.31,1
,,,,,,Office Supplies,1
,,,,,,148.35,1
,,,,,,Office Supplies,1
,,,,,,148.36,1
,,,,,,Furniture,1
,,,,,,148.39,1
,,,,,,Technology,1
,,,,,,148.43,1
,,,,,,Furniture,1
,,,,,,148.44,1
,,,,,,Technology,1
,,,,,,148.45,1
,,,,,,Office Supplies,1
,,,,,,148.5,1
,,,,,,Office Supplies,1
,,,,,,148.51,1
,,,,,,Technology,1
,,,,,,148.52,2
,,,,,,Furniture,2
,,,,,,148.6,1
,,,,,,Technology,1
,,,,,,148.62,1
,,,,,,Furniture,1
,,,,,,148.63,1
,,,,,,Technology,1
,,,,,,148.65,1
,,,,,,Furniture,1
,,,,,,148.68,3
,,,,,,Furniture,1
,,,,,,Office Supplies,1
,,,,,,Technology,1
,,,,,,148.73,1
,,,,,,Technology,1
,,,,,,148.75,1
,,,,,,Furniture,1
,,,,,,148.78,1
,,,,,,Furniture,1
,,,,,,148.81,1
,,,,,,Office Supplies,1
,,,,,,148.92,1
,,,,,,Technology,1
,,,,,,149.02,1
,,,,,,Office Supplies,1
,,,,,,149.07,1
,,,,,,Furniture,1
,,,,,,149.17,1
,,,,,,Technology,1
,,,,,,149.21,1
,,,,,,Technology,1
,,,,,,149.22,1
,,,,,,Office Supplies,1
,,,,,,149.3,3
,,,,,,Furniture,2
,,,,,,Technology,1
,,,,,,149.34,1
,,,,,,Furniture,1
,,,,,,149.4,1
,,,,,,Office Supplies,1
,,,,,,149.42,1
,,,,,,Technology,1
,,,,,,149.49,1
,,,,,,Office Supplies,1
,,,,,,149.54,1
,,,,,,Furniture,1
,,,,,,149.56,1
,,,,,,Furniture,1
,,,,,,149.57,1
,,,,,,Technology,1
,,,,,,149.58,1
,,,,,,Technology,1
,,,,,,149.67,1
,,,,,,Furniture,1
,,,,,,149.7,1
,,,,,,Furniture,1
,,,,,,149.85,1
,,,,,,Office Supplies,1
,,,,,,150.01,1
,,,,,,Furniture,1
,,,,,,150.03,1
,,,,,,Furniture,1
,,,,,,150.07,1
,,,,,,Technology,1
,,,,,,150.09,1
,,,,,,Furniture,1
,,,,,,150.1,1
,,,,,,Technology,1
,,,,,,150.12,1
,,,,,,Furniture,1
,,,,,,150.17,1
,,,,,,Technology,1
,,,,,,150.21,1
,,,,,,Furniture,1
,,,,,,150.23,1
,,,,,,Technology,1
,,,,,,150.29,1
,,,,,,Technology,1
,,,,,,150.3,1
,,,,,,Technology,1
,,,,,,150.35,1
,,,,,,Furniture,1
,,,,,,150.43,3
,,,,,,Furniture,2
,,,,,,Technology,1
,,,,,,150.44,1
,,,,,,Technology,1
,,,,,,150.45,1
,,,,,,Furniture,1
,,,,,,150.5,1
,,,,,,Office Supplies,1
,,,,,,150.52,2
,,,,,,Office Supplies,1
,,,,,,Technology,1
,,,,,,150.61,1
,,,,,,Furniture,1
,,,,,,150.65,1
,,,,,,Technology,1
,,,,,,150.86,1
,,,,,,Furniture,1
,,,,,,150.96,1
,,,,,,Office Supplies,1
,,,,,,150.98,1
,,,,,,Technology,1
,,,,,,151.03,1
,,,,,,Technology,1
,,,,,,151.08,2
,,,,,,Furniture,1
,,,,,,Technology,1
,,,,,,151.1,1
,,,,,,Furniture,1
,,,,,,151.11,1
,,,,,,Technology,1
,,,,,,151.14,1
,,,,,,Furniture,1
,,,,,,151.17,1
,,,,,,Furniture,1
,,,,,,151.18,1
,,,,,,Furniture,1
,,,,,,151.21,1
,,,,,,Technology,1
,,,,,,151.27,1
,,,,,,Furniture,1
,,,,,,151.3,1
,,,,,,Office Supplies,1
,,,,,,151.31,1
,,,,,,Technology,1
,,,,,,151.36,2
,,,,,,Office Supplies,1
,,,,,,Technology,1
,,,,,,151.47,1
,,,,,,Technology,1
,,,,,,151.5,1
,,,,,,Furniture,1
,,,,,,151.52,1
,,,,,,Technology,1
,,,,,,151.63,2
,,,,,,Technology,2
,,,,,,151.73,1
,,,,,,Furniture,1
,,,,,,151.75,2
,,,,,,Technology,2
,,,,,,151.79,1
,,,,,,Office Supplies,1
,,,,,,151.89,1
,,,,,,Technology,1
,,,,,,151.93,1
,,,,,,Technology,1
,,,,,,151.97,1
,,,,,,Furniture,1
,,,,,,151.99,1
,,,,,,Furniture,1
,,,,,,152.01,2
,,,,,,Furniture,1
,,,,,,Technology,1
,,,,,,152.02,1
,,,,,,Office Supplies,1
,,,,,,152.03,1
,,,,,,Technology,1
,,,,,,152.05,1
,,,,,,Furniture,1
,,,,,,152.07,1
,,,,,,Office Supplies,1
,,,,,,152.08,1
,,,,,,Furniture,1
,,,,,,152.12,1
,,,,,,Technology,1
,,,,,,152.17,1
,,,,,,Furniture,1
,,,,,,152.18,1
,,,,,,Office Supplies,1
,,,,,,152.22,1
,,,,,,Technology,1
,,,,,,152.23,1
,,,,,,Technology,1
,,,,,,152.26,1
,,,,,,Technology,1
,,,,,,152.28,1
,,,,,,Furniture,1
,,,,,,152.29,1
,,,,,,Furniture,1
,,,,,,152.36,1
,,,,,,Technology,1
,,,,,,152.4,1
,,,,,,Office Supplies,1
,,,,,,152.47,2
,,,,,,Furniture,1
,,,,,,Office Supplies,1
,,,,,,152.51,1
,,,,,,Technology,1
,,,,,,152.54,1
,,,,,,Technology,1
,,,,,,152.56,2
,,,,,,Office Supplies,1
,,,,,,Technology,1
,,,,,,152.59,1
,,,,,,Office Supplies,1
,,,,,,152.73,1
,,,,,,Office Supplies,1
,,,,,,152.81,1
,,,,,,Furniture,1
,,,,,,152.84,1
,,,,,,Furniture,1
,,,,,,152.87,1
,,,,,,Office Supplies,1
,,,,,,152.89,1
,,,,,,Technology,1
,,,,,,152.92,1
,,,,,,Furniture,1
,,,,,,152.93,2
,,,,,,Furniture,1
,,,,,,Technology,1
,,,,,,152.97,1
,,,,,,Technology,1
,,,,,,153.04,1
,,,,,,Furniture,1
,,,,,,153.14,1
,,,,,,Furniture,1
,,,,,,153.15,1
,,,,,,Technology,1
,,,,,,153.16,1
,,,,,,Office Supplies,1
,,,,,,153.21,1
,,,,,,Office Supplies,1
,,,,,,153.25,1
,,,,,,Technology,1
,,,,,,153.26,1
,,,,,,Technology,1
,,,,,,153.31,2
,,,,,,Furniture,1
,,,,,,Office Supplies,1
,,,,,,153.32,2
,,,,,,Office Supplies,2
,,,,,,153.33,1
,,,,,,Furniture,1
,,,,,,153.35,1
,,,,,,Furniture,1
,,,,,,153.37,1
,,,,,,Office Supplies,1
,,,,,,153.39,2
,,,,,,Furniture,1
,,,,,,Technology,1
,,,,,,153.41,1
,,,,,,Furniture,1
,,,,,,153.43,1
,,,,,,Office Supplies,1
,,,,,,153.49,1
,,,,,,Furniture,1
,,,,,,153.53,3
,,,,,,Furniture,2
,,,,,,Technology,1
,,,,,,153.58,2
,,,,,,Technology,2
,,,,,,153.6,1
,,,,,,Office Supplies,1
,,,,,,153.66,1
,,,,,,Technology,1
,,,,,,153.67,1
,,,,,,Office Supplies,1
,,,,,,153.73,1
,,,,,,Office Supplies,1
,,,,,,153.81,3
,,,,,,Furniture,1
,,,,,,Office Supplies,2
,,,,,,153.85,1
,,,,,,Office Supplies,1
,,,,,,153.93,1
,,,,,,Office Supplies,1
,,,,,,153.96,1
,,,,,,Technology,1
,,,,,,154.09,1
,,,,,,Furniture,1
,,,,,,154.13,1
,,,,,,Furniture,1
,,,,,,154.15,1
,,,,,,Technology,1
,,,,,,154.24,1
,,,,,,Office Supplies,1
,,,,,,154.41,1
,,,,,,Technology,1
,,,,,,154.47,1
,,,,,,Technology,1
,,,,,,154.52,1
,,,,,,Furniture,1
,,,,,,154.59,1
,,,,,,Furniture,1
,,,,,,154.61,1
,,,,,,Furniture,1
,,,,,,154.7,1
,,,,,,Technology,1
,,,,,,154.85,1
,,,,,,Furniture,1
,,,,,,154.86,1
,,,,,,Technology,1
,,,,,,154.87,2
,,,,,,Furniture,1
,,,,,,Technology,1
,,,,,,154.89,1
,,,,,,Technology,1
,,,,,,154.91,1
,,,,,,Furniture,1
,,,,,,154.94,1
,,,,,,Furniture,1
,,,,,,155.07,1
,,,,,,Furniture,1
,,,,,,155.08,1
,,,,,,Furniture,1
,,,,,,155.11,1
,,,,,,Technology,1
,,,,,,155.14,1
,,,,,,Office Supplies,1
,,,,,,155.16,1
,,,,,,Technology,1
,,,,,,155.17,1
,,,,,,Furniture,1
,,,,,,155.21,1
,,,,,,Office Supplies,1
,,,,,,155.25,1
,,,,,,Technology,1
,,,,,,155.3,1
,,,,,,Furniture,1
,,,,,,155.33,2
,,,,,,Office Supplies,1
,,,,,,Technology,1
,,,,,,155.37,1
,,,,,,Furniture,1
,,,,,,155.39,1
,,,,,,Office Supplies,1
,,,,,,155.43,1
,,,,,,Office Supplies,1
,,,,,,155.47,1
,,,,,,Technology,1
,,,,,,155.48,2
,,,,,,Office Supplies,2
,,,,,,155.59,1
,,,,,,Office Supplies,1
,,,,,,155.6,1
,,,,,,Furniture,1
,,,,,,155.62,1
,,,,,,Furniture,1
,,,,,,155.66,1
,,,,,,Furniture,1
,,,,,,155.7,1
,,,,,,Technology,1
,,,,,,155.79,1
,,,,,,Technology,1
,,,,,,155.83,1
,,,,,,Technology,1
,,,,,,155.84,1
,,,,,,Furniture,1
,,,,,,155.85,1
,,,,,,Furniture,1
,,,,,,155.86,2
,,,,,,Furniture,1
,,,,,,Technology,1
,,,,,,155.89,1
,,,,,,Technology,1
,,,,,,155.94,1
,,,,,,Furniture,1
,,,,,,155.95,1
,,,,,,Technology,1
,,,,,,155.99,1
,,,,,,Furniture,1
,,,,,,156.02,3
,,,,,,Furniture,1
,,,,,,Technology,2
,,,,,,156.1,1
,,,,,,Technology,1
,,,,,,156.15,2
,,,,,,Technology,2
,,,,,,156.18,1
,,,,,,Technology,1
,,,,,,156.19,1
,,,,,,Furniture,1
,,,,,,156.26,1
,,,,,,Technology,1
,,,,,,156.28,1
,,,,,,Office Supplies,1
,,,,,,156.29,1
,,,,,,Technology,1
,,,,,,156.32,1
,,,,,,Technology,1
,,,,,,156.33,3
,,,,,,Office Supplies,1
,,,,,,Technology,2
,,,,,,156.36,1
,,,,,,Technology,1
,,,,,,156.38,1
,,,,,,Technology,1
,,,,,,156.42,1
,,,,,,Furniture,1
,,,,,,156.44,1
,,,,,,Technology,1
,,,,,,156.45,1
,,,,,,Office Supplies,1
,,,,,,156.52,1
,,,,,,Technology,1
,,,,,,156.58,1
,,,,,,Technology,1
,,,,,,156.6,2
,,,,,,Furniture,1
,,,,,,Technology,1
,,,,,,156.63,1
,,,,,,Office Supplies,1
,,,,,,156.66,1
,,,,,,Technology,1
,,,,,,156.69,1
,,,,,,Furniture,1
,,,,,,156.72,1
,,,,,,Technology,1
,,,,,,156.73,1
,,,,,,Technology,1
,,,,,,156.86,1
,,,,,,Office Supplies,1
,,,,,,157,3
,,,,,,Furniture,3
,,,,,,157.01,2
,,,,,,Furniture,1
,,,,,,Technology,1
,,,,,,157.13,1
,,,,,,Furniture,1
,,,,,,157.23,1
,,,,,,Technology,1
,,,,,,157.24,1
,,,,,,Technology,1
,,,,,,157.29,1
,,,,,,Furniture,1
,,,,,,157.31,1
,,,,,,Technology,1
,,,,,,157.32,1
,,,,,,Office Supplies,1
,,,,,,157.37,1
,,,,,,Office Supplies,1
,,,,,,157.41,1
,,,,,,Furniture,1
,,,,,,157.47,1
,,,,,,Furniture,1
,,,,,,157.52,1
,,,,,,Technology,1
,,,,,,157.58,1
,,,,,,Furniture,1
,,,,,,157.59,1
,,,,,,Technology,1
,,,,,,157.66,1
,,,,,,Furniture,1
,,,,,,157.71,1
,,,,,,Technology,1
,,,,,,157.78,1
,,,,,,Technology,1
,,,,,,157.82,1
,,,,,,Technology,1
,,,,,,157.83,1
,,,,,,Office Supplies,1
,,,,,,157.85,1
,,,,,,Technology,1
,,,,,,157.86,1
,,,,,,Furniture,1
,,,,,,157.89,1
,,,,,,Office Supplies,1
,,,,,,157.91,2
,,,,,,Office Supplies,2
,,,,,,158.01,2
,,,,,,Furniture,1
,,,,,,Technology,1
,,,,,,158.03,1
,,,,,,Technology,1
,,,,,,158.04,1
,,,,,,Office Supplies,1
,,,,,,158.05,1
,,,,,,Furniture,1
,,,,,,158.07,1
,,,,,,Technology,1
,,,,,,158.12,2
,,,,,,Furniture,1
,,,,,,Office Supplies,1
,,,,,,158.14,1
,,,,,,Office Supplies,1
,,,,,,158.15,2
,,,,,,Furniture,1
,,,,,,Office Supplies,1
,,,,,,158.18,1
,,,,,,Office Supplies,1
,,,,,,158.19,1
,,,,,,Technology,1
,,,,,,158.24,1
,,,,,,Technology,1
,,,,,,158.26,1
,,,,,,Technology,1
,,,,,,158.27,1
,,,,,,Technology,1
,,,,,,158.3,1
,,,,,,Technology,1
,,,,,,158.33,1
,,,,,,Technology,1
,,,,,,158.35,1
,,,,,,Office Supplies,1
,,,,,,158.38,1
,,,,,,Technology,1
,,,,,,158.52,1
,,,,,,Technology,1
,,,,,,158.54,1
,,,,,,Office Supplies,1
,,,,,,158.59,1
,,,,,,Furniture,1
,,,,,,158.69,1
,,,,,,Technology,1
,,,,,,158.74,1
,,,,,,Furniture,1
,,,,,,158.75,1
,,,,,,Furniture,1
,,,,,,158.78,2
,,,,,,Office Supplies,2
,,,,,,158.84,1
,,,,,,Furniture,1
,,,,,,158.85,1
,,,,,,Technology,1
,,,,,,158.87,1
,,,,,,Furniture,1
,,,,,,158.88,1
,,,,,,Office Supplies,1
,,,,,,158.9,1
,,,,,,Furniture,1
,,,,,,158.98,1
,,,,,,Technology,1
,,,,,,159.02,1
,,,,,,Office Supplies,1
,,,,,,159.06,1
,,,,,,Technology,1
,,,,,,159.12,1
,,,,,,Technology,1
,,,,,,159.15,1
,,,,,,Technology,1
,,,,,,159.18,1
,,,,,,Technology,1
,,,,,,159.2,1
,,,,,,Technology,1
,,,,,,159.27,1
,,,,,,Furniture,1
,,,,,,159.28,1
,,,,,,Office Supplies,1
,,,,,,159.32,1
,,,,,,Furniture,1
,,,,,,159.36,1
,,,,,,Technology,1
,,,,,,159.38,1
,,,,,,Technology,1
,,,,,,159.47,1
,,,,,,Office Supplies,1
,,,,,,159.48,1
,,,,,,Technology,1
,,,,,,159.52,1
,,,,,,Technology,1
,,,,,,159.53,1
,,,,,,Furniture,1
,,,,,,159.55,1
,,,,,,Furniture,1
,,,,,,159.64,1
,,,,,,Office Supplies,1
,,,,,,159.67,2
,,,,,,Furniture,1
,,,,,,Technology,1
,,,,,,159.74,1
,,,,,,Furniture,1
,,,,,,159.75,1
,,,,,,Technology,1
,,,,,,159.78,1
,,,,,,Office Supplies,1
,,,,,,159.91,1
,,,,,,Technology,1
,,,,,,159.94,1
,,,,,,Technology,1
,,,,,,159.98,1
,,,,,,Office Supplies,1
,,,,,,159.99,1
,,,,,,Furniture,1
,,,,,,160.09,2
,,,,,,Furniture,1
,,,,,,Technology,1
,,,,,,160.1,1
,,,,,,Furniture,1
,,,,,,160.11,1
,,,,,,Furniture,1
,,,,,,160.12,1
,,,,,,Office Supplies,1
,,,,,,160.17,1
,,,,,,Furniture,1
,,,,,,160.2,1
,,,,,,Office Supplies,1
,,,,,,160.28,1
,,,,,,Office Supplies,1
,,,,,,160.31,1
,,,,,,Technology,1
,,,,,,160.34,1
,,,,,,Furniture,1
,,,,,,160.41,1
,,,,,,Office Supplies,1
,,,,,,160.44,2
,,,,,,Furniture,1
,,,,,,Technology,1
,,,,,,160.46,1
,,,,,,Technology,1
,,,,,,160.49,1
,,,,,,Technology,1
,,,,,,160.52,1
,,,,,,Technology,1
,,,,,,160.53,1
,,,,,,Technology,1
,,,,,,160.54,1
,,,,,,Furniture,1
,,,,,,160.55,1
,,,,,,Furniture,1
,,,,,,160.59,1
,,,,,,Technology,1
,,,,,,160.71,1
,,,,,,Office Supplies,1
,,,,,,160.75,1
,,,,,,Office Supplies,1
,,,,,,160.76,1
,,,,,,Furniture,1
,,,,,,160.81,1
,,,,,,Office Supplies,1
,,,,,,160.82,1
,,,,,,Technology,1
,,,,,,160.83,1
,,,,,,Technology,1
,,,,,,160.91,1
,,,,,,Office Supplies,1
,,,,,,160.93,1
,,,,,,Technology,1
,,,,,,160.99,1
,,,,,,Technology,1
,,,,,,161.01,1
,,,,,,Furniture,1
,,,,,,161.07,1
,,,,,,Office Supplies,1
,,,,,,161.08,1
,,,,,,Furniture,1
,,,,,,161.12,1
,,,,,,Technology,1
,,,,,,161.15,1
,,,,,,Technology,1
,,,,,,161.24,1
,,,,,,Technology,1
,,,,,,161.27,1
,,,,,,Furniture,1
,,,,,,161.33,1
,,,,,,Furniture,1
,,,,,,161.34,1
,,,,,,Technology,1
,,,,,,161.39,1
,,,,,,Technology,1
,,,,,,161.4,1
,,,,,,Office Supplies,1
,,,,,,161.57,1
,,,,,,Furniture,1
,,,,,,161.62,2
,,,,,,Technology,2
,,,,,,161.63,1
,,,,,,Furniture,1
,,,,,,161.65,1
,,,,,,Technology,1
,,,,,,161.71,1
,,,,,,Technology,1
,,,,,,161.76,1
,,,,,,Technology,1
,,,,,,161.92,1
,,,,,,Office Supplies,1
,,,,,,161.94,1
,,,,,,Furniture,1
,,,,,,161.98,1
,,,,,,Furniture,1
,,,,,,162,1
,,,,,,Technology,1
,,,,,,162.01,1
,,,,,,Technology,1
,,,,,,162.06,1
,,,,,,Technology,1
,,,,,,162.13,2
,,,,,,Furniture,1
,,,,,,Technology,1
,,,,,,162.17,1
,,,,,,Furniture,1
,,,,,,162.21,1
,,,,,,Furniture,1
,,,,,,162.22,1
,,,,,,Furniture,1
,,,,,,162.24,1
,,,,,,Furniture,1
,,,,,,162.29,1
,,,,,,Furniture,1
,,,,,,162.3,1
,,,,,,Technology,1
,,,,,,162.32,1
,,,,,,Office Supplies,1
,,,,,,162.45,1
,,,,,,Office Supplies,1
,,,,,,162.51,2
,,,,,,Furniture,1
,,,,,,Office Supplies,1
,,,,,,162.54,1
,,,,,,Furniture,1
,,,,,,162.59,1
,,,,,,Furniture,1
,,,,,,162.7,1
,,,,,,Office Supplies,1
,,,,,,162.74,1
,,,,,,Furniture,1
,,,,,,162.83,1
,,,,,,Furniture,1
,,,,,,162.85,1
,,,,,,Furniture,1
,,,,,,162.88,2
,,,,,,Office Supplies,1
,,,,,,Technology,1
,,,,,,162.89,2
,,,,,,Furniture,2
,,,,,,162.93,1
,,,,,,Technology,1
,,,,,,162.97,2
,,,,,,Office Supplies,1
,,,,,,Technology,1
,,,,,,162.99,1
,,,,,,Office Supplies,1
,,,,,,163.03,1
,,,,,,Technology,1
,,,,,,163.2,1
,,,,,,Technology,1
,,,,,,163.21,1
,,,,,,Furniture,1
,,,,,,163.23,1
,,,,,,Technology,1
,,,,,,163.24,3
,,,,,,Furniture,1
,,,,,,Technology,2
,,,,,,163.26,1
,,,,,,Office Supplies,1
,,,,,,163.28,1
,,,,,,Technology,1
,,,,,,163.37,3
,,,,,,Furniture,1
,,,,,,Technology,2
,,,,,,163.39,1
,,,,,,Office Supplies,1
,,,,,,163.41,1
,,,,,,Technology,1
,,,,,,163.43,1
,,,,,,Technology,1
,,,,,,163.44,1
,,,,,,Office Supplies,1
,,,,,,163.45,1
,,,,,,Furniture,1
,,,,,,163.52,1
,,,,,,Office Supplies,1
,,,,,,163.55,1
,,,,,,Technology,1
,,,,,,163.62,1
,,,,,,Office Supplies,1
,,,,,,163.67,1
,,,,,,Technology,1
,,,,,,163.68,1
,,,,,,Technology,1
,,,,,,163.69,1
,,,,,,Office Supplies,1
,,,,,,163.7,2
,,,,,,Furniture,1
,,,,,,Technology,1
,,,,,,163.72,1
,,,,,,Technology,1
,,,,,,163.73,2
,,,,,,Technology,2
,,,,,,163.81,1
,,,,,,Office Supplies,1
,,,,,,163.82,1
,,,,,,Technology,1
,,,,,,163.96,1
,,,,,,Technology,1
,,,,,,163.97,1
,,,,,,Technology,1
,,,,,,163.99,1
,,,,,,Furniture,1
,,,,,,164.04,1
,,,,,,Office Supplies,1
,,,,,,164.1,1
,,,,,,Furniture,1
,,,,,,164.11,1
,,,,,,Furniture,1
,,,,,,164.13,1
,,,,,,Technology,1
,,,,,,164.14,1
,,,,,,Furniture,1
,,,,,,164.17,1
,,,,,,Office Supplies,1
,,,,,,164.22,1
,,,,,,Furniture,1
,,,,,,164.23,1
,,,,,,Office Supplies,1
,,,,,,164.25,1
,,,,,,Furniture,1
,,,,,,164.27,1
,,,,,,Furniture,1
,,,,,,164.32,1
,,,,,,Furniture,1
,,,,,,164.43,1
,,,,,,Technology,1
,,,,,,164.44,1
,,,,,,Office Supplies,1
,,,,,,164.51,2
,,,,,,Technology,2
,,,,,,164.62,2
,,,,,,Office Supplies,1
,,,,,,Technology,1
,,,,,,164.68,1
,,,,,,Technology,1
,,,,,,164.72,1
,,,,,,Technology,1
,,,,,,164.74,1
,,,,,,Furniture,1
,,,,,,164.77,1
,,,,,,Technology,1
,,,,,,164.78,1
,,,,,,Technology,1
,,,,,,164.9,1
,,,,,,Technology,1
,,,,,,164.91,1
,,,,,,Office Supplies,1
,,,,,,164.94,1
,,,,,,Technology,1
,,,,,,164.98,1
,,,,,,Technology,1
,,,,,,165.22,1
,,,,,,Furniture,1
,,,,,,165.32,1
,,,,,,Furniture,1
,,,,,,165.35,2
,,,,,,Furniture,1
,,,,,,Office Supplies,1
,,,,,,165.36,2
,,,,,,Furniture,2
,,,,,,165.37,1
,,,,,,Technology,1
,,,,,,165.38,1
,,,,,,Technology,1
,,,,,,165.39,1
,,,,,,Furniture,1
,,,,,,165.49,1
,,,,,,Technology,1
,,,,,,165.53,1
,,,,,,Office Supplies,1
,,,,,,165.54,1
,,,,,,Technology,1
,,,,,,165.6,1
,,,,,,Office Supplies,1
,,,,,,165.61,1
,,,,,,Office Supplies,1
,,,,,,165.72,1
,,,,,,Furniture,1
,,,,,,165.73,1
,,,,,,Furniture,1
,,,,,,165.75,1
,,,,,,Office Supplies,1
,,,,,,165.81,1
,,,,,,Technology,1
,,,,,,165.84,1
,,,,,,Office Supplies,1
,,,,,,165.93,1
,,,,,,Office Supplies,1
,,,,,,165.96,1
,,,,,,Technology,1
,,,,,,165.98,1
,,,,,,Technology,1
,,,,,,166.01,1
,,,,,,Technology,1
,,,,,,166.09,1
,,,,,,Technology,1
,,,,,,166.1,1
,,,,,,Furniture,1
,,,,,,166.13,1
,,,,,,Technology,1
,,,,,,166.21,1
,,,,,,Furniture,1
,,,,,,166.22,1
,,,,,,Technology,1
,,,,,,166.54,1
,,,,,,Technology,1
,,,,,,166.58,1
,,,,,,Furniture,1
,,,,,,166.67,1
,,,,,,Furniture,1
,,,,,,166.76,2
,,,,,,Furniture,1
,,,,,,Office Supplies,1
,,,,,,166.78,1
,,,,,,Furniture,1
,,,,,,166.83,1
,,,,,,Technology,1
,,,,,,166.84,1
,,,,,,Office Supplies,1
,,,,,,166.9,1
,,,,,,Furniture,1
,,,,,,166.91,1
,,,,,,Technology,1
,,,,,,166.99,1
,,,,,,Technology,1
,,,,,,167.02,1
,,,,,,Technology,1
,,,,,,167.06,1
,,,,,,Technology,1
,,,,,,167.07,1
,,,,,,Furniture,1
,,,,,,167.08,2
,,,,,,Office Supplies,1
,,,,,,Technology,1
,,,,,,167.1,1
,,,,,,Furniture,1
,,,,,,167.13,1
,,,,,,Furniture,1
,,,,,,167.17,2
,,,,,,Furniture,1
,,,,,,Technology,1
,,,,,,167.21,1
,,,,,,Furniture,1
,,,,,,167.27,2
,,,,,,Furniture,1
,,,,,,Technology,1
,,,,,,167.37,1
,,,,,,Furniture,1
,,,,,,167.44,1
,,,,,,Technology,1
,,,,,,167.53,2
,,,,,,Technology,2
,,,,,,167.55,1
,,,,,,Technology,1
,,,,,,167.59,1
,,,,,,Furniture,1
,,,,,,167.62,1
,,,,,,Technology,1
,,,,,,167.66,1
,,,,,,Furniture,1
,,,,,,167.7,1
,,,,,,Technology,1
,,,,,,167.73,1
,,,,,,Office Supplies,1
,,,,,,167.77,1
,,,,,,Office Supplies,1
,,,,,,167.78,1
,,,,,,Furniture,1
,,,,,,167.8,2
,,,,,,Furniture,2
,,,,,,167.89,1
,,,,,,Furniture,1
,,,,,,168,1
,,,,,,Furniture,1
,,,,,,168.03,1
,,,,,,Furniture,1
,,,,,,168.13,1
,,,,,,Furniture,1
,,,,,,168.19,1
,,,,,,Technology,1
,,,,,,168.26,1
,,,,,,Furniture,1
,,,,,,168.29,1
,,,,,,Technology,1
,,,,,,168.3,1
,,,,,,Technology,1
,,,,,,168.31,1
,,,,,,Technology,1
,,,,,,168.35,1
,,,,,,Technology,1
,,,,,,168.36,1
,,,,,,Office Supplies,1
,,,,,,168.38,1
,,,,,,Office Supplies,1
,,,,,,168.49,1
,,,,,,Office Supplies,1
,,,,,,168.51,1
,,,,,,Office Supplies,1
,,,,,,168.56,1
,,,,,,Furniture,1
,,,,,,168.58,1
,,,,,,Office Supplies,1
,,,,,,168.62,1
,,,,,,Technology,1
,,,,,,168.7,1
,,,,,,Office Supplies,1
,,,,,,168.72,1
,,,,,,Furniture,1
,,,,,,168.83,1
,,,,,,Technology,1
,,,,,,168.86,1
,,,,,,Office Supplies,1
,,,,,,168.98,1
,,,,,,Technology,1
,,,,,,169,2
,,,,,,Furniture,1
,,,,,,Technology,1
,,,,,,169.03,1
,,,,,,Office Supplies,1
,,,,,,169.06,1
,,,,,,Furniture,1
,,,,,,169.14,1
,,,,,,Technology,1
,,,,,,169.19,2
,,,,,,Office Supplies,1
,,,,,,Technology,1
,,,,,,169.25,1
,,,,,,Technology,1
,,,,,,169.29,1
,,,,,,Furniture,1
,,,,,,169.32,1
,,,,,,Furniture,1
,,,,,,169.37,1
,,,,,,Office Supplies,1
,,,,,,169.4,1
,,,,,,Office Supplies,1
,,,,,,169.41,1
,,,,,,Technology,1
,,,,,,169.43,2
,,,,,,Office Supplies,1
,,,,,,Technology,1
,,,,,,169.46,1
,,,,,,Furniture,1
,,,,,,169.52,1
,,,,,,Technology,1
,,,,,,169.7,1
,,,,,,Furniture,1
,,,,,,169.83,1
,,,,,,Furniture,1
,,,,,,169.92,1
,,,,,,Office Supplies,1
,,,,,,169.93,1
,,,,,,Technology,1
,,,,,,169.94,1
,,,,,,Technology,1
,,,,,,169.95,2
,,,,,,Furniture,1
,,,,,,Office Supplies,1
,,,,,,169.97,2
,,,,,,Office Supplies,1
,,,,,,Technology,1
,,,,,,169.98,1
,,,,,,Furniture,1
,,,,,,170,1
,,,,,,Technology,1
,,,,,,170.01,1
,,,,,,Technology,1
,,,,,,170.11,1
,,,,,,Technology,1
,,,,,,170.16,2
,,,,,,Technology,2
,,,,,,170.24,1
,,,,,,Technology,1
,,,,,,170.29,1
,,,,,,Technology,1
,,,,,,170.3,1
,,,,,,Furniture,1
,,,,,,170.35,1
,,,,,,Office Supplies,1
,,,,,,170.36,1
,,,,,,Technology,1
,,,,,,170.37,1
,,,,,,Office Supplies,1
,,,,,,170.39,1
,,,,,,Furniture,1
,,,,,,170.53,2
,,,,,,Furniture,1
,,,,,,Technology,1
,,,,,,170.55,1
,,,,,,Technology,1
,,,,,,170.61,1
,,,,,,Technology,1
,,,,,,170.94,1
,,,,,,Technology,1
,,,,,,171.03,1
,,,,,,Technology,1
,,,,,,171.04,1
,,,,,,Technology,1
,,,,,,171.07,1
,,,,,,Office Supplies,1
,,,,,,171.14,1
,,,,,,Technology,1
,,,,,,171.21,1
,,,,,,Office Supplies,1
,,,,,,171.23,1
,,,,,,Technology,1
,,,,,,171.35,1
,,,,,,Technology,1
,,,,,,171.36,1
,,,,,,Technology,1
,,,,,,171.43,3
,,,,,,Furniture,1
,,,,,,Technology,2
,,,,,,171.44,1
,,,,,,Office Supplies,1
,,,,,,171.47,1
,,,,,,Technology,1
,,,,,,171.49,1
,,,,,,Office Supplies,1
,,,,,,171.52,1
,,,,,,Furniture,1
,,,,,,171.53,1
,,,,,,Office Supplies,1
,,,,,,171.62,1
,,,,,,Office Supplies,1
,,,,,,171.78,1
,,,,,,Furniture,1
,,,,,,171.79,1
,,,,,,Technology,1
,,,,,,171.8,1
,,,,,,Technology,1
,,,,,,171.89,1
,,,,,,Office Supplies,1
,,,,,,172,1
,,,,,,Furniture,1
,,,,,,172.02,1
,,,,,,Office Supplies,1
,,,,,,172.08,2
,,,,,,Furniture,1
,,,,,,Technology,1
,,,,,,172.1,1
,,,,,,Furniture,1
,,,,,,172.2,1
,,,,,,Technology,1
,,,,,,172.24,1
,,,,,,Technology,1
,,,,,,172.27,1
,,,,,,Office Supplies,1
,,,,,,172.3,1
,,,,,,Technology,1
,,,,,,172.34,1
,,,,,,Technology,1
,,,,,,172.4,1
,,,,,,Technology,1
,,,,,,172.43,1
,,,,,,Technology,1
,,,,,,172.48,1
,,,,,,Furniture,1
,,,,,,172.49,1
,,,,,,Technology,1
,,,,,,172.5,2
,,,,,,Furniture,1
,,,,,,Technology,1
,,,,,,172.52,1
,,,,,,Technology,1
,,,,,,172.53,1
,,,,,,Furniture,1
,,,,,,172.54,1
,,,,,,Technology,1
,,,,,,172.55,1
,,,,,,Office Supplies,1
,,,,,,172.56,1
,,,,,,Furniture,1
,,,,,,172.61,2
,,,,,,Office Supplies,1
,,,,,,Technology,1
,,,,,,172.67,1
,,,,,,Furniture,1
,,,,,,172.68,1
,,,,,,Office Supplies,1
,,,,,,172.69,1
,,,,,,Technology,1
,,,,,,172.7,1
,,,,,,Technology,1
,,,,,,172.71,1
,,,,,,Office Supplies,1
,,,,,,172.79,1
,,,,,,Office Supplies,1
,,,,,,172.89,2
,,,,,,Furniture,1
,,,,,,Technology,1
,,,,,,172.93,1
,,,,,,Technology,1
,,,,,,172.98,1
,,,,,,Furniture,1
,,,,,,173.02,1
,,,,,,Technology,1
,,,,,,173.05,1
,,,,,,Furniture,1
,,,,,,173.09,1
,,,,,,Office Supplies,1
,,,,,,173.24,1
,,,,,,Furniture,1
,,,,,,173.3,1
,,,,,,Furniture,1
,,,,,,173.31,1
,,,,,,Technology,1
,,,,,,173.32,1
,,,,,,Technology,1
,,,,,,173.42,2
,,,,,,Furniture,1
,,,,,,Technology,1
,,,,,,173.49,1
,,,,,,Technology,1
,,,,,,173.51,1
,,,,,,Technology,1
,,,,,,173.53,1
,,,,,,Furniture,1
,,,,,,173.54,1
,,,,,,Furniture,1
,,,,,,173.55,1
,,,,,,Technology,1
,,,,,,173.57,1
,,,,,,Technology,1
,,,,,,173.59,1
,,,,,,Office Supplies,1
,,,,,,173.62,1
,,,,,,Technology,1
,,,,,,173.64,1
,,,,,,Technology,1
,,,,,,173.7,1
,,,,,,Technology,1
,,,,,,173.74,1
,,,,,,Office Supplies,1
,,,,,,173.77,1
,,,,,,Technology,1
,,,,,,174.01,1
,,,,,,Office Supplies,1
,,,,,,174.05,1
,,,,,,Furniture,1
,,,,,,174.14,1
,,,,,,Technology,1
,,,,,,174.16,1
,,,,,,Technology,1
,,,,,,174.22,2
,,,,,,Furniture,1
,,,,,,Office Supplies,1
,,,,,,174.25,1
,,,,,,Technology,1
,,,,,,174.3,1
,,,,,,Office Supplies,1
,,,,,,174.33,1
,,,,,,Technology,1
,,,,,,174.45,1
,,,,,,Office Supplies,1
,,,,,,174.47,1
,,,,,,Office Supplies,1
,,,,,,174.57,1
,,,,,,Furniture,1
,,,,,,174.64,1
,,,,,,Furniture,1
,,,,,,174.72,1
,,,,,,Technology,1
,,,,,,174.74,1
,,,,,,Technology,1
,,,,,,174.76,1
,,,,,,Technology,1
,,,,,,174.82,1
,,,,,,Office Supplies,1
,,,,,,174.85,1
,,,,,,Office Supplies,1
,,,,,,174.97,1
,,,,,,Technology,1
,,,,,,174.98,1
,,,,,,Furniture,1
,,,,,,175,1
,,,,,,Technology,1
,,,,,,175.01,1
,,,,,,Technology,1
,,,,,,175.02,1
,,,,,,Office Supplies,1
,,,,,,175.06,2
,,,,,,Office Supplies,2
,,,,,,175.07,1
,,,,,,Furniture,1
,,,,,,175.1,1
,,,,,,Office Supplies,1
,,,,,,175.12,1
,,,,,,Technology,1
,,,,,,175.15,1
,,,,,,Technology,1
,,,,,,175.17,1
,,,,,,Office Supplies,1
,,,,,,175.29,1
,,,,,,Office Supplies,1
,,,,,,175.3,1
,,,,,,Technology,1
,,,,,,175.31,1
,,,,,,Furniture,1
,,,,,,175.32,1
,,,,,,Technology,1
,,,,,,175.38,1
,,,,,,Technology,1
,,,,,,175.41,1
,,,,,,Technology,1
,,,,,,175.45,1
,,,,,,Technology,1
,,,,,,175.52,1
,,,,,,Furniture,1
,,,,,,175.56,1
,,,,,,Furniture,1
,,,,,,175.81,1
,,,,,,Furniture,1
,,,,,,175.82,1
,,,,,,Technology,1
,,,,,,175.83,1
,,,,,,Furniture,1
,,,,,,175.84,1
,,,,,,Technology,1
,,,,,,175.85,1
,,,,,,Furniture,1
,,,,,,175.88,1
,,,,,,Office Supplies,1
,,,,,,175.92,1
,,,,,,Office Supplies,1
,,,,,,175.97,1
,,,,,,Technology,1
,,,,,,175.99,1
,,,,,,Office Supplies,1
,,,,,,176.03,1
,,,,,,Furniture,1
,,,,,,176.13,1
,,,,,,Office Supplies,1
,,,,,,176.24,2
,,,,,,Furniture,1
,,,,,,Office Supplies,1
,,,,,,176.26,2
,,,,,,Office Supplies,1
,,,,,,Technology,1
,,,,,,176.3,1
,,,,,,Furniture,1
,,,,,,176.35,1
,,,,,,Furniture,1
,,,,,,176.46,1
,,,,,,Technology,1
,,,,,,176.56,1
,,,,,,Office Supplies,1
,,,,,,176.65,1
,,,,,,Office Supplies,1
,,,,,,176.75,1
,,,,,,Technology,1
,,,,,,176.79,1
,,,,,,Furniture,1
,,,,,,176.81,2
,,,,,,Furniture,1
,,,,,,Technology,1
,,,,,,176.84,1
,,,,,,Technology,1
,,,,,,176.87,1
,,,,,,Office Supplies,1
,,,,,,176.89,1
,,,,,,Technology,1
,,,,,,176.9,1
,,,,,,Technology,1
,,,,,,177.01,1
,,,,,,Furniture,1
,,,,,,177.06,1
,,,,,,Office Supplies,1
,,,,,,177.08,1
,,,,,,Furniture,1
,,,,,,177.11,1
,,,,,,Technology,1
,,,,,,177.2,1
,,,,,,Furniture,1
,,,,,,177.23,1
,,,,,,Technology,1
,,,,,,177.24,1
,,,,,,Technology,1
,,,,,,177.26,1
,,,,,,Technology,1
,,,,,,177.4,1
,,,,,,Office Supplies,1
,,,,,,177.41,1
,,,,,,Office Supplies,1
,,,,,,177.45,1
,,,,,,Technology,1
,,,,,,177.48,3
,,,,,,Furniture,1
,,,,,,Office Supplies,2
,,,,,,177.55,1
,,,,,,Furniture,1
,,,,,,177.61,1
,,,,,,Technology,1
,,,,,,177.63,1
,,,,,,Furniture,1
,,,,,,177.67,1
,,,,,,Furniture,1
,,,,,,177.76,1
,,,,,,Technology,1
,,,,,,177.84,1
,,,,,,Office Supplies,1
,,,,,,178.01,1
,,,,,,Technology,1
,,,,,,178.06,1
,,,,,,Office Supplies,1
,,,,,,178.1,1
,,,,,,Office Supplies,1
,,,,,,178.13,1
,,,,,,Technology,1
,,,,,,178.14,1
,,,,,,Furniture,1
,,,,,,178.44,1
,,,,,,Technology,1
,,,,,,178.48,1
,,,,,,Technology,1
,,,,,,178.6,1
,,,,,,Furniture,1
,,,,,,178.72,1
,,,,,,Technology,1
,,,,,,178.79,1
,,,,,,Technology,1
,,,,,,178.81,1
,,,,,,Furniture,1
,,,,,,178.84,1
,,,,,,Furniture,1
,,,,,,178.85,1
,,,,,,Furniture,1
,,,,,,178.87,1
,,,,,,Technology,1
,,,,,,178.89,1
,,,,,,Office Supplies,1
,,,,,,178.91,1
,,,,,,Technology,1
,,,,,,179.08,1
,,,,,,Furniture,1
,,,,,,179.1,1
,,,,,,Furniture,1
,,,,,,179.11,1
,,,,,,Furniture,1
,,,,,,179.14,1
,,,,,,Furniture,1
,,,,,,179.21,1
,,,,,,Office Supplies,1
,,,,,,179.25,1
,,,,,,Furniture,1
,,,,,,179.29,1
,,,,,,Furniture,1
,,,,,,179.32,1
,,,,,,Technology,1
,,,,,,179.33,2
,,,,,,Furniture,2
,,,,,,179.35,1
,,,,,,Office Supplies,1
,,,,,,179.36,1
,,,,,,Office Supplies,1
,,,,,,179.48,1
,,,,,,Technology,1
,,,,,,179.5,1
,,,,,,Office Supplies,1
,,,,,,179.52,1
,,,,,,Furniture,1
,,,,,,179.55,1
,,,,,,Technology,1
,,,,,,179.57,1
,,,,,,Office Supplies,1
,,,,,,179.59,1
,,,,,,Furniture,1
,,,,,,179.6,1
,,,,,,Technology,1
,,,,,,179.66,1
,,,,,,Furniture,1
,,,,,,179.68,1
,,,,,,Furniture,1
,,,,,,179.85,1
,,,,,,Furniture,1
,,,,,,179.88,1
,,,,,,Furniture,1
,,,,,,179.9,1
,,,,,,Technology,1
,,,,,,179.95,2
,,,,,,Office Supplies,2
,,,,,,180,1
,,,,,,Technology,1
,,,,,,180.01,1
,,,,,,Technology,1
,,,,,,180.24,1
,,,,,,Technology,1
,,,,,,180.25,1
,,,,,,Furniture,1
,,,,,,180.3,1
,,,,,,Furniture,1
,,,,,,180.37,1
,,,,,,Furniture,1
,,,,,,180.45,1
,,,,,,Technology,1
,,,,,,180.67,1
,,,,,,Furniture,1
,,,,,,180.73,1
,,,,,,Technology,1
,,,,,,180.75,1
,,,,,,Technology,1
,,,,,,180.78,1
,,,,,,Technology,1
,,,,,,180.86,1
,,,,,,Office Supplies,1
,,,,,,180.88,1
,,,,,,Technology,1
,,,,,,180.98,2
,,,,,,Furniture,2
,,,,,,181.01,1
,,,,,,Office Supplies,1
,,,,,,181.08,1
,,,,,,Furniture,1
,,,,,,181.13,2
,,,,,,Furniture,2
,,,,,,181.22,1
,,,,,,Office Supplies,1
,,,,,,181.23,1
,,,,,,Office Supplies,1
,,,,,,181.25,1
,,,,,,Office Supplies,1
,,,,,,181.29,1
,,,,,,Office Supplies,1
,,,,,,181.38,2
,,,,,,Technology,2
,,,,,,181.43,2
,,,,,,Office Supplies,1
,,,,,,Technology,1
,,,,,,181.45,1
,,,,,,Office Supplies,1
,,,,,,181.47,1
,,,,,,Office Supplies,1
,,,,,,181.54,1
,,,,,,Technology,1
,,,,,,181.57,1
,,,,,,Office Supplies,1
,,,,,,181.59,2
,,,,,,Technology,2
,,,,,,181.63,1
,,,,,,Furniture,1
,,,,,,181.71,1
,,,,,,Furniture,1
,,,,,,181.72,1
,,,,,,Furniture,1
,,,,,,181.75,1
,,,,,,Technology,1
,,,,,,181.82,1
,,,,,,Technology,1
,,,,,,181.98,2
,,,,,,Office Supplies,1
,,,,,,Technology,1
,,,,,,182.18,1
,,,,,,Furniture,1
,,,,,,182.21,1
,,,,,,Furniture,1
,,,,,,182.28,3
,,,,,,Furniture,1
,,,,,,Technology,2
,,,,,,182.29,1
,,,,,,Office Supplies,1
,,,,,,182.32,1
,,,,,,Technology,1
,,,,,,182.36,1
,,,,,,Office Supplies,1
,,,,,,182.44,1
,,,,,,Office Supplies,1
,,,,,,182.58,1
,,,,,,Furniture,1
,,,,,,182.72,1
,,,,,,Furniture,1
,,,,,,182.82,1
,,,,,,Furniture,1
,,,,,,182.84,1
,,,,,,Technology,1
,,,,,,182.85,1
,,,,,,Office Supplies,1
,,,,,,182.89,1
,,,,,,Office Supplies,1
,,,,,,182.91,1
,,,,,,Furniture,1
,,,,,,182.95,1
,,,,,,Technology,1
,,,,,,182.96,1
,,,,,,Technology,1
,,,,,,183.07,1
,,,,,,Furniture,1
,,,,,,183.11,1
,,,,,,Technology,1
,,,,,,183.16,1
,,,,,,Office Supplies,1
,,,,,,183.23,1
,,,,,,Furniture,1
,,,,,,183.3,1
,,,,,,Office Supplies,1
,,,,,,183.35,1
,,,,,,Technology,1
,,,,,,183.4,1
,,,,,,Furniture,1
,,,,,,183.41,1
,,,,,,Furniture,1
,,,,,,183.47,1
,,,,,,Furniture,1
,,,,,,183.48,2
,,,,,,Technology,2
,,,,,,183.5,1
,,,,,,Technology,1
,,,,,,183.51,1
,,,,,,Office Supplies,1
,,,,,,183.6,1
,,,,,,Technology,1
,,,,,,183.64,1
,,,,,,Furniture,1
,,,,,,183.68,1
,,,,,,Technology,1
,,,,,,183.7,1
,,,,,,Technology,1
,,,,,,183.71,1
,,,,,,Furniture,1
,,,,,,183.83,1
,,,,,,Technology,1
,,,,,,183.87,1
,,,,,,Office Supplies,1
,,,,,,183.88,1
,,,,,,Technology,1
,,,,,,183.99,1
,,,,,,Office Supplies,1
,,,,,,184,1
,,,,,,Technology,1
,,,,,,184.17,1
,,,,,,Technology,1
,,,,,,184.21,1
,,,,,,Technology,1
,,,,,,184.22,1
,,,,,,Furniture,1
,,,,,,184.28,1
,,,,,,Technology,1
,,,,,,184.38,1
,,,,,,Furniture,1
,,,,,,184.4,1
,,,,,,Technology,1
,,,,,,184.55,1
,,,,,,Technology,1
,,,,,,184.56,1
,,,,,,Furniture,1
,,,,,,184.58,1
,,,,,,Technology,1
,,,,,,184.61,1
,,,,,,Office Supplies,1
,,,,,,184.62,1
,,,,,,Technology,1
,,,,,,184.72,1
,,,,,,Technology,1
,,,,,,184.79,1
,,,,,,Technology,1
,,,,,,184.81,1
,,,,,,Office Supplies,1
,,,,,,184.82,1
,,,,,,Office Supplies,1
,,,,,,184.89,1
,,,,,,Office Supplies,1
,,,,,,184.9,1
,,,,,,Technology,1
,,,,,,184.95,1
,,,,,,Furniture,1
,,,,,,185.04,1
,,,,,,Office Supplies,1
,,,,,,185.11,1
,,,,,,Technology,1
,,,,,,185.16,1
,,,,,,Technology,1
,,,,,,185.2,1
,,,,,,Technology,1
,,,,,,185.22,1
,,,,,,Technology,1
,,,,,,185.24,1
,,,,,,Technology,1
,,,,,,185.26,1
,,,,,,Technology,1
,,,,,,185.34,2
,,,,,,Furniture,1
,,,,,,Technology,1
,,,,,,185.48,2
,,,,,,Furniture,1
,,,,,,Office Supplies,1
,,,,,,185.49,1
,,,,,,Technology,1
,,,,,,185.52,1
,,,,,,Technology,1
,,,,,,185.59,1
,,,,,,Technology,1
,,,,,,185.62,2
,,,,,,Technology,2
,,,,,,185.67,1
,,,,,,Furniture,1
,,,,,,185.69,1
,,,,,,Office Supplies,1
,,,,,,185.72,1
,,,,,,Office Supplies,1
,,,,,,185.81,1
,,,,,,Furniture,1
,,,,,,185.84,1
,,,,,,Furniture,1
,,,,,,185.87,1
,,,,,,Furniture,1
,,,,,,185.89,2
,,,,,,Furniture,1
,,,,,,Office Supplies,1
,,,,,,185.94,1
,,,,,,Office Supplies,1
,,,,,,185.95,1
,,,,,,Technology,1
,,,,,,185.96,1
,,,,,,Office Supplies,1
,,,,,,185.98,1
,,,,,,Furniture,1
,,,,,,186.04,1
,,,,,,Technology,1
,,,,,,186.16,1
,,,,,,Furniture,1
,,,,,,186.17,1
,,,,,,Furniture,1
,,,,,,186.2,1
,,,,,,Furniture,1
,,,,,,186.22,1
,,,,,,Technology,1
,,,,,,186.38,2
,,,,,,Office Supplies,1
,,,,,,Technology,1
,,,,,,186.4,1
,,,,,,Technology,1
,,,,,,186.46,1
,,,,,,Technology,1
,,,,,,186.49,1
,,,,,,Office Supplies,1
,,,,,,186.51,1
,,,,,,Technology,1
,,,,,,186.52,1
,,,,,,Office Supplies,1
,,,,,,186.59,1
,,,,,,Technology,1
,,,,,,186.6,1
,,,,,,Technology,1
,,,,,,186.62,1
,,,,,,Furniture,1
,,,,,,186.64,1
,,,,,,Technology,1
,,,,,,186.66,1
,,,,,,Technology,1
,,,,,,186.73,1
,,,,,,Technology,1
,,,,,,186.81,1
,,,,,,Office Supplies,1
,,,,,,186.87,1
,,,,,,Technology,1
,,,,,,186.88,1
,,,,,,Office Supplies,1
,,,,,,186.94,1
,,,,,,Office Supplies,1
,,,,,,186.95,1
,,,,,,Furniture,1
,,,,,,186.98,1
,,,,,,Technology,1
,,,,,,186.99,2
,,,,,,Furniture,1
,,,,,,Technology,1
,,,,,,187,1
,,,,,,Furniture,1
,,,,,,187.01,1
,,,,,,Office Supplies,1
,,,,,,187.08,1
,,,,,,Furniture,1
,,,,,,187.1,1
,,,,,,Technology,1
,,,,,,187.14,1
,,,,,,Furniture,1
,,,,,,187.16,1
,,,,,,Office Supplies,1
,,,,,,187.17,1
,,,,,,Office Supplies,1
,,,,,,187.18,1
,,,,,,Furniture,1
,,,,,,187.19,1
,,,,,,Technology,1
,,,,,,187.21,2
,,,,,,Technology,2
,,,,,,187.26,1
,,,,,,Office Supplies,1
,,,,,,187.28,1
,,,,,,Furniture,1
,,,,,,187.31,1
,,,,,,Furniture,1
,,,,,,187.36,2
,,,,,,Technology,2
,,,,,,187.37,2
,,,,,,Office Supplies,1
,,,,,,Technology,1
,,,,,,187.49,1
,,,,,,Technology,1
,,,,,,187.51,1
,,,,,,Technology,1
,,,,,,187.52,1
,,,,,,Furniture,1
,,,,,,187.53,1
,,,,,,Furniture,1
,,,,,,187.54,1
,,,,,,Furniture,1
,,,,,,187.56,3
,,,,,,Office Supplies,1
,,,,,,Technology,2
,,,,,,187.88,1
,,,,,,Furniture,1
,,,,,,187.89,1
,,,,,,Furniture,1
,,,,,,187.97,1
,,,,,,Technology,1
,,,,,,188.03,2
,,,,,,Technology,2
,,,,,,188.04,1
,,,,,,Office Supplies,1
,,,,,,188.06,1
,,,,,,Furniture,1
,,,,,,188.19,3
,,,,,,Furniture,1
,,,,,,Office Supplies,2
,,,,,,188.2,1
,,,,,,Office Supplies,1
,,,,,,188.28,1
,,,,,,Furniture,1
,,,,,,188.3,1
,,,,,,Furniture,1
,,,,,,188.36,1
,,,,,,Technology,1
,,,,,,188.43,1
,,,,,,Furniture,1
,,,,,,188.44,1
,,,,,,Furniture,1
,,,,,,188.45,1
,,,,,,Office Supplies,1
,,,,,,188.5,1
,,,,,,Furniture,1
,,,,,,188.74,1
,,,,,,Technology,1
,,,,,,188.85,1
,,,,,,Furniture,1
,,,,,,188.97,1
,,,,,,Technology,1
,,,,,,189,1
,,,,,,Technology,1
,,,,,,189.08,1
,,,,,,Furniture,1
,,,,,,189.18,1
,,,,,,Technology,1
,,,,,,189.19,1
,,,,,,Furniture,1
,,,,,,189.22,1
,,,,,,Office Supplies,1
,,,,,,189.24,2
,,,,,,Technology,2
,,,,,,189.29,2
,,,,,,Furniture,1
,,,,,,Technology,1
,,,,,,189.34,1
,,,,,,Furniture,1
,,,,,,189.36,2
,,,,,,Office Supplies,1
,,,,,,Technology,1
,,,,,,189.39,1
,,,,,,Furniture,1
,,,,,,189.45,1
,,,,,,Technology,1
,,,,,,189.46,1
,,,,,,Technology,1
,,,,,,189.53,1
,,,,,,Office Supplies,1
,,,,,,189.57,1
,,,,,,Office Supplies,1
,,,,,,189.58,1
,,,,,,Furniture,1
,,,,,,189.61,1
,,,,,,Furniture,1
,,,,,,189.64,1
,,,,,,Technology,1
,,,,,,189.72,1
,,,,,,Office Supplies,1
,,,,,,189.74,1
,,,,,,Technology,1
,,,,,,189.92,1
,,,,,,Office Supplies,1
,,,,,,189.94,1
,,,,,,Technology,1
,,,,,,189.99,1
,,,,,,Technology,1
,,,,,,190.04,1
,,,,,,Technology,1
,,,,,,190.08,1
,,,,,,Office Supplies,1
,,,,,,190.11,1
,,,,,,Furniture,1
,,,,,,190.17,1
,,,,,,Technology,1
,,,,,,190.19,1
,,,,,,Technology,1
,,,,,,190.24,1
,,,,,,Technology,1
,,,,,,190.34,1
,,,,,,Technology,1
,,,,,,190.38,1
,,,,,,Office Supplies,1
,,,,,,190.4,2
,,,,,,Furniture,1
,,,,,,Office Supplies,1
,,,,,,190.48,1
,,,,,,Furniture,1
,,,,,,190.5,2
,,,,,,Furniture,1
,,,,,,Technology,1
,,,,,,190.54,1
,,,,,,Furniture,1
,,,,,,190.57,1
,,,,,,Technology,1
,,,,,,190.6,1
,,,,,,Furniture,1
,,,,,,190.81,1
,,,,,,Furniture,1
,,,,,,190.83,1
,,,,,,Furniture,1
,,,,,,190.87,1
,,,,,,Technology,1
,,,,,,190.89,1
,,,,,,Office Supplies,1
,,,,,,190.94,1
,,,,,,Furniture,1
,,,,,,190.95,1
,,,,,,Furniture,1
,,,,,,191.02,1
,,,,,,Furniture,1
,,,,,,191.04,1
,,,,,,Furniture,1
,,,,,,191.1,1
,,,,,,Office Supplies,1
,,,,,,191.13,2
,,,,,,Office Supplies,1
,,,,,,Technology,1
,,,,,,191.18,1
,,,,,,Technology,1
,,,,,,191.24,1
,,,,,,Technology,1
,,,,,,191.27,1
,,,,,,Office Supplies,1
,,,,,,191.34,1
,,,,,,Technology,1
,,,,,,191.39,1
,,,,,,Office Supplies,1
,,,,,,191.64,1
,,,,,,Technology,1
,,,,,,191.67,1
,,,,,,Office Supplies,1
,,,,,,191.7,1
,,,,,,Furniture,1
,,,,,,191.76,1
,,,,,,Office Supplies,1
,,,,,,191.83,1
,,,,,,Furniture,1
,,,,,,191.86,1
,,,,,,Technology,1
,,,,,,191.87,1
,,,,,,Furniture,1
,,,,,,191.91,1
,,,,,,Office Supplies,1
,,,,,,192,1
,,,,,,Technology,1
,,,,,,192.02,1
,,,,,,Furniture,1
,,,,,,192.05,1
,,,,,,Office Supplies,1
,,,,,,192.15,1
,,,,,,Technology,1
,,,,,,192.17,1
,,,,,,Technology,1
,,,,,,192.18,1
,,,,,,Technology,1
,,,,,,192.24,1
,,,,,,Technology,1
,,,,,,192.27,1
,,,,,,Furniture,1
,,,,,,192.28,1
,,,,,,Technology,1
,,,,,,192.31,1
,,,,,,Furniture,1
,,,,,,192.32,1
,,,,,,Technology,1
,,,,,,192.33,1
,,,,,,Office Supplies,1
,,,,,,192.42,1
,,,,,,Technology,1
,,,,,,192.47,1
,,,,,,Technology,1
,,,,,,192.69,1
,,,,,,Office Supplies,1
,,,,,,192.71,2
,,,,,,Furniture,1
,,,,,,Technology,1
,,,,,,192.74,1
,,,,,,Office Supplies,1
,,,,,,192.95,1
,,,,,,Furniture,1
,,,,,,192.99,1
,,,,,,Office Supplies,1
,,,,,,193.01,1
,,,,,,Technology,1
,,,,,,193.07,1
,,,,,,Technology,1
,,,,,,193.09,2
,,,,,,Office Supplies,1
,,,,,,Technology,1
,,,,,,193.23,1
,,,,,,Technology,1
,,,,,,193.24,1
,,,,,,Technology,1
,,,,,,193.26,1
,,,,,,Furniture,1
,,,,,,193.42,2
,,,,,,Furniture,2
,,,,,,193.5,1
,,,,,,Technology,1
,,,,,,193.6,1
,,,,,,Furniture,1
,,,,,,193.66,1
,,,,,,Furniture,1
,,,,,,193.68,1
,,,,,,Furniture,1
,,,,,,193.69,1
,,,,,,Technology,1
,,,,,,193.75,2
,,,,,,Office Supplies,1
,,,,,,Technology,1
,,,,,,193.78,1
,,,,,,Furniture,1
,,,,,,193.79,2
,,,,,,Furniture,2
,,,,,,193.8,1
,,,,,,Technology,1
,,,,,,193.81,1
,,,,,,Technology,1
,,,,,,193.89,1
,,,,,,Technology,1
,,,,,,193.95,1
,,,,,,Furniture,1
,,,,,,193.96,1
,,,,,,Furniture,1
,,,,,,194.02,1
,,,,,,Technology,1
,,,,,,194.13,1
,,,,,,Technology,1
,,,,,,194.29,1
,,,,,,Office Supplies,1
,,,,,,194.35,1
,,,,,,Office Supplies,1
,,,,,,194.4,1
,,,,,,Technology,1
,,,,,,194.43,1
,,,,,,Office Supplies,1
,,,,,,194.44,1
,,,,,,Technology,1
,,,,,,194.48,1
,,,,,,Furniture,1
,,,,,,194.54,1
,,,,,,Office Supplies,1
,,,,,,194.57,1
,,,,,,Technology,1
,,,,,,194.62,1
,,,,,,Furniture,1
,,,,,,194.65,1
,,,,,,Office Supplies,1
,,,,,,194.74,1
,,,,,,Office Supplies,1
,,,,,,194.81,2
,,,,,,Office Supplies,1
,,,,,,Technology,1
,,,,,,194.87,1
,,,,,,Office Supplies,1
,,,,,,194.94,1
,,,,,,Technology,1
,,,,,,195.15,1
,,,,,,Technology,1
,,,,,,195.16,1
,,,,,,Furniture,1
,,,,,,195.18,1
,,,,,,Furniture,1
,,,,,,195.28,1
,,,,,,Furniture,1
,,,,,,195.35,1
,,,,,,Technology,1
,,,,,,195.41,2
,,,,,,Technology,2
,,,,,,195.44,1
,,,,,,Office Supplies,1
,,,,,,195.48,1
,,,,,,Technology,1
,,,,,,195.56,1
,,,,,,Office Supplies,1
,,,,,,195.59,1
,,,,,,Technology,1
,,,,,,195.63,1
,,,,,,Furniture,1
,,,,,,195.64,1
,,,,,,Furniture,1
,,,,,,195.89,1
,,,,,,Furniture,1
,,,,,,195.9,1
,,,,,,Furniture,1
,,,,,,195.92,1
,,,,,,Furniture,1
,,,,,,195.93,1
,,,,,,Furniture,1
,,,,,,195.95,1
,,,,,,Technology,1
,,,,,,196.05,1
,,,,,,Technology,1
,,,,,,196.09,1
,,,,,,Furniture,1
,,,,,,196.11,1
,,,,,,Office Supplies,1
,,,,,,196.15,1
,,,,,,Office Supplies,1
,,,,,,196.17,1
,,,,,,Technology,1
,,,,,,196.19,1
,,,,,,Furniture,1
,,,,,,196.23,1
,,,,,,Technology,1
,,,,,,196.27,1
,,,,,,Furniture,1
,,,,,,196.28,1
,,,,,,Technology,1
,,,,,,196.33,1
,,,,,,Furniture,1
,,,,,,196.35,1
,,,,,,Office Supplies,1
,,,,,,196.41,1
,,,,,,Furniture,1
,,,,,,196.43,1
,,,,,,Furniture,1
,,,,,,196.46,1
,,,,,,Furniture,1
,,,,,,196.5,1
,,,,,,Technology,1
,,,,,,196.53,1
,,,,,,Technology,1
,,,,,,196.59,2
,,,,,,Office Supplies,2
,,,,,,196.74,1
,,,,,,Technology,1
,,,,,,196.75,1
,,,,,,Office Supplies,1
,,,,,,196.92,1
,,,,,,Technology,1
,,,,,,197.12,1
,,,,,,Furniture,1
,,,,,,197.31,1
,,,,,,Technology,1
,,,,,,197.32,1
,,,,,,Technology,1
,,,,,,197.34,1
,,,,,,Office Supplies,1
,,,,,,197.35,3
,,,,,,Furniture,2
,,,,,,Office Supplies,1
,,,,,,197.41,2
,,,,,,Technology,2
,,,,,,197.65,1
,,,,,,Office Supplies,1
,,,,,,197.68,1
,,,,,,Office Supplies,1
,,,,,,197.8,1
,,,,,,Technology,1
,,,,,,197.83,1
,,,,,,Furniture,1
,,,,,,197.84,1
,,,,,,Office Supplies,1
,,,,,,197.91,2
,,,,,,Office Supplies,1
,,,,,,Technology,1
,,,,,,197.97,1
,,,,,,Technology,1
,,,,,,198,1
,,,,,,Technology,1
,,,,,,198.04,1
,,,,,,Office Supplies,1
,,,,,,198.12,2
,,,,,,Technology,2
,,,,,,198.21,1
,,,,,,Technology,1
,,,,,,198.24,1
,,,,,,Furniture,1
,,,,,,198.29,1
,,,,,,Furniture,1
,,,,,,198.3,1
,,,,,,Office Supplies,1
,,,,,,198.31,1
,,,,,,Furniture,1
,,,,,,198.32,1
,,,,,,Office Supplies,1
,,,,,,198.35,1
,,,,,,Technology,1
,,,,,,198.37,1
,,,,,,Office Supplies,1
,,,,,,198.43,1
,,,,,,Furniture,1
,,,,,,198.45,1
,,,,,,Technology,1
,,,,,,198.46,1
,,,,,,Furniture,1
,,,,,,198.53,1
,,,,,,Furniture,1
,,,,,,198.73,2
,,,,,,Furniture,1
,,,,,,Technology,1
,,,,,,198.74,1
,,,,,,Furniture,1
,,,,,,198.76,1
,,,,,,Office Supplies,1
,,,,,,198.77,1
,,,,,,Technology,1
,,,,,,198.8,1
,,,,,,Technology,1
,,,,,,198.98,1
,,,,,,Office Supplies,1
,,,,,,199.01,2
,,,,,,Office Supplies,1
,,,,,,Technology,1
,,,,,,199.09,1
,,,,,,Furniture,1
,,,,,,199.11,1
,,,,,,Technology,1
,,,,,,199.14,2
,,,,,,Furniture,2
,,,,,,199.22,1
,,,,,,Furniture,1
,,,,,,199.24,1
,,,,,,Office Supplies,1
,,,,,,199.33,1
,,,,,,Office Supplies,1
,,,,,,199.37,1
,,,,,,Technology,1
,,,,,,199.39,1
,,,,,,Technology,1
,,,,,,199.4,1
,,,,,,Furniture,1
,,,,,,199.48,1
,,,,,,Office Supplies,1
,,,,,,199.49,1
,,,,,,Technology,1
,,,,,,199.55,1
,,,,,,Technology,1
,,,,,,199.58,1
,,,,,,Furniture,1
,,,,,,199.6,1
,,,,,,Technology,1
,,,,,,199.64,1
,,,,,,Office Supplies,1
,,,,,,199.66,1
,,,,,,Office Supplies,1
,,,,,,199.67,1
,,,,,,Technology,1
,,,,,,199.79,1
,,,,,,Furniture,1
,,,,,,199.84,1
,,,,,,Furniture,1
,,,,,,199.91,1
,,,,,,Office Supplies,1
,,,,,,200.07,1
,,,,,,Technology,1
,,,,,,200.12,1
,,,,,,Furniture,1
,,,,,,200.14,1
,,,,,,Technology,1
,,,,,,200.19,1
,,,,,,Furniture,1
,,,,,,200.3,1
,,,,,,Technology,1
,,,,,,200.34,1
,,,,,,Technology,1
,,,,,,200.41,1
,,,,,,Office Supplies,1
,,,,,,200.42,1
,,,,,,Office Supplies,1
,,,,,,200.54,1
,,,,,,Furniture,1
,,,,,,200.58,1
,,,,,,Technology,1
,,,,,,200.61,1
,,,,,,Furniture,1
,,,,,,200.63,1
,,,,,,Office Supplies,1
,,,,,,200.72,1
,,,,,,Office Supplies,1
,,,,,,200.74,1
,,,,,,Furniture,1
,,,,,,200.77,1
,,,,,,Technology,1
,,,,,,200.78,1
,,,,,,Technology,1
,,,,,,200.9,1
,,,,,,Technology,1
,,,,,,200.93,1
,,,,,,Furniture,1
,,,,,,200.97,1
,,,,,,Technology,1
,,,,,,200.98,1
,,,,,,Office Supplies,1
,,,,,,201.04,1
,,,,,,Technology,1
,,,,,,201.09,1
,,,,,,Technology,1
,,,,,,201.11,1
,,,,,,Technology,1
,,,,,,201.15,1
,,,,,,Technology,1
,,,,,,201.17,1
,,,,,,Office Supplies,1
,,,,,,201.18,1
,,,,,,Technology,1
,,,,,,201.19,1
,,,,,,Technology,1
,,,,,,201.2,1
,,,,,,Furniture,1
,,,,,,201.3,1
,,,,,,Technology,1
,,,,,,201.37,1
,,,,,,Office Supplies,1
,,,,,,201.41,1
,,,,,,Technology,1
,,,,,,201.63,1
,,,,,,Office Supplies,1
,,,,,,201.68,1
,,,,,,Technology,1
,,,,,,201.77,1
,,,,,,Technology,1
,,,,,,201.81,1
,,,,,,Technology,1
,,,,,,201.82,1
,,,,,,Technology,1
,,,,,,201.83,1
,,,,,,Furniture,1
,,,,,,201.9,1
,,,,,,Furniture,1
,,,,,,201.97,2
,,,,,,Furniture,1
,,,,,,Technology,1
,,,,,,202.08,1
,,,,,,Technology,1
,,,,,,202.11,1
,,,,,,Furniture,1
,,,,,,202.19,1
,,,,,,Office Supplies,1
,,,,,,202.2,1
,,,,,,Office Supplies,1
,,,,,,202.24,1
,,,,,,Furniture,1
,,,,,,202.29,1
,,,,,,Technology,1
,,,,,,202.31,1
,,,,,,Furniture,1
,,,,,,202.49,1
,,,,,,Technology,1
,,,,,,202.62,1
,,,,,,Technology,1
,,,,,,202.67,1
,,,,,,Technology,1
,,,,,,202.72,1
,,,,,,Furniture,1
,,,,,,202.82,2
,,,,,,Technology,2
,,,,,,203.02,1
,,,,,,Furniture,1
,,,,,,203.08,1
,,,,,,Technology,1
,,,,,,203.11,1
,,,,,,Technology,1
,,,,,,203.33,1
,,,,,,Furniture,1
,,,,,,203.39,1
,,,,,,Office Supplies,1
,,,,,,203.45,2
,,,,,,Office Supplies,1
,,,,,,Technology,1
,,,,,,203.71,1
,,,,,,Furniture,1
,,,,,,203.88,2
,,,,,,Office Supplies,2
,,,,,,203.91,1
,,,,,,Technology,1
,,,,,,203.94,1
,,,,,,Furniture,1
,,,,,,204.15,1
,,,,,,Technology,1
,,,,,,204.2,1
,,,,,,Furniture,1
,,,,,,204.21,1
,,,,,,Office Supplies,1
,,,,,,204.24,1
,,,,,,Technology,1
,,,,,,204.26,1
,,,,,,Technology,1
,,,,,,204.31,1
,,,,,,Office Supplies,1
,,,,,,204.4,1
,,,,,,Furniture,1
,,,,,,204.46,1
,,,,,,Furniture,1
,,,,,,204.47,1
,,,,,,Furniture,1
,,,,,,204.6,1
,,,,,,Office Supplies,1
,,,,,,204.61,1
,,,,,,Furniture,1
,,,,,,204.65,1
,,,,,,Furniture,1
,,,,,,204.71,1
,,,,,,Furniture,1
,,,,,,204.77,1
,,,,,,Office Supplies,1
,,,,,,204.88,1
,,,,,,Furniture,1
,,,,,,204.95,1
,,,,,,Furniture,1
,,,,,,204.96,1
,,,,,,Office Supplies,1
,,,,,,204.98,1
,,,,,,Technology,1
,,,,,,205.04,1
,,,,,,Office Supplies,1
,,,,,,205.12,1
,,,,,,Furniture,1
,,,,,,205.15,1
,,,,,,Office Supplies,1
,,,,,,205.19,1
,,,,,,Office Supplies,1
,,,,,,205.21,1
,,,,,,Office Supplies,1
,,,,,,205.23,1
,,,,,,Office Supplies,1
,,,,,,205.25,1
,,,,,,Furniture,1
,,,,,,205.39,1
,,,,,,Technology,1
,,,,,,205.44,1
,,,,,,Technology,1
,,,,,,205.5,1
,,,,,,Furniture,1
,,,,,,205.6,2
,,,,,,Technology,2
,,,,,,205.65,1
,,,,,,Furniture,1
,,,,,,205.93,1
,,,,,,Office Supplies,1
,,,,,,206.02,1
,,,,,,Office Supplies,1
,,,,,,206.15,1
,,,,,,Technology,1
,,,,,,206.3,1
,,,,,,Furniture,1
,,,,,,206.46,1
,,,,,,Office Supplies,1
,,,,,,206.56,1
,,,,,,Technology,1
,,,,,,206.58,1
,,,,,,Technology,1
,,,,,,206.6,1
,,,,,,Technology,1
,,,,,,206.61,1
,,,,,,Furniture,1
,,,,,,206.66,1
,,,,,,Furniture,1
,,,,,,206.73,1
,,,,,,Technology,1
,,,,,,206.78,1
,,,,,,Furniture,1
,,,,,,206.83,1
,,,,,,Office Supplies,1
,,,,,,206.91,1
,,,,,,Technology,1
,,,,,,206.92,1
,,,,,,Technology,1
,,,,,,206.95,2
,,,,,,Furniture,2
,,,,,,207.02,1
,,,,,,Furniture,1
,,,,,,207.04,1
,,,,,,Technology,1
,,,,,,207.08,1
,,,,,,Furniture,1
,,,,,,207.09,1
,,,,,,Technology,1
,,,,,,207.2,1
,,,,,,Technology,1
,,,,,,207.39,1
,,,,,,Technology,1
,,,,,,207.43,1
,,,,,,Office Supplies,1
,,,,,,207.48,1
,,,,,,Furniture,1
,,,,,,207.55,1
,,,,,,Technology,1
,,,,,,207.59,1
,,,,,,Furniture,1
,,,,,,207.63,1
,,,,,,Office Supplies,1
,,,,,,207.85,1
,,,,,,Furniture,1
,,,,,,207.92,1
,,,,,,Technology,1
,,,,,,207.95,1
,,,,,,Technology,1
,,,,,,208.23,1
,,,,,,Office Supplies,1
,,,,,,208.27,2
,,,,,,Technology,2
,,,,,,208.32,2
,,,,,,Office Supplies,1
,,,,,,Technology,1
,,,,,,208.5,1
,,,,,,Technology,1
,,,,,,208.53,1
,,,,,,Furniture,1
,,,,,,208.57,1
,,,,,,Office Supplies,1
,,,,,,208.58,1
,,,,,,Technology,1
,,,,,,208.72,1
,,,,,,Technology,1
,,,,,,208.78,1
,,,,,,Office Supplies,1
,,,,,,208.79,1
,,,,,,Furniture,1
,,,,,,208.84,1
,,,,,,Office Supplies,1
,,,,,,208.91,2
,,,,,,Office Supplies,1
,,,,,,Technology,1
,,,,,,208.92,1
,,,,,,Technology,1
,,,,,,209.17,1
,,,,,,Furniture,1
,,,,,,209.39,1
,,,,,,Technology,1
,,,,,,209.46,1
,,,,,,Technology,1
,,,,,,209.6,1
,,,,,,Furniture,1
,,,,,,209.61,1
,,,,,,Technology,1
,,,,,,209.77,1
,,,,,,Office Supplies,1
,,,,,,209.97,1
,,,,,,Office Supplies,1
,,,,,,210,1
,,,,,,Furniture,1
,,,,,,210.02,1
,,,,,,Technology,1
,,,,,,210.04,1
,,,,,,Technology,1
,,,,,,210.05,1
,,,,,,Furniture,1
,,,,,,210.06,1
,,,,,,Technology,1
,,,,,,210.08,1
,,,,,,Furniture,1
,,,,,,210.12,1
,,,,,,Technology,1
,,,,,,210.14,1
,,,,,,Office Supplies,1
,,,,,,210.18,1
,,,,,,Technology,1
,,,,,,210.23,2
,,,,,,Furniture,2
,,,,,,210.25,1
,,,,,,Furniture,1
,,,,,,210.35,1
,,,,,,Technology,1
,,,,,,210.39,1
,,,,,,Furniture,1
,,,,,,210.55,2
,,,,,,Technology,2
,,,,,,210.67,1
,,,,,,Furniture,1
,,,,,,210.69,2
,,,,,,Office Supplies,1
,,,,,,Technology,1
,,,,,,210.72,1
,,,,,,Technology,1
,,,,,,210.75,1
,,,,,,Furniture,1
,,,,,,210.93,2
,,,,,,Office Supplies,1
,,,,,,Technology,1
,,,,,,210.94,1
,,,,,,Technology,1
,,,,,,211.04,1
,,,,,,Office Supplies,1
,,,,,,211.06,1
,,,,,,Technology,1
,,,,,,211.17,1
,,,,,,Technology,1
,,,,,,211.34,1
,,,,,,Furniture,1
,,,,,,211.37,1
,,,,,,Furniture,1
,,,,,,211.46,2
,,,,,,Technology,2
,,,,,,211.51,1
,,,,,,Technology,1
,,,,,,211.53,1
,,,,,,Furniture,1
,,,,,,211.59,1
,,,,,,Technology,1
,,,,,,211.77,1
,,,,,,Furniture,1
,,,,,,211.82,1
,,,,,,Furniture,1
,,,,,,211.87,1
,,,,,,Furniture,1
,,,,,,211.92,1
,,,,,,Technology,1
,,,,,,212.02,1
,,,,,,Office Supplies,1
,,,,,,212.04,1
,,,,,,Office Supplies,1
,,,,,,212.06,1
,,,,,,Technology,1
,,,,,,212.12,1
,,,,,,Office Supplies,1
,,,,,,212.19,1
,,,,,,Technology,1
,,,,,,212.21,1
,,,,,,Furniture,1
,,,,,,212.23,1
,,,,,,Technology,1
,,,,,,212.28,1
,,,,,,Office Supplies,1
,,,,,,212.29,1
,,,,,,Technology,1
,,,,,,212.32,1
,,,,,,Technology,1
,,,,,,212.47,1
,,,,,,Furniture,1
,,,,,,212.59,1
,,,,,,Office Supplies,1
,,,,,,212.64,1
,,,,,,Furniture,1
,,,,,,212.73,1
,,,,,,Technology,1
,,,,,,212.75,1
,,,,,,Technology,1
,,,,,,212.77,1
,,,,,,Technology,1
,,,,,,212.8,2
,,,,,,Furniture,1
,,,,,,Office Supplies,1
,,,,,,212.87,1
,,,,,,Office Supplies,1
,,,,,,212.89,2
,,,,,,Technology,2
,,,,,,212.92,1
,,,,,,Technology,1
,,,,,,213,1
,,,,,,Furniture,1
,,,,,,213.05,1
,,,,,,Technology,1
,,,,,,213.17,1
,,,,,,Technology,1
,,,,,,213.49,2
,,,,,,Technology,2
,,,,,,213.51,1
,,,,,,Furniture,1
,,,,,,213.53,1
,,,,,,Furniture,1
,,,,,,213.54,1
,,,,,,Furniture,1
,,,,,,213.57,1
,,,,,,Technology,1
,,,,,,213.63,1
,,,,,,Technology,1
,,,,,,213.79,1
,,,,,,Technology,1
,,,,,,213.81,1
,,,,,,Furniture,1
,,,,,,213.94,1
,,,,,,Technology,1
,,,,,,214.09,1
,,,,,,Technology,1
,,,,,,214.15,1
,,,,,,Furniture,1
,,,,,,214.2,1
,,,,,,Furniture,1
,,,,,,214.3,1
,,,,,,Technology,1
,,,,,,214.36,1
,,,,,,Furniture,1
,,,,,,214.37,1
,,,,,,Technology,1
,,,,,,214.44,3
,,,,,,Furniture,2
,,,,,,Technology,1
,,,,,,214.45,1
,,,,,,Office Supplies,1
,,,,,,214.49,1
,,,,,,Furniture,1
,,,,,,214.64,1
,,,,,,Technology,1
,,,,,,214.66,1
,,,,,,Furniture,1
,,,,,,214.71,1
,,,,,,Technology,1
,,,,,,214.77,1
,,,,,,Furniture,1
,,,,,,214.79,1
,,,,,,Office Supplies,1
,,,,,,214.91,1
,,,,,,Office Supplies,1
,,,,,,214.93,1
,,,,,,Technology,1
,,,,,,214.94,1
,,,,,,Technology,1
,,,,,,215.13,1
,,,,,,Furniture,1
,,,,,,215.17,1
,,,,,,Technology,1
,,,,,,215.2,1
,,,,,,Technology,1
,,,,,,215.25,1
,,,,,,Furniture,1
,,,,,,215.4,1
,,,,,,Technology,1
,,,,,,215.41,1
,,,,,,Technology,1
,,,,,,215.47,1
,,,,,,Furniture,1
,,,,,,215.5,1
,,,,,,Technology,1
,,,,,,215.53,1
,,,,,,Technology,1
,,,,,,215.58,1
,,,,,,Furniture,1
,,,,,,215.66,1
,,,,,,Technology,1
,,,,,,215.77,2
,,,,,,Technology,2
,,,,,,215.81,1
,,,,,,Technology,1
,,,,,,215.97,1
,,,,,,Office Supplies,1
,,,,,,216.07,1
,,,,,,Furniture,1
,,,,,,216.14,1
,,,,,,Technology,1
,,,,,,216.2,1
,,,,,,Technology,1
,,,,,,216.21,1
,,,,,,Furniture,1
,,,,,,216.24,1
,,,,,,Office Supplies,1
,,,,,,216.31,1
,,,,,,Technology,1
,,,,,,216.36,1
,,,,,,Furniture,1
,,,,,,216.38,1
,,,,,,Furniture,1
,,,,,,216.42,1
,,,,,,Technology,1
,,,,,,216.45,1
,,,,,,Office Supplies,1
,,,,,,216.54,1
,,,,,,Office Supplies,1
,,,,,,216.61,1
,,,,,,Furniture,1
,,,,,,216.79,1
,,,,,,Office Supplies,1
,,,,,,216.95,1
,,,,,,Technology,1
,,,,,,216.97,1
,,,,,,Technology,1
,,,,,,217.02,1
,,,,,,Technology,1
,,,,,,217.08,1
,,,,,,Furniture,1
,,,,,,217.12,1
,,,,,,Office Supplies,1
,,,,,,217.14,1
,,,,,,Furniture,1
,,,,,,217.21,1
,,,,,,Furniture,1
,,,,,,217.23,1
,,,,,,Office Supplies,1
,,,,,,217.31,2
,,,,,,Furniture,1
,,,,,,Office Supplies,1
,,,,,,217.36,1
,,,,,,Office Supplies,1
,,,,,,217.42,1
,,,,,,Technology,1
,,,,,,217.46,1
,,,,,,Technology,1
,,,,,,217.74,1
,,,,,,Furniture,1
,,,,,,217.9,1
,,,,,,Furniture,1
,,,,,,217.92,1
,,,,,,Technology,1
,,,,,,218.03,1
,,,,,,Furniture,1
,,,,,,218.22,1
,,,,,,Technology,1
,,,,,,218.24,1
,,,,,,Furniture,1
,,,,,,218.25,1
,,,,,,Office Supplies,1
,,,,,,218.29,1
,,,,,,Office Supplies,1
,,,,,,218.4,1
,,,,,,Office Supplies,1
,,,,,,218.43,1
,,,,,,Furniture,1
,,,,,,218.46,1
,,,,,,Furniture,1
,,,,,,218.53,1
,,,,,,Technology,1
,,,,,,218.68,2
,,,,,,Furniture,2
,,,,,,218.77,1
,,,,,,Office Supplies,1
,,,,,,218.79,1
,,,,,,Office Supplies,1
,,,,,,218.8,1
,,,,,,Technology,1
,,,,,,218.87,1
,,,,,,Technology,1
,,,,,,218.94,1
,,,,,,Technology,1
,,,,,,219.28,1
,,,,,,Technology,1
,,,,,,219.34,1
,,,,,,Furniture,1
,,,,,,219.43,1
,,,,,,Furniture,1
,,,,,,219.44,2
,,,,,,Furniture,1
,,,,,,Technology,1
,,,,,,219.55,1
,,,,,,Technology,1
,,,,,,219.79,1
,,,,,,Technology,1
,,,,,,219.81,1
,,,,,,Furniture,1
,,,,,,219.9,1
,,,,,,Technology,1
,,,,,,220.02,1
,,,,,,Technology,1
,,,,,,220.12,1
,,,,,,Technology,1
,,,,,,220.25,1
,,,,,,Office Supplies,1
,,,,,,220.28,1
,,,,,,Office Supplies,1
,,,,,,220.29,1
,,,,,,Technology,1
,,,,,,220.34,1
,,,,,,Office Supplies,1
,,,,,,220.35,1
,,,,,,Technology,1
,,,,,,220.38,1
,,,,,,Technology,1
,,,,,,220.39,1
,,,,,,Furniture,1
,,,,,,220.46,1
,,,,,,Technology,1
,,,,,,220.47,1
,,,,,,Technology,1
,,,,,,220.64,1
,,,,,,Furniture,1
,,,,,,220.71,1
,,,,,,Technology,1
,,,,,,220.74,1
,,,,,,Technology,1
,,,,,,220.8,1
,,,,,,Technology,1
,,,,,,220.85,1
,,,,,,Furniture,1
,,,,,,220.93,1
,,,,,,Technology,1
,,,,,,220.95,1
,,,,,,Technology,1
,,,,,,221.08,1
,,,,,,Furniture,1
,,,,,,221.12,1
,,,,,,Office Supplies,1
,,,,,,221.13,1
,,,,,,Office Supplies,1
,,,,,,221.17,1
,,,,,,Furniture,1
,,,,,,221.18,1
,,,,,,Office Supplies,1
,,,,,,221.24,1
,,,,,,Technology,1
,,,,,,221.31,1
,,,,,,Furniture,1
,,,,,,221.35,2
,,,,,,Furniture,1
,,,,,,Technology,1
,,,,,,221.41,1
,,,,,,Furniture,1
,,,,,,221.45,2
,,,,,,Office Supplies,1
,,,,,,Technology,1
,,,,,,221.53,1
,,,,,,Technology,1
,,,,,,221.62,1
,,,,,,Office Supplies,1
,,,,,,221.69,1
,,,,,,Technology,1
,,,,,,221.74,1
,,,,,,Technology,1
,,,,,,221.75,1
,,,,,,Furniture,1
,,,,,,221.82,1
,,,,,,Office Supplies,1
,,,,,,221.84,1
,,,,,,Technology,1
,,,,,,221.92,1
,,,,,,Furniture,1
,,,,,,221.96,1
,,,,,,Office Supplies,1
,,,,,,222.07,1
,,,,,,Technology,1
,,,,,,222.13,1
,,,,,,Furniture,1
,,,,,,222.2,1
,,,,,,Office Supplies,1
,,,,,,222.27,1
,,,,,,Furniture,1
,,,,,,222.4,1
,,,,,,Technology,1
,,,,,,222.42,1
,,,,,,Technology,1
,,,,,,222.55,1
,,,,,,Furniture,1
,,,,,,222.61,1
,,,,,,Furniture,1
,,,,,,222.62,1
,,,,,,Furniture,1
,,,,,,222.64,1
,,,,,,Furniture,1
,,,,,,222.78,3
,,,,,,Furniture,1
,,,,,,Technology,2
,,,,,,222.8,1
,,,,,,Office Supplies,1
,,,,,,222.81,1
,,,,,,Office Supplies,1
,,,,,,222.82,1
,,,,,,Office Supplies,1
,,,,,,222.94,1
,,,,,,Office Supplies,1
,,,,,,222.99,1
,,,,,,Office Supplies,1
,,,,,,223.12,1
,,,,,,Technology,1
,,,,,,223.23,1
,,,,,,Furniture,1
,,,,,,223.26,1
,,,,,,Furniture,1
,,,,,,223.27,1
,,,,,,Technology,1
,,,,,,223.44,1
,,,,,,Technology,1
,,,,,,223.51,1
,,,,,,Office Supplies,1
,,,,,,223.52,1
,,,,,,Furniture,1
,,,,,,223.54,1
,,,,,,Technology,1
,,,,,,223.67,1
,,,,,,Furniture,1
,,,,,,223.68,1
,,,,,,Technology,1
,,,,,,223.76,1
,,,,,,Office Supplies,1
,,,,,,223.77,1
,,,,,,Office Supplies,1
,,,,,,223.81,1
,,,,,,Furniture,1
,,,,,,223.92,1
,,,,,,Technology,1
,,,,,,223.98,2
,,,,,,Office Supplies,1
,,,,,,Technology,1
,,,,,,223.99,2
,,,,,,Furniture,2
,,,,,,224.03,1
,,,,,,Technology,1
,,,,,,224.06,1
,,,,,,Furniture,1
,,,,,,224.09,1
,,,,,,Furniture,1
,,,,,,224.14,1
,,,,,,Furniture,1
,,,,,,224.17,1
,,,,,,Technology,1
,,,,,,224.19,1
,,,,,,Technology,1
,,,,,,224.2,1
,,,,,,Furniture,1
,,,,,,224.3,1
,,,,,,Technology,1
,,,,,,224.31,1
,,,,,,Technology,1
,,,,,,224.62,1
,,,,,,Technology,1
,,,,,,224.71,1
,,,,,,Technology,1
,,,,,,224.82,1
,,,,,,Technology,1
,,,,,,224.87,1
,,,,,,Technology,1
,,,,,,224.91,1
,,,,,,Technology,1
,,,,,,225.05,1
,,,,,,Furniture,1
,,,,,,225.18,1
,,,,,,Furniture,1
,,,,,,225.33,1
,,,,,,Furniture,1
,,,,,,225.44,1
,,,,,,Technology,1
,,,,,,225.49,1
,,,,,,Furniture,1
,,,,,,225.51,1
,,,,,,Technology,1
,,,,,,225.53,1
,,,,,,Technology,1
,,,,,,225.63,1
,,,,,,Furniture,1
,,,,,,225.64,1
,,,,,,Furniture,1
,,,,,,225.72,1
,,,,,,Technology,1
,,,,,,225.86,1
,,,,,,Technology,1
,,,,,,226.26,1
,,,,,,Technology,1
,,,,,,226.3,1
,,,,,,Technology,1
,,,,,,226.34,1
,,,,,,Technology,1
,,,,,,226.47,1
,,,,,,Technology,1
,,,,,,226.5,1
,,,,,,Technology,1
,,,,,,226.67,2
,,,,,,Technology,2
,,,,,,226.72,2
,,,,,,Furniture,1
,,,,,,Office Supplies,1
,,,,,,226.76,2
,,,,,,Office Supplies,1
,,,,,,Technology,1
,,,,,,226.78,1
,,,,,,Furniture,1
,,,,,,226.9,1
,,,,,,Technology,1
,,,,,,226.92,1
,,,,,,Technology,1
,,,,,,227.03,1
,,,,,,Furniture,1
,,,,,,227.09,1
,,,,,,Technology,1
,,,,,,227.12,1
,,,,,,Technology,1
,,,,,,227.25,1
,,,,,,Office Supplies,1
,,,,,,227.28,1
,,,,,,Technology,1
,,,,,,227.31,1
,,,,,,Office Supplies,1
,,,,,,227.36,1
,,,,,,Furniture,1
,,,,,,227.4,1
,,,,,,Furniture,1
,,,,,,227.52,1
,,,,,,Technology,1
,,,,,,227.61,1
,,,,,,Furniture,1
,,,,,,227.62,1
,,,,,,Technology,1
,,,,,,227.64,1
,,,,,,Technology,1
,,,,,,227.65,2
,,,,,,Furniture,1
,,,,,,Office Supplies,1
,,,,,,227.66,1
,,,,,,Technology,1
,,,,,,227.68,1
,,,,,,Technology,1
,,,,,,227.7,1
,,,,,,Technology,1
,,,,,,227.76,1
,,,,,,Furniture,1
,,,,,,227.88,1
,,,,,,Technology,1
,,,,,,227.93,1
,,,,,,Technology,1
,,,,,,227.97,1
,,,,,,Technology,1
,,,,,,228.11,1
,,,,,,Furniture,1
,,,,,,228.33,1
,,,,,,Technology,1
,,,,,,228.61,1
,,,,,,Office Supplies,1
,,,,,,228.64,1
,,,,,,Technology,1
,,,,,,228.73,1
,,,,,,Furniture,1
,,,,,,228.76,1
,,,,,,Technology,1
,,,,,,228.77,1
,,,,,,Technology,1
,,,,,,228.78,1
,,,,,,Technology,1
,,,,,,228.87,1
,,,,,,Technology,1
,,,,,,228.9,1
,,,,,,Furniture,1
,,,,,,228.96,1
,,,,,,Office Supplies,1
,,,,,,229,1
,,,,,,Furniture,1
,,,,,,229.01,1
,,,,,,Technology,1
,,,,,,229.14,1
,,,,,,Technology,1
,,,,,,229.18,1
,,,,,,Furniture,1
,,,,,,229.4,1
,,,,,,Office Supplies,1
,,,,,,229.42,1
,,,,,,Technology,1
,,,,,,229.43,1
,,,,,,Technology,1
,,,,,,229.51,1
,,,,,,Technology,1
,,,,,,229.52,1
,,,,,,Furniture,1
,,,,,,229.65,1
,,,,,,Technology,1
,,,,,,229.67,1
,,,,,,Technology,1
,,,,,,229.72,1
,,,,,,Furniture,1
,,,,,,229.74,1
,,,,,,Furniture,1
,,,,,,229.76,1
,,,,,,Technology,1
,,,,,,229.78,1
,,,,,,Technology,1
,,,,,,229.79,1
,,,,,,Technology,1
,,,,,,229.81,1
,,,,,,Technology,1
,,,,,,229.84,1
,,,,,,Office Supplies,1
,,,,,,229.87,1
,,,,,,Technology,1
,,,,,,229.88,1
,,,,,,Technology,1
,,,,,,229.91,1
,,,,,,Furniture,1
,,,,,,229.94,1
,,,,,,Furniture,1
,,,,,,229.98,1
,,,,,,Technology,1
,,,,,,230.01,2
,,,,,,Office Supplies,2
,,,,,,230.16,1
,,,,,,Technology,1
,,,,,,230.22,1
,,,,,,Technology,1
,,,,,,230.35,1
,,,,,,Technology,1
,,,,,,230.5,1
,,,,,,Technology,1
,,,,,,230.63,1
,,,,,,Office Supplies,1
,,,,,,230.66,1
,,,,,,Technology,1
,,,,,,230.68,1
,,,,,,Technology,1
,,,,,,230.75,1
,,,,,,Furniture,1
,,,,,,230.85,1
,,,,,,Furniture,1
,,,,,,230.86,1
,,,,,,Technology,1
,,,,,,230.88,1
,,,,,,Office Supplies,1
,,,,,,230.89,1
,,,,,,Technology,1
,,,,,,230.94,1
,,,,,,Office Supplies,1
,,,,,,231.09,1
,,,,,,Office Supplies,1
,,,,,,231.18,1
,,,,,,Furniture,1
,,,,,,231.26,1
,,,,,,Technology,1
,,,,,,231.35,1
,,,,,,Furniture,1
,,,,,,231.36,1
,,,,,,Furniture,1
,,,,,,231.37,2
,,,,,,Furniture,2
,,,,,,231.52,2
,,,,,,Technology,2
,,,,,,231.53,1
,,,,,,Furniture,1
,,,,,,231.62,1
,,,,,,Technology,1
,,,,,,231.67,2
,,,,,,Office Supplies,1
,,,,,,Technology,1
,,,,,,231.7,1
,,,,,,Furniture,1
,,,,,,231.75,1
,,,,,,Furniture,1
,,,,,,231.77,1
,,,,,,Office Supplies,1
,,,,,,231.87,1
,,,,,,Technology,1
,,,,,,231.98,1
,,,,,,Technology,1
,,,,,,232.06,1
,,,,,,Technology,1
,,,,,,232.16,2
,,,,,,Office Supplies,1
,,,,,,Technology,1
,,,,,,232.17,1
,,,,,,Technology,1
,,,,,,232.18,1
,,,,,,Furniture,1
,,,,,,232.26,2
,,,,,,Technology,2
,,,,,,232.31,1
,,,,,,Furniture,1
,,,,,,232.36,1
,,,,,,Office Supplies,1
,,,,,,232.39,1
,,,,,,Technology,1
,,,,,,232.42,1
,,,,,,Office Supplies,1
,,,,,,232.53,1
,,,,,,Technology,1
,,,,,,232.71,1
,,,,,,Office Supplies,1
,,,,,,232.74,1
,,,,,,Technology,1
,,,,,,232.81,2
,,,,,,Furniture,1
,,,,,,Technology,1
,,,,,,232.85,1
,,,,,,Furniture,1
,,,,,,232.99,1
,,,,,,Furniture,1
,,,,,,233.02,1
,,,,,,Technology,1
,,,,,,233.1,1
,,,,,,Office Supplies,1
,,,,,,233.11,1
,,,,,,Furniture,1
,,,,,,233.32,2
,,,,,,Technology,2
,,,,,,233.46,1
,,,,,,Technology,1
,,,,,,233.59,1
,,,,,,Office Supplies,1
,,,,,,233.66,1
,,,,,,Furniture,1
,,,,,,233.7,1
,,,,,,Technology,1
,,,,,,233.97,1
,,,,,,Technology,1
,,,,,,233.98,1
,,,,,,Office Supplies,1
,,,,,,234.25,1
,,,,,,Furniture,1
,,,,,,234.29,1
,,,,,,Technology,1
,,,,,,234.3,1
,,,,,,Furniture,1
,,,,,,234.35,1
,,,,,,Technology,1
,,,,,,234.45,1
,,,,,,Technology,1
,,,,,,234.46,1
,,,,,,Technology,1
,,,,,,234.53,1
,,,,,,Office Supplies,1
,,,,,,234.58,1
,,,,,,Office Supplies,1
,,,,,,234.59,1
,,,,,,Technology,1
,,,,,,234.6,1
,,,,,,Furniture,1
,,,,,,234.64,1
,,,,,,Technology,1
,,,,,,234.68,1
,,,,,,Office Supplies,1
,,,,,,234.69,1
,,,,,,Technology,1
,,,,,,234.94,1
,,,,,,Technology,1
,,,,,,235.14,1
,,,,,,Technology,1
,,,,,,235.28,1
,,,,,,Technology,1
,,,,,,235.3,1
,,,,,,Office Supplies,1
,,,,,,235.36,1
,,,,,,Furniture,1
,,,,,,235.47,1
,,,,,,Technology,1
,,,,,,235.5,1
,,,,,,Technology,1
,,,,,,235.78,1
,,,,,,Furniture,1
,,,,,,235.82,1
,,,,,,Technology,1
,,,,,,235.93,1
,,,,,,Technology,1
,,,,,,236.04,1
,,,,,,Furniture,1
,,,,,,236.07,1
,,,,,,Furniture,1
,,,,,,236.22,1
,,,,,,Technology,1
,,,,,,236.23,1
,,,,,,Furniture,1
,,,,,,236.29,1
,,,,,,Office Supplies,1
,,,,,,236.38,1
,,,,,,Technology,1
,,,,,,236.52,1
,,,,,,Technology,1
,,,,,,236.67,1
,,,,,,Office Supplies,1
,,,,,,236.7,1
,,,,,,Technology,1
,,,,,,236.82,1
,,,,,,Furniture,1
,,,,,,236.85,1
,,,,,,Technology,1
,,,,,,236.86,1
,,,,,,Technology,1
,,,,,,237.08,1
,,,,,,Technology,1
,,,,,,237.18,1
,,,,,,Furniture,1
,,,,,,237.31,1
,,,,,,Furniture,1
,,,,,,237.33,1
,,,,,,Technology,1
,,,,,,237.35,1
,,,,,,Technology,1
,,,,,,237.4,1
,,,,,,Furniture,1
,,,,,,237.45,1
,,,,,,Furniture,1
,,,,,,237.56,1
,,,,,,Office Supplies,1
,,,,,,237.74,1
,,,,,,Furniture,1
,,,,,,237.76,2
,,,,,,Furniture,1
,,,,,,Technology,1
,,,,,,237.78,1
,,,,,,Furniture,1
,,,,,,237.98,1
,,,,,,Furniture,1
,,,,,,237.99,1
,,,,,,Technology,1
,,,,,,238,1
,,,,,,Technology,1
,,,,,,238.08,1
,,,,,,Furniture,1
,,,,,,238.12,1
,,,,,,Technology,1
,,,,,,238.25,1
,,,,,,Technology,1
,,,,,,238.29,1
,,,,,,Furniture,1
,,,,,,238.33,2
,,,,,,Technology,2
,,,,,,238.34,1
,,,,,,Technology,1
,,,,,,238.37,1
,,,,,,Technology,1
,,,,,,238.38,1
,,,,,,Office Supplies,1
,,,,,,238.44,1
,,,,,,Technology,1
,,,,,,238.54,1
,,,,,,Furniture,1
,,,,,,238.67,1
,,,,,,Technology,1
,,,,,,238.72,1
,,,,,,Office Supplies,1
,,,,,,238.9,1
,,,,,,Technology,1
,,,,,,238.92,1
,,,,,,Office Supplies,1
,,,,,,238.96,1
,,,,,,Technology,1
,,,,,,239.08,1
,,,,,,Technology,1
,,,,,,239.31,1
,,,,,,Technology,1
,,,,,,239.38,1
,,,,,,Furniture,1
,,,,,,239.46,1
,,,,,,Technology,1
,,,,,,239.57,1
,,,,,,Technology,1
,,,,,,239.66,1
,,,,,,Furniture,1
,,,,,,239.7,1
,,,,,,Technology,1
,,,,,,239.9,1
,,,,,,Office Supplies,1
,,,,,,239.94,1
,,,,,,Office Supplies,1
,,,,,,240.11,1
,,,,,,Furniture,1
,,,,,,240.17,1
,,,,,,Furniture,1
,,,,,,240.26,1
,,,,,,Furniture,1
,,,,,,240.3,1
,,,,,,Technology,1
,,,,,,240.51,1
,,,,,,Technology,1
,,,,,,240.62,1
,,,,,,Office Supplies,1
,,,,,,240.66,1
,,,,,,Furniture,1
,,,,,,240.74,1
,,,,,,Technology,1
,,,,,,240.94,1
,,,,,,Furniture,1
,,,,,,241.46,2
,,,,,,Technology,2
,,,,,,241.5,1
,,,,,,Office Supplies,1
,,,,,,241.59,1
,,,,,,Technology,1
,,,,,,241.63,1
,,,,,,Furniture,1
,,,,,,241.65,1
,,,,,,Technology,1
,,,,,,241.73,1
,,,,,,Furniture,1
,,,,,,241.88,1
,,,,,,Technology,1
,,,,,,241.99,1
,,,,,,Furniture,1
,,,,,,242,1
,,,,,,Furniture,1
,,,,,,242.02,1
,,,,,,Technology,1
,,,,,,242.12,1
,,,,,,Furniture,1
,,,,,,242.14,1
,,,,,,Technology,1
,,,,,,242.22,1
,,,,,,Office Supplies,1
,,,,,,242.3,1
,,,,,,Technology,1
,,,,,,242.32,1
,,,,,,Furniture,1
,,,,,,242.52,1
,,,,,,Technology,1
,,,,,,242.53,1
,,,,,,Technology,1
,,,,,,242.56,1
,,,,,,Furniture,1
,,,,,,242.74,1
,,,,,,Furniture,1
,,,,,,242.75,1
,,,,,,Technology,1
,,,,,,242.88,2
,,,,,,Furniture,1
,,,,,,Technology,1
,,,,,,242.89,2
,,,,,,Office Supplies,1
,,,,,,Technology,1
,,,,,,242.94,1
,,,,,,Office Supplies,1
,,,,,,242.95,1
,,,,,,Furniture,1
,,,,,,242.98,1
,,,,,,Technology,1
,,,,,,243,1
,,,,,,Furniture,1
,,,,,,243.01,1
,,,,,,Furniture,1
,,,,,,243.09,1
,,,,,,Technology,1
,,,,,,243.12,1
,,,,,,Furniture,1
,,,,,,243.4,1
,,,,,,Technology,1
,,,,,,243.45,1
,,,,,,Technology,1
,,,,,,243.47,1
,,,,,,Technology,1
,,,,,,243.49,1
,,,,,,Furniture,1
,,,,,,243.5,1
,,,,,,Technology,1
,,,,,,243.51,1
,,,,,,Technology,1
,,,,,,243.58,1
,,,,,,Technology,1
,,,,,,243.62,1
,,,,,,Technology,1
,,,,,,243.64,1
,,,,,,Technology,1
,,,,,,243.72,1
,,,,,,Technology,1
,,,,,,243.74,1
,,,,,,Office Supplies,1
,,,,,,243.84,1
,,,,,,Office Supplies,1
,,,,,,243.94,1
,,,,,,Technology,1
,,,,,,243.95,1
,,,,,,Technology,1
,,,,,,244.21,1
,,,,,,Office Supplies,1
,,,,,,244.33,1
,,,,,,Technology,1
,,,,,,244.34,1
,,,,,,Technology,1
,,,,,,244.36,2
,,,,,,Technology,2
,,,,,,244.44,1
,,,,,,Technology,1
,,,,,,244.49,1
,,,,,,Technology,1
,,,,,,244.59,1
,,,,,,Technology,1
,,,,,,244.69,1
,,,,,,Technology,1
,,,,,,244.7,1
,,,,,,Technology,1
,,,,,,244.74,1
,,,,,,Technology,1
,,,,,,244.76,2
,,,,,,Technology,2
,,,,,,244.77,1
,,,,,,Office Supplies,1
,,,,,,244.96,1
,,,,,,Technology,1
,,,,,,245.04,1
,,,,,,Furniture,1
,,,,,,245.08,1
,,,,,,Technology,1
,,,,,,245.13,1
,,,,,,Technology,1
,,,,,,245.14,1
,,,,,,Technology,1
,,,,,,245.15,1
,,,,,,Technology,1
,,,,,,245.22,1
,,,,,,Technology,1
,,,,,,245.3,1
,,,,,,Technology,1
,,,,,,245.31,1
,,,,,,Technology,1
,,,,,,245.4,1
,,,,,,Technology,1
,,,,,,245.45,1
,,,,,,Office Supplies,1
,,,,,,245.46,1
,,,,,,Furniture,1
,,,,,,245.51,1
,,,,,,Office Supplies,1
,,,,,,245.89,1
,,,,,,Technology,1
,,,,,,245.96,1
,,,,,,Technology,1
,,,,,,246,2
,,,,,,Furniture,1
,,,,,,Technology,1
,,,,,,246.09,1
,,,,,,Furniture,1
,,,,,,246.18,1
,,,,,,Technology,1
,,,,,,246.45,1
,,,,,,Furniture,1
,,,,,,246.78,1
,,,,,,Furniture,1
,,,,,,246.84,1
,,,,,,Technology,1
,,,,,,246.85,2
,,,,,,Office Supplies,2
,,,,,,247.03,1
,,,,,,Technology,1
,,,,,,247.29,1
,,,,,,Technology,1
,,,,,,247.37,1
,,,,,,Technology,1
,,,,,,247.45,1
,,,,,,Technology,1
,,,,,,247.54,1
,,,,,,Furniture,1
,,,,,,247.56,1
,,,,,,Furniture,1
,,,,,,247.6,1
,,,,,,Technology,1
,,,,,,247.76,1
,,,,,,Technology,1
,,,,,,247.89,1
,,,,,,Office Supplies,1
,,,,,,247.9,1
,,,,,,Furniture,1
,,,,,,248,1
,,,,,,Furniture,1
,,,,,,248.08,1
,,,,,,Office Supplies,1
,,,,,,248.12,1
,,,,,,Technology,1
,,,,,,248.28,1
,,,,,,Furniture,1
,,,,,,248.3,1
,,,,,,Furniture,1
,,,,,,248.33,1
,,,,,,Technology,1
,,,,,,248.34,1
,,,,,,Technology,1
,,,,,,248.74,1
,,,,,,Furniture,1
,,,,,,248.84,1
,,,,,,Technology,1
,,,,,,248.97,1
,,,,,,Technology,1
,,,,,,248.98,1
,,,,,,Furniture,1
,,,,,,249.09,1
,,,,,,Furniture,1
,,,,,,249.15,1
,,,,,,Technology,1
,,,,,,249.26,1
,,,,,,Furniture,1
,,,,,,249.33,1
,,,,,,Furniture,1
,,,,,,249.41,1
,,,,,,Office Supplies,1
,,,,,,249.53,1
,,,,,,Office Supplies,1
,,,,,,249.58,1
,,,,,,Furniture,1
,,,,,,249.7,1
,,,,,,Technology,1
,,,,,,249.8,1
,,,,,,Office Supplies,1
,,,,,,249.86,1
,,,,,,Technology,1
,,,,,,249.91,1
,,,,,,Furniture,1
,,,,,,249.93,1
,,,,,,Technology,1
,,,,,,250.22,1
,,,,,,Furniture,1
,,,,,,250.28,1
,,,,,,Furniture,1
,,,,,,250.42,1
,,,,,,Technology,1
,,,,,,250.5,2
,,,,,,Furniture,1
,,,,,,Technology,1
,,,,,,250.58,1
,,,,,,Furniture,1
,,,,,,250.77,1
,,,,,,Technology,1
,,,,,,250.9,1
,,,,,,Technology,1
,,,,,,251.04,1
,,,,,,Technology,1
,,,,,,251.18,1
,,,,,,Technology,1
,,,,,,251.22,2
,,,,,,Office Supplies,1
,,,,,,Technology,1
,,,,,,251.27,1
,,,,,,Furniture,1
,,,,,,251.29,1
,,,,,,Technology,1
,,,,,,251.37,1
,,,,,,Office Supplies,1
,,,,,,251.39,1
,,,,,,Technology,1
,,,,,,251.43,1
,,,,,,Office Supplies,1
,,,,,,251.57,1
,,,,,,Technology,1
,,,,,,251.62,1
,,,,,,Office Supplies,1
,,,,,,251.69,1
,,,,,,Technology,1
,,,,,,251.71,1
,,,,,,Technology,1
,,,,,,251.76,1
,,,,,,Technology,1
,,,,,,251.85,1
,,,,,,Office Supplies,1
,,,,,,251.92,1
,,,,,,Technology,1
,,,,,,251.94,1
,,,,,,Furniture,1
,,,,,,252.14,2
,,,,,,Furniture,1
,,,,,,Technology,1
,,,,,,252.27,1
,,,,,,Office Supplies,1
,,,,,,252.34,1
,,,,,,Furniture,1
,,,,,,252.41,1
,,,,,,Technology,1
,,,,,,252.42,1
,,,,,,Office Supplies,1
,,,,,,252.51,1
,,,,,,Technology,1
,,,,,,252.52,1
,,,,,,Office Supplies,1
,,,,,,252.58,1
,,,,,,Office Supplies,1
,,,,,,252.62,1
,,,,,,Technology,1
,,,,,,252.65,1
,,,,,,Technology,1
,,,,,,252.76,1
,,,,,,Furniture,1
,,,,,,252.97,1
,,,,,,Technology,1
,,,,,,253.04,1
,,,,,,Furniture,1
,,,,,,253.07,1
,,,,,,Furniture,1
,,,,,,253.15,1
,,,,,,Office Supplies,1
,,,,,,253.19,1
,,,,,,Furniture,1
,,,,,,253.2,1
,,,,,,Technology,1
,,,,,,253.35,1
,,,,,,Furniture,1
,,,,,,253.57,1
,,,,,,Technology,1
,,,,,,253.58,1
,,,,,,Technology,1
,,,,,,253.6,1
,,,,,,Furniture,1
,,,,,,253.64,1
,,,,,,Technology,1
,,,,,,253.65,1
,,,,,,Technology,1
,,,,,,253.69,1
,,,,,,Furniture,1
,,,,,,253.7,1
,,,,,,Technology,1
,,,,,,253.72,1
,,,,,,Technology,1
,,,,,,253.75,1
,,,,,,Furniture,1
,,,,,,253.77,1
,,,,,,Technology,1
,,,,,,253.8,1
,,,,,,Furniture,1
,,,,,,253.86,2
,,,,,,Furniture,1
,,,,,,Technology,1
,,,,,,253.93,1
,,,,,,Furniture,1
,,,,,,253.94,1
,,,,,,Office Supplies,1
,,,,,,254.27,1
,,,,,,Office Supplies,1
,,,,,,254.34,1
,,,,,,Furniture,1
,,,,,,254.67,1
,,,,,,Furniture,1
,,,,,,254.73,1
,,,,,,Office Supplies,1
,,,,,,254.78,1
,,,,,,Technology,1
,,,,,,254.85,1
,,,,,,Technology,1
,,,,,,254.87,1
,,,,,,Technology,1
,,,,,,254.88,1
,,,,,,Office Supplies,1
,,,,,,254.92,1
,,,,,,Office Supplies,1
,,,,,,255.01,2
,,,,,,Office Supplies,1
,,,,,,Technology,1
,,,,,,255.07,1
,,,,,,Furniture,1
,,,,,,255.24,1
,,,,,,Technology,1
,,,,,,255.31,1
,,,,,,Furniture,1
,,,,,,255.53,1
,,,,,,Technology,1
,,,,,,255.61,1
,,,,,,Technology,1
,,,,,,255.72,1
,,,,,,Technology,1
,,,,,,255.78,1
,,,,,,Furniture,1
,,,,,,255.88,1
,,,,,,Technology,1
,,,,,,255.89,1
,,,,,,Furniture,1
,,,,,,255.92,1
,,,,,,Technology,1
,,,,,,255.99,1
,,,,,,Technology,1
,,,,,,256.06,1
,,,,,,Furniture,1
,,,,,,256.16,1
,,,,,,Office Supplies,1
,,,,,,256.44,1
,,,,,,Office Supplies,1
,,,,,,256.47,1
,,,,,,Furniture,1
,,,,,,256.78,1
,,,,,,Office Supplies,1
,,,,,,257.18,1
,,,,,,Office Supplies,1
,,,,,,257.25,1
,,,,,,Furniture,1
,,,,,,257.27,1
,,,,,,Furniture,1
,,,,,,257.3,1
,,,,,,Technology,1
,,,,,,257.32,1
,,,,,,Technology,1
,,,,,,257.44,1
,,,,,,Technology,1
,,,,,,257.64,1
,,,,,,Furniture,1
,,,,,,257.78,2
,,,,,,Office Supplies,1
,,,,,,Technology,1
,,,,,,257.79,1
,,,,,,Technology,1
,,,,,,257.84,1
,,,,,,Technology,1
,,,,,,257.99,1
,,,,,,Furniture,1
,,,,,,258.05,1
,,,,,,Technology,1
,,,,,,258.22,1
,,,,,,Furniture,1
,,,,,,258.44,1
,,,,,,Office Supplies,1
,,,,,,258.61,1
,,,,,,Office Supplies,1
,,,,,,258.74,1
,,,,,,Technology,1
,,,,,,258.79,1
,,,,,,Technology,1
,,,,,,259.06,1
,,,,,,Technology,1
,,,,,,259.29,1
,,,,,,Technology,1
,,,,,,259.31,1
,,,,,,Technology,1
,,,,,,259.46,1
,,,,,,Technology,1
,,,,,,259.56,1
,,,,,,Furniture,1
,,,,,,259.62,1
,,,,,,Furniture,1
,,,,,,259.69,2
,,,,,,Furniture,1
,,,,,,Technology,1
,,,,,,259.77,1
,,,,,,Furniture,1
,,,,,,259.94,2
,,,,,,Technology,2
,,,,,,260.2,1
,,,,,,Furniture,1
,,,,,,260.21,1
,,,,,,Technology,1
,,,,,,260.22,1
,,,,,,Furniture,1
,,,,,,260.42,1
,,,,,,Technology,1
,,,,,,260.44,1
,,,,,,Technology,1
,,,,,,260.48,1
,,,,,,Furniture,1
,,,,,,260.62,1
,,,,,,Technology,1
,,,,,,260.76,1
,,,,,,Furniture,1
,,,,,,260.87,1
,,,,,,Technology,1
,,,,,,261,1
,,,,,,Technology,1
,,,,,,261.14,1
,,,,,,Technology,1
,,,,,,261.3,1
,,,,,,Technology,1
,,,,,,261.58,1
,,,,,,Furniture,1
,,,,,,261.61,1
,,,,,,Technology,1
,,,,,,261.66,1
,,,,,,Office Supplies,1
,,,,,,261.68,1
,,,,,,Technology,1
,,,,,,261.69,1
,,,,,,Technology,1
,,,,,,261.71,1
,,,,,,Furniture,1
,,,,,,261.79,1
,,,,,,Technology,1
,,,,,,261.82,1
,,,,,,Furniture,1
,,,,,,261.84,1
,,,,,,Office Supplies,1
,,,,,,261.88,1
,,,,,,Technology,1
,,,,,,262.06,1
,,,,,,Furniture,1
,,,,,,262.28,1
,,,,,,Technology,1
,,,,,,262.36,2
,,,,,,Furniture,2
,,,,,,262.62,1
,,,,,,Furniture,1
,,,,,,262.76,1
,,,,,,Technology,1
,,,,,,263,1
,,,,,,Office Supplies,1
,,,,,,263.23,1
,,,,,,Technology,1
,,,,,,263.41,1
,,,,,,Technology,1
,,,,,,263.51,1
,,,,,,Technology,1
,,,,,,263.58,1
,,,,,,Furniture,1
,,,,,,263.63,1
,,,,,,Furniture,1
,,,,,,263.75,1
,,,,,,Furniture,1
,,,,,,263.84,1
,,,,,,Office Supplies,1
,,,,,,263.94,1
,,,,,,Furniture,1
,,,,,,263.97,1
,,,,,,Technology,1
,,,,,,264.22,1
,,,,,,Technology,1
,,,,,,264.26,1
,,,,,,Furniture,1
,,,,,,264.27,1
,,,,,,Furniture,1
,,,,,,264.32,1
,,,,,,Furniture,1
,,,,,,264.37,1
,,,,,,Technology,1
,,,,,,264.59,1
,,,,,,Furniture,1
,,,,,,264.69,1
,,,,,,Office Supplies,1
,,,,,,265.08,1
,,,,,,Furniture,1
,,,,,,265.09,1
,,,,,,Technology,1
,,,,,,265.28,1
,,,,,,Furniture,1
,,,,,,265.41,1
,,,,,,Furniture,1
,,,,,,265.54,1
,,,,,,Technology,1
,,,,,,265.55,1
,,,,,,Technology,1
,,,,,,265.64,1
,,,,,,Technology,1
,,,,,,265.9,1
,,,,,,Technology,1
,,,,,,265.96,1
,,,,,,Office Supplies,1
,,,,,,266.38,1
,,,,,,Technology,1
,,,,,,266.58,1
,,,,,,Office Supplies,1
,,,,,,266.67,1
,,,,,,Technology,1
,,,,,,266.72,1
,,,,,,Furniture,1
,,,,,,266.81,1
,,,,,,Office Supplies,1
,,,,,,266.95,1
,,,,,,Technology,1
,,,,,,267.16,1
,,,,,,Office Supplies,1
,,,,,,267.68,1
,,,,,,Office Supplies,1
,,,,,,267.75,1
,,,,,,Office Supplies,1
,,,,,,267.85,1
,,,,,,Technology,1
,,,,,,267.9,1
,,,,,,Furniture,1
,,,,,,267.92,1
,,,,,,Furniture,1
,,,,,,267.93,1
,,,,,,Furniture,1
,,,,,,268.09,1
,,,,,,Technology,1
,,,,,,268.26,1
,,,,,,Technology,1
,,,,,,268.31,1
,,,,,,Furniture,1
,,,,,,268.39,1
,,,,,,Office Supplies,1
,,,,,,268.64,1
,,,,,,Furniture,1
,,,,,,268.67,1
,,,,,,Technology,1
,,,,,,268.72,1
,,,,,,Technology,1
,,,,,,268.8,1
,,,,,,Furniture,1
,,,,,,268.86,1
,,,,,,Technology,1
,,,,,,268.88,1
,,,,,,Technology,1
,,,,,,268.91,1
,,,,,,Furniture,1
,,,,,,268.95,1
,,,,,,Technology,1
,,,,,,268.98,1
,,,,,,Technology,1
,,,,,,269.1,1
,,,,,,Furniture,1
,,,,,,269.19,1
,,,,,,Technology,1
,,,,,,269.29,1
,,,,,,Office Supplies,1
,,,,,,269.52,1
,,,,,,Technology,1
,,,,,,269.54,1
,,,,,,Technology,1
,,,,,,269.63,1
,,,,,,Technology,1
,,,,,,269.66,1
,,,,,,Technology,1
,,,,,,269.76,1
,,,,,,Technology,1
,,,,,,270.06,1
,,,,,,Technology,1
,,,,,,270.34,1
,,,,,,Office Supplies,1
,,,,,,270.49,1
,,,,,,Furniture,1
,,,,,,270.51,1
,,,,,,Technology,1
,,,,,,270.77,1
,,,,,,Technology,1
,,,,,,270.94,1
,,,,,,Technology,1
,,,,,,271.07,1
,,,,,,Technology,1
,,,,,,271.08,1
,,,,,,Technology,1
,,,,,,271.1,1
,,,,,,Technology,1
,,,,,,271.14,1
,,,,,,Office Supplies,1
,,,,,,271.16,1
,,,,,,Technology,1
,,,,,,271.46,1
,,,,,,Furniture,1
,,,,,,271.57,1
,,,,,,Technology,1
,,,,,,271.59,1
,,,,,,Technology,1
,,,,,,271.83,1
,,,,,,Office Supplies,1
,,,,,,272.09,1
,,,,,,Furniture,1
,,,,,,272.23,1
,,,,,,Technology,1
,,,,,,272.35,1
,,,,,,Furniture,1
,,,,,,272.52,1
,,,,,,Office Supplies,1
,,,,,,272.55,1
,,,,,,Office Supplies,1
,,,,,,272.6,1
,,,,,,Technology,1
,,,,,,272.63,1
,,,,,,Furniture,1
,,,,,,272.64,1
,,,,,,Technology,1
,,,,,,272.72,1
,,,,,,Office Supplies,1
,,,,,,272.8,1
,,,,,,Technology,1
,,,,,,273,1
,,,,,,Technology,1
,,,,,,273.01,1
,,,,,,Furniture,1
,,,,,,273.26,1
,,,,,,Furniture,1
,,,,,,273.28,1
,,,,,,Technology,1
,,,,,,273.45,1
,,,,,,Furniture,1
,,,,,,273.48,1
,,,,,,Technology,1
,,,,,,273.51,1
,,,,,,Technology,1
,,,,,,273.6,1
,,,,,,Furniture,1
,,,,,,273.79,1
,,,,,,Technology,1
,,,,,,273.9,2
,,,,,,Technology,2
,,,,,,274.07,1
,,,,,,Technology,1
,,,,,,274.23,1
,,,,,,Technology,1
,,,,,,274.51,1
,,,,,,Furniture,1
,,,,,,274.59,1
,,,,,,Furniture,1
,,,,,,274.75,1
,,,,,,Technology,1
,,,,,,274.8,1
,,,,,,Furniture,1
,,,,,,275.04,1
,,,,,,Furniture,1
,,,,,,275.15,1
,,,,,,Technology,1
,,,,,,275.2,1
,,,,,,Office Supplies,1
,,,,,,275.23,1
,,,,,,Office Supplies,1
,,,,,,275.28,1
,,,,,,Office Supplies,1
,,,,,,275.69,1
,,,,,,Furniture,1
,,,,,,275.7,1
,,,,,,Furniture,1
,,,,,,275.82,1
,,,,,,Furniture,1
,,,,,,275.84,1
,,,,,,Technology,1
,,,,,,275.95,1
,,,,,,Technology,1
,,,,,,276.02,1
,,,,,,Technology,1
,,,,,,276.06,1
,,,,,,Technology,1
,,,,,,276.08,2
,,,,,,Furniture,1
,,,,,,Technology,1
,,,,,,276.17,1
,,,,,,Technology,1
,,,,,,276.19,1
,,,,,,Furniture,1
,,,,,,276.26,2
,,,,,,Furniture,1
,,,,,,Technology,1
,,,,,,276.35,1
,,,,,,Furniture,1
,,,,,,276.39,1
,,,,,,Furniture,1
,,,,,,276.45,1
,,,,,,Office Supplies,1
,,,,,,276.67,1
,,,,,,Office Supplies,1
,,,,,,276.76,1
,,,,,,Technology,1
,,,,,,276.84,1
,,,,,,Furniture,1
,,,,,,277.15,1
,,,,,,Technology,1
,,,,,,277.17,1
,,,,,,Technology,1
,,,,,,277.27,1
,,,,,,Office Supplies,1
,,,,,,277.29,1
,,,,,,Technology,1
,,,,,,277.32,1
,,,,,,Technology,1
,,,,,,277.62,1
,,,,,,Furniture,1
,,,,,,277.67,1
,,,,,,Furniture,1
,,,,,,277.73,1
,,,,,,Technology,1
,,,,,,277.81,1
,,,,,,Technology,1
,,,,,,277.82,1
,,,,,,Technology,1
,,,,,,277.88,1
,,,,,,Technology,1
,,,,,,277.9,1
,,,,,,Technology,1
,,,,,,278.02,1
,,,,,,Technology,1
,,,,,,278.08,1
,,,,,,Furniture,1
,,,,,,278.14,1
,,,,,,Technology,1
,,,,,,278.59,1
,,,,,,Furniture,1
,,,,,,278.85,1
,,,,,,Furniture,1
,,,,,,278.9,1
,,,,,,Office Supplies,1
,,,,,,278.97,1
,,,,,,Technology,1
,,,,,,278.98,2
,,,,,,Furniture,1
,,,,,,Technology,1
,,,,,,279.11,1
,,,,,,Furniture,1
,,,,,,279.14,1
,,,,,,Technology,1
,,,,,,279.27,1
,,,,,,Office Supplies,1
,,,,,,279.41,1
,,,,,,Furniture,1
,,,,,,279.54,1
,,,,,,Technology,1
,,,,,,279.59,1
,,,,,,Technology,1
,,,,,,279.82,1
,,,,,,Technology,1
,,,,,,279.93,1
,,,,,,Furniture,1
,,,,,,279.94,1
,,,,,,Technology,1
,,,,,,280.06,1
,,,,,,Technology,1
,,,,,,280.2,1
,,,,,,Technology,1
,,,,,,280.31,1
,,,,,,Furniture,1
,,,,,,280.36,1
,,,,,,Furniture,1
,,,,,,280.37,1
,,,,,,Furniture,1
,,,,,,280.46,1
,,,,,,Technology,1
,,,,,,280.47,1
,,,,,,Office Supplies,1
,,,,,,280.54,1
,,,,,,Technology,1
,,,,,,280.69,1
,,,,,,Furniture,1
,,,,,,280.94,1
,,,,,,Furniture,1
,,,,,,281.12,1
,,,,,,Technology,1
,,,,,,281.25,1
,,,,,,Technology,1
,,,,,,281.32,1
,,,,,,Office Supplies,1
,,,,,,281.46,1
,,,,,,Technology,1
,,,,,,281.53,1
,,,,,,Technology,1
,,,,,,281.66,1
,,,,,,Office Supplies,1
,,,,,,282.15,1
,,,,,,Office Supplies,1
,,,,,,282.35,1
,,,,,,Office Supplies,1
,,,,,,282.53,1
,,,,,,Office Supplies,1
,,,,,,282.68,2
,,,,,,Furniture,1
,,,,,,Office Supplies,1
,,,,,,282.69,1
,,,,,,Furniture,1
,,,,,,282.85,1
,,,,,,Furniture,1
,,,,,,282.89,1
,,,,,,Technology,1
,,,,,,282.94,1
,,,,,,Technology,1
,,,,,,282.95,1
,,,,,,Technology,1
,,,,,,283.12,1
,,,,,,Technology,1
,,,,,,283.9,1
,,,,,,Technology,1
,,,,,,283.91,1
,,,,,,Office Supplies,1
,,,,,,283.92,1
,,,,,,Technology,1
,,,,,,284.06,1
,,,,,,Furniture,1
,,,,,,284.08,1
,,,,,,Technology,1
,,,,,,284.15,1
,,,,,,Furniture,1
,,,,,,284.16,1
,,,,,,Technology,1
,,,,,,284.23,1
,,,,,,Furniture,1
,,,,,,284.26,1
,,,,,,Furniture,1
,,,,,,284.47,1
,,,,,,Technology,1
,,,,,,284.48,1
,,,,,,Technology,1
,,,,,,284.56,1
,,,,,,Technology,1
,,,,,,284.65,1
,,,,,,Furniture,1
,,,,,,285.28,1
,,,,,,Office Supplies,1
,,,,,,285.3,1
,,,,,,Technology,1
,,,,,,285.74,1
,,,,,,Furniture,1
,,,,,,286.05,1
,,,,,,Furniture,1
,,,,,,286.28,1
,,,,,,Technology,1
,,,,,,286.29,1
,,,,,,Furniture,1
,,,,,,286.32,1
,,,,,,Office Supplies,1
,,,,,,286.34,1
,,,,,,Office Supplies,1
,,,,,,286.41,1
,,,,,,Technology,1
,,,,,,286.84,1
,,,,,,Technology,1
,,,,,,287.08,1
,,,,,,Technology,1
,,,,,,287.54,1
,,,,,,Furniture,1
,,,,,,287.61,1
,,,,,,Furniture,1
,,,,,,287.95,1
,,,,,,Technology,1
,,,,,,288.03,1
,,,,,,Technology,1
,,,,,,288.14,1
,,,,,,Technology,1
,,,,,,288.47,1
,,,,,,Technology,1
,,,,,,288.49,1
,,,,,,Technology,1
,,,,,,288.74,1
,,,,,,Furniture,1
,,,,,,288.8,1
,,,,,,Technology,1
,,,,,,289.23,1
,,,,,,Office Supplies,1
,,,,,,289.39,2
,,,,,,Technology,2
,,,,,,289.52,1
,,,,,,Furniture,1
,,,,,,289.72,1
,,,,,,Technology,1
,,,,,,289.73,1
,,,,,,Furniture,1
,,,,,,289.87,1
,,,,,,Technology,1
,,,,,,289.92,1
,,,,,,Office Supplies,1
,,,,,,289.96,1
,,,,,,Technology,1
,,,,,,290,1
,,,,,,Furniture,1
,,,,,,290.02,1
,,,,,,Technology,1
,,,,,,290.04,1
,,,,,,Furniture,1
,,,,,,290.13,1
,,,,,,Technology,1
,,,,,,290.14,1
,,,,,,Furniture,1
,,,,,,290.75,1
,,,,,,Technology,1
,,,,,,290.96,1
,,,,,,Technology,1
,,,,,,291.18,1
,,,,,,Office Supplies,1
,,,,,,291.24,1
,,,,,,Technology,1
,,,,,,291.34,1
,,,,,,Technology,1
,,,,,,291.42,1
,,,,,,Furniture,1
,,,,,,291.43,1
,,,,,,Technology,1
,,,,,,291.64,1
,,,,,,Technology,1
,,,,,,291.7,1
,,,,,,Technology,1
,,,,,,291.79,1
,,,,,,Furniture,1
,,,,,,291.83,1
,,,,,,Furniture,1
,,,,,,291.89,1
,,,,,,Technology,1
,,,,,,292.07,1
,,,,,,Technology,1
,,,,,,292.47,1
,,,,,,Furniture,1
,,,,,,292.77,1
,,,,,,Furniture,1
,,,,,,292.88,2
,,,,,,Furniture,1
,,,,,,Technology,1
,,,,,,293.08,1
,,,,,,Technology,1
,,,,,,293.34,2
,,,,,,Technology,2
,,,,,,293.38,1
,,,,,,Technology,1
,,,,,,293.39,1
,,,,,,Furniture,1
,,,,,,293.52,1
,,,,,,Office Supplies,1
,,,,,,293.54,1
,,,,,,Technology,1
,,,,,,293.69,1
,,,,,,Furniture,1
,,,,,,293.78,1
,,,,,,Furniture,1
,,,,,,293.87,1
,,,,,,Office Supplies,1
,,,,,,293.88,1
,,,,,,Furniture,1
,,,,,,293.9,1
,,,,,,Technology,1
,,,,,,293.91,1
,,,,,,Furniture,1
,,,,,,294.06,1
,,,,,,Technology,1
,,,,,,294.09,1
,,,,,,Technology,1
,,,,,,294.53,1
,,,,,,Technology,1
,,,,,,294.55,1
,,,,,,Technology,1
,,,,,,294.6,1
,,,,,,Office Supplies,1
,,,,,,294.61,1
,,,,,,Office Supplies,1
,,,,,,294.85,1
,,,,,,Furniture,1
,,,,,,295.13,1
,,,,,,Technology,1
,,,,,,295.16,1
,,,,,,Furniture,1
,,,,,,295.28,1
,,,,,,Technology,1
,,,,,,295.42,1
,,,,,,Office Supplies,1
,,,,,,295.61,1
,,,,,,Technology,1
,,,,,,295.75,1
,,,,,,Technology,1
,,,,,,295.97,1
,,,,,,Technology,1
,,,,,,296.1,1
,,,,,,Technology,1
,,,,,,296.48,1
,,,,,,Technology,1
,,,,,,296.63,1
,,,,,,Office Supplies,1
,,,,,,296.81,1
,,,,,,Furniture,1
,,,,,,296.9,1
,,,,,,Furniture,1
,,,,,,296.95,1
,,,,,,Technology,1
,,,,,,296.98,1
,,,,,,Technology,1
,,,,,,297.17,1
,,,,,,Office Supplies,1
,,,,,,297.33,1
,,,,,,Furniture,1
,,,,,,297.44,1
,,,,,,Technology,1
,,,,,,298.14,1
,,,,,,Office Supplies,1
,,,,,,298.2,2
,,,,,,Furniture,2
,,,,,,298.4,1
,,,,,,Furniture,1
,,,,,,298.85,1
,,,,,,Furniture,1
,,,,,,298.88,1
,,,,,,Furniture,1
,,,,,,299.14,1
,,,,,,Technology,1
,,,,,,299.18,1
,,,,,,Office Supplies,1
,,,,,,299.57,1
,,,,,,Office Supplies,1
,,,,,,299.7,1
,,,,,,Office Supplies,1
,,,,,,299.73,1
,,,,,,Furniture,1
,,,,,,300.12,1
,,,,,,Technology,1
,,,,,,300.53,1
,,,,,,Technology,1
,,,,,,300.73,1
,,,,,,Technology,1
,,,,,,300.97,1
,,,,,,Technology,1
,,,,,,301,1
,,,,,,Office Supplies,1
,,,,,,301.13,1
,,,,,,Technology,1
,,,,,,301.14,1
,,,,,,Furniture,1
,,,,,,301.28,1
,,,,,,Technology,1
,,,,,,301.48,1
,,,,,,Furniture,1
,,,,,,301.59,1
,,,,,,Office Supplies,1
,,,,,,301.66,1
,,,,,,Technology,1
,,,,,,301.8,1
,,,,,,Technology,1
,,,,,,302.08,1
,,,,,,Furniture,1
,,,,,,302.2,1
,,,,,,Technology,1
,,,,,,302.47,1
,,,,,,Furniture,1
,,,,,,302.56,1
,,,,,,Technology,1
,,,,,,302.64,1
,,,,,,Technology,1
,,,,,,303,1
,,,,,,Furniture,1
,,,,,,303.07,1
,,,,,,Technology,1
,,,,,,303.1,1
,,,,,,Technology,1
,,,,,,303.28,1
,,,,,,Furniture,1
,,,,,,303.53,1
,,,,,,Technology,1
,,,,,,303.64,1
,,,,,,Technology,1
,,,,,,303.66,1
,,,,,,Technology,1
,,,,,,303.75,1
,,,,,,Technology,1
,,,,,,303.87,1
,,,,,,Technology,1
,,,,,,304.04,1
,,,,,,Furniture,1
,,,,,,304.12,1
,,,,,,Technology,1
,,,,,,304.16,1
,,,,,,Technology,1
,,,,,,304.3,1
,,,,,,Technology,1
,,,,,,304.53,2
,,,,,,Technology,2
,,,,,,304.67,1
,,,,,,Furniture,1
,,,,,,304.72,1
,,,,,,Technology,1
,,,,,,304.85,1
,,,,,,Office Supplies,1
,,,,,,305.11,1
,,,,,,Office Supplies,1
,,,,,,305.75,1
,,,,,,Technology,1
,,,,,,306.76,1
,,,,,,Technology,1
,,,,,,306.83,1
,,,,,,Furniture,1
,,,,,,306.86,1
,,,,,,Technology,1
,,,,,,306.98,1
,,,,,,Technology,1
,,,,,,307.2,1
,,,,,,Technology,1
,,,,,,307.34,1
,,,,,,Furniture,1
,,,,,,307.51,1
,,,,,,Technology,1
,,,,,,307.63,1
,,,,,,Technology,1
,,,,,,307.72,1
,,,,,,Furniture,1
,,,,,,307.96,1
,,,,,,Office Supplies,1
,,,,,,308.01,1
,,,,,,Furniture,1
,,,,,,308.26,1
,,,,,,Furniture,1
,,,,,,308.29,1
,,,,,,Technology,1
,,,,,,308.52,1
,,,,,,Technology,1
,,,,,,308.64,1
,,,,,,Technology,1
,,,,,,308.72,1
,,,,,,Furniture,1
,,,,,,308.74,1
,,,,,,Technology,1
,,,,,,308.82,1
,,,,,,Office Supplies,1
,,,,,,309.21,1
,,,,,,Technology,1
,,,,,,309.32,2
,,,,,,Technology,2
,,,,,,309.69,1
,,,,,,Technology,1
,,,,,,309.74,1
,,,,,,Technology,1
,,,,,,310.04,1
,,,,,,Technology,1
,,,,,,310.36,1
,,,,,,Technology,1
,,,,,,310.38,1
,,,,,,Technology,1
,,,,,,310.46,1
,,,,,,Technology,1
,,,,,,310.49,1
,,,,,,Technology,1
,,,,,,310.83,1
,,,,,,Furniture,1
,,,,,,310.95,1
,,,,,,Technology,1
,,,,,,311,1
,,,,,,Technology,1
,,,,,,311.08,1
,,,,,,Office Supplies,1
,,,,,,311.3,1
,,,,,,Technology,1
,,,,,,311.32,1
,,,,,,Technology,1
,,,,,,311.33,1
,,,,,,Technology,1
,,,,,,311.76,1
,,,,,,Technology,1
,,,,,,311.92,1
,,,,,,Furniture,1
,,,,,,311.99,1
,,,,,,Technology,1
,,,,,,312.02,1
,,,,,,Office Supplies,1
,,,,,,312.24,1
,,,,,,Technology,1
,,,,,,312.25,1
,,,,,,Furniture,1
,,,,,,312.35,1
,,,,,,Furniture,1
,,,,,,312.38,1
,,,,,,Technology,1
,,,,,,312.39,1
,,,,,,Furniture,1
,,,,,,312.72,1
,,,,,,Furniture,1
,,,,,,312.76,1
,,,,,,Technology,1
,,,,,,313.16,1
,,,,,,Furniture,1
,,,,,,313.41,1
,,,,,,Technology,1
,,,,,,313.73,1
,,,,,,Technology,1
,,,,,,313.97,1
,,,,,,Technology,1
,,,,,,314.03,1
,,,,,,Furniture,1
,,,,,,314.17,1
,,,,,,Technology,1
,,,,,,314.44,1
,,,,,,Technology,1
,,,,,,314.5,1
,,,,,,Technology,1
,,,,,,314.59,1
,,,,,,Technology,1
,,,,,,314.64,1
,,,,,,Technology,1
,,,,,,314.81,1
,,,,,,Furniture,1
,,,,,,314.93,1
,,,,,,Technology,1
,,,,,,315.13,1
,,,,,,Technology,1
,,,,,,315.15,1
,,,,,,Furniture,1
,,,,,,315.18,1
,,,,,,Furniture,1
,,,,,,315.22,1
,,,,,,Technology,1
,,,,,,315.57,1
,,,,,,Office Supplies,1
,,,,,,315.77,1
,,,,,,Technology,1
,,,,,,315.81,1
,,,,,,Furniture,1
,,,,,,315.94,1
,,,,,,Technology,1
,,,,,,316,2
,,,,,,Furniture,1
,,,,,,Technology,1
,,,,,,316.41,1
,,,,,,Technology,1
,,,,,,316.51,1
,,,,,,Technology,1
,,,,,,316.91,1
,,,,,,Furniture,1
,,,,,,316.96,1
,,,,,,Technology,1
,,,,,,317.01,1
,,,,,,Furniture,1
,,,,,,317.47,1
,,,,,,Technology,1
,,,,,,317.63,1
,,,,,,Technology,1
,,,,,,317.76,1
,,,,,,Furniture,1
,,,,,,318,1
,,,,,,Technology,1
,,,,,,318.04,1
,,,,,,Technology,1
,,,,,,318.1,1
,,,,,,Furniture,1
,,,,,,318.13,1
,,,,,,Furniture,1
,,,,,,318.23,1
,,,,,,Furniture,1
,,,,,,318.39,1
,,,,,,Office Supplies,1
,,,,,,318.68,1
,,,,,,Office Supplies,1
,,,,,,318.75,1
,,,,,,Technology,1
,,,,,,318.8,1
,,,,,,Furniture,1
,,,,,,318.86,2
,,,,,,Furniture,2
,,,,,,319.08,1
,,,,,,Furniture,1
,,,,,,319.28,1
,,,,,,Technology,1
,,,,,,319.7,1
,,,,,,Furniture,1
,,,,,,319.88,1
,,,,,,Technology,1
,,,,,,319.91,1
,,,,,,Office Supplies,1
,,,,,,320.29,1
,,,,,,Furniture,1
,,,,,,320.35,1
,,,,,,Technology,1
,,,,,,320.45,1
,,,,,,Technology,1
,,,,,,320.5,1
,,,,,,Technology,1
,,,,,,320.78,1
,,,,,,Furniture,1
,,,,,,320.81,1
,,,,,,Furniture,1
,,,,,,320.88,1
,,,,,,Office Supplies,1
,,,,,,321.45,1
,,,,,,Furniture,1
,,,,,,321.58,1
,,,,,,Furniture,1
,,,,,,321.59,1
,,,,,,Technology,1
,,,,,,321.62,1
,,,,,,Technology,1
,,,,,,321.63,1
,,,,,,Technology,1
,,,,,,321.65,1
,,,,,,Technology,1
,,,,,,321.75,1
,,,,,,Technology,1
,,,,,,321.83,1
,,,,,,Technology,1
,,,,,,321.89,1
,,,,,,Furniture,1
,,,,,,322,1
,,,,,,Furniture,1
,,,,,,322.26,1
,,,,,,Furniture,1
,,,,,,322.27,1
,,,,,,Furniture,1
,,,,,,322.48,1
,,,,,,Technology,1
,,,,,,322.62,1
,,,,,,Office Supplies,1
,,,,,,322.67,1
,,,,,,Furniture,1
,,,,,,323.39,1
,,,,,,Technology,1
,,,,,,323.4,1
,,,,,,Furniture,1
,,,,,,323.53,1
,,,,,,Technology,1
,,,,,,323.55,1
,,,,,,Furniture,1
,,,,,,323.66,1
,,,,,,Technology,1
,,,,,,323.76,1
,,,,,,Office Supplies,1
,,,,,,324.07,1
,,,,,,Technology,1
,,,,,,324.23,1
,,,,,,Furniture,1
,,,,,,324.49,1
,,,,,,Furniture,1
,,,,,,325.21,1
,,,,,,Technology,1
,,,,,,325.22,1
,,,,,,Technology,1
,,,,,,325.4,1
,,,,,,Furniture,1
,,,,,,325.44,1
,,,,,,Technology,1
,,,,,,325.68,1
,,,,,,Technology,1
,,,,,,325.79,1
,,,,,,Furniture,1
,,,,,,326.05,1
,,,,,,Furniture,1
,,,,,,326.2,1
,,,,,,Technology,1
,,,,,,326.35,1
,,,,,,Office Supplies,1
,,,,,,326.37,1
,,,,,,Furniture,1
,,,,,,326.56,1
,,,,,,Technology,1
,,,,,,327.04,1
,,,,,,Furniture,1
,,,,,,327.13,1
,,,,,,Technology,1
,,,,,,327.17,1
,,,,,,Technology,1
,,,,,,327.32,1
,,,,,,Office Supplies,1
,,,,,,327.8,1
,,,,,,Technology,1
,,,,,,327.92,1
,,,,,,Furniture,1
,,,,,,327.96,1
,,,,,,Furniture,1
,,,,,,328.27,1
,,,,,,Furniture,1
,,,,,,328.9,1
,,,,,,Technology,1
,,,,,,329.58,1
,,,,,,Technology,1
,,,,,,329.61,1
,,,,,,Furniture,1
,,,,,,329.78,1
,,,,,,Technology,1
,,,,,,329.83,1
,,,,,,Technology,1
,,,,,,329.91,1
,,,,,,Technology,1
,,,,,,330.45,1
,,,,,,Technology,1
,,,,,,330.47,1
,,,,,,Technology,1
,,,,,,330.58,1
,,,,,,Technology,1
,,,,,,331.07,1
,,,,,,Furniture,1
,,,,,,331.11,1
,,,,,,Furniture,1
,,,,,,331.5,1
,,,,,,Technology,1
,,,,,,331.55,1
,,,,,,Technology,1
,,,,,,331.74,1
,,,,,,Technology,1
,,,,,,331.96,1
,,,,,,Furniture,1
,,,,,,332.27,1
,,,,,,Furniture,1
,,,,,,332.43,1
,,,,,,Furniture,1
,,,,,,332.95,1
,,,,,,Furniture,1
,,,,,,333.55,1
,,,,,,Furniture,1
,,,,,,333.59,1
,,,,,,Furniture,1
,,,,,,334.04,1
,,,,,,Technology,1
,,,,,,334.25,1
,,,,,,Technology,1
,,,,,,334.31,1
,,,,,,Furniture,1
,,,,,,334.36,1
,,,,,,Technology,1
,,,,,,334.46,1
,,,,,,Furniture,1
,,,,,,334.81,1
,,,,,,Technology,1
,,,,,,335.09,1
,,,,,,Technology,1
,,,,,,335.46,1
,,,,,,Office Supplies,1
,,,,,,335.47,1
,,,,,,Furniture,1
,,,,,,335.7,1
,,,,,,Office Supplies,1
,,,,,,335.71,1
,,,,,,Technology,1
,,,,,,336.34,1
,,,,,,Technology,1
,,,,,,336.37,1
,,,,,,Technology,1
,,,,,,336.42,1
,,,,,,Technology,1
,,,,,,336.58,1
,,,,,,Furniture,1
,,,,,,336.66,1
,,,,,,Furniture,1
,,,,,,336.84,1
,,,,,,Technology,1
,,,,,,336.98,1
,,,,,,Technology,1
,,,,,,337.49,1
,,,,,,Technology,1
,,,,,,337.59,1
,,,,,,Office Supplies,1
,,,,,,337.9,1
,,,,,,Furniture,1
,,,,,,337.92,1
,,,,,,Furniture,1
,,,,,,337.97,1
,,,,,,Furniture,1
,,,,,,337.99,1
,,,,,,Technology,1
,,,,,,338.41,1
,,,,,,Office Supplies,1
,,,,,,338.87,1
,,,,,,Technology,1
,,,,,,339.23,1
,,,,,,Technology,1
,,,,,,339.4,1
,,,,,,Technology,1
,,,,,,339.41,1
,,,,,,Furniture,1
,,,,,,340.03,1
,,,,,,Technology,1
,,,,,,340.12,1
,,,,,,Technology,1
,,,,,,340.83,1
,,,,,,Technology,1
,,,,,,341.21,1
,,,,,,Technology,1
,,,,,,341.7,1
,,,,,,Furniture,1
,,,,,,341.9,1
,,,,,,Technology,1
,,,,,,342.24,1
,,,,,,Furniture,1
,,,,,,342.41,1
,,,,,,Technology,1
,,,,,,342.42,1
,,,,,,Furniture,1
,,,,,,342.49,1
,,,,,,Technology,1
,,,,,,342.66,1
,,,,,,Technology,1
,,,,,,343.17,1
,,,,,,Furniture,1
,,,,,,343.47,1
,,,,,,Furniture,1
,,,,,,343.57,1
,,,,,,Technology,1
,,,,,,343.67,1
,,,,,,Technology,1
,,,,,,344.1,1
,,,,,,Office Supplies,1
,,,,,,344.14,1
,,,,,,Furniture,1
,,,,,,344.48,1
,,,,,,Technology,1
,,,,,,344.56,1
,,,,,,Technology,1
,,,,,,344.6,1
,,,,,,Technology,1
,,,,,,344.62,1
,,,,,,Furniture,1
,,,,,,345.03,1
,,,,,,Technology,1
,,,,,,345.52,1
,,,,,,Technology,1
,,,,,,346.1,1
,,,,,,Technology,1
,,,,,,346.39,1
,,,,,,Technology,1
,,,,,,346.54,1
,,,,,,Furniture,1
,,,,,,346.56,1
,,,,,,Technology,1
,,,,,,346.61,1
,,,,,,Technology,1
,,,,,,346.73,1
,,,,,,Technology,1
,,,,,,347.3,1
,,,,,,Technology,1
,,,,,,347.52,1
,,,,,,Furniture,1
,,,,,,347.76,1
,,,,,,Furniture,1
,,,,,,347.91,1
,,,,,,Technology,1
,,,,,,348.11,1
,,,,,,Technology,1
,,,,,,348.45,1
,,,,,,Technology,1
,,,,,,348.47,1
,,,,,,Technology,1
,,,,,,348.72,1
,,,,,,Technology,1
,,,,,,348.95,1
,,,,,,Technology,1
,,,,,,348.97,1
,,,,,,Furniture,1
,,,,,,349.43,1
,,,,,,Technology,1
,,,,,,349.91,1
,,,,,,Technology,1
,,,,,,350.11,1
,,,,,,Technology,1
,,,,,,350.13,1
,,,,,,Furniture,1
,,,,,,350.25,1
,,,,,,Furniture,1
,,,,,,350.28,1
,,,,,,Furniture,1
,,,,,,350.4,1
,,,,,,Technology,1
,,,,,,350.42,1
,,,,,,Furniture,1
,,,,,,350.59,1
,,,,,,Office Supplies,1
,,,,,,351.21,1
,,,,,,Furniture,1
,,,,,,351.3,1
,,,,,,Furniture,1
,,,,,,351.38,1
,,,,,,Technology,1
,,,,,,351.75,1
,,,,,,Office Supplies,1
,,,,,,352.07,2
,,,,,,Technology,2
,,,,,,352.15,1
,,,,,,Technology,1
,,,,,,352.34,1
,,,,,,Office Supplies,1
,,,,,,352.41,1
,,,,,,Technology,1
,,,,,,352.52,1
,,,,,,Furniture,1
,,,,,,352.74,1
,,,,,,Technology,1
,,,,,,352.78,1
,,,,,,Technology,1
,,,,,,353.09,1
,,,,,,Technology,1
,,,,,,353.36,1
,,,,,,Furniture,1
,,,,,,353.41,1
,,,,,,Technology,1
,,,,,,353.46,1
,,,,,,Technology,1
,,,,,,353.48,1
,,,,,,Furniture,1
,,,,,,353.76,1
,,,,,,Technology,1
,,,,,,353.86,1
,,,,,,Technology,1
,,,,,,353.97,1
,,,,,,Furniture,1
,,,,,,354.03,1
,,,,,,Technology,1
,,,,,,354.28,1
,,,,,,Technology,1
,,,,,,354.49,1
,,,,,,Furniture,1
,,,,,,354.53,1
,,,,,,Furniture,1
,,,,,,354.65,1
,,,,,,Technology,1
,,,,,,354.72,1
,,,,,,Office Supplies,1
,,,,,,354.84,1
,,,,,,Technology,1
,,,,,,355.24,1
,,,,,,Furniture,1
,,,,,,355.25,1
,,,,,,Technology,1
,,,,,,355.4,2
,,,,,,Furniture,1
,,,,,,Technology,1
,,,,,,355.5,1
,,,,,,Technology,1
,,,,,,355.72,1
,,,,,,Technology,1
,,,,,,355.79,1
,,,,,,Furniture,1
,,,,,,355.89,1
,,,,,,Furniture,1
,,,,,,355.9,1
,,,,,,Furniture,1
,,,,,,356.26,1
,,,,,,Technology,1
,,,,,,356.27,1
,,,,,,Technology,1
,,,,,,356.41,1
,,,,,,Technology,1
,,,,,,356.58,1
,,,,,,Technology,1
,,,,,,356.65,1
,,,,,,Technology,1
,,,,,,357.25,1
,,,,,,Technology,1
,,,,,,357.27,1
,,,,,,Technology,1
,,,,,,357.28,1
,,,,,,Technology,1
,,,,,,357.6,1
,,,,,,Technology,1
,,,,,,358.52,1
,,,,,,Technology,1
,,,,,,358.88,1
,,,,,,Technology,1
,,,,,,358.96,1
,,,,,,Furniture,1
,,,,,,360.07,1
,,,,,,Technology,1
,,,,,,360.12,1
,,,,,,Technology,1
,,,,,,360.24,1
,,,,,,Technology,1
,,,,,,360.57,1
,,,,,,Technology,1
,,,,,,360.93,1
,,,,,,Technology,1
,,,,,,361.17,1
,,,,,,Technology,1
,,,,,,361.26,1
,,,,,,Furniture,1
,,,,,,361.77,1
,,,,,,Technology,1
,,,,,,361.86,1
,,,,,,Technology,1
,,,,,,362.11,1
,,,,,,Office Supplies,1
,,,,,,362.55,1
,,,,,,Furniture,1
,,,,,,363.21,1
,,,,,,Furniture,1
,,,,,,363.23,1
,,,,,,Technology,1
,,,,,,363.47,2
,,,,,,Technology,2
,,,,,,363.63,1
,,,,,,Technology,1
,,,,,,363.78,1
,,,,,,Technology,1
,,,,,,364.12,1
,,,,,,Technology,1
,,,,,,364.48,1
,,,,,,Technology,1
,,,,,,364.86,1
,,,,,,Technology,1
,,,,,,364.93,1
,,,,,,Technology,1
,,,,,,365.05,1
,,,,,,Furniture,1
,,,,,,365.09,1
,,,,,,Technology,1
,,,,,,365.16,1
,,,,,,Furniture,1
,,,,,,365.75,1
,,,,,,Technology,1
,,,,,,365.79,1
,,,,,,Furniture,1
,,,,,,365.9,1
,,,,,,Technology,1
,,,,,,366.16,1
,,,,,,Furniture,1
,,,,,,367.42,1
,,,,,,Technology,1
,,,,,,367.86,1
,,,,,,Technology,1
,,,,,,367.89,1
,,,,,,Technology,1
,,,,,,368.25,1
,,,,,,Technology,1
,,,,,,368.44,1
,,,,,,Technology,1
,,,,,,369.44,1
,,,,,,Furniture,1
,,,,,,369.51,1
,,,,,,Furniture,1
,,,,,,369.52,1
,,,,,,Technology,1
,,,,,,370.13,1
,,,,,,Technology,1
,,,,,,370.35,1
,,,,,,Technology,1
,,,,,,370.46,1
,,,,,,Technology,1
,,,,,,370.8,1
,,,,,,Furniture,1
,,,,,,371.04,1
,,,,,,Furniture,1
,,,,,,371.25,1
,,,,,,Furniture,1
,,,,,,371.44,1
,,,,,,Technology,1
,,,,,,371.86,1
,,,,,,Technology,1
,,,,,,372.08,1
,,,,,,Furniture,1
,,,,,,372.33,1
,,,,,,Technology,1
,,,,,,372.64,1
,,,,,,Technology,1
,,,,,,373.01,1
,,,,,,Technology,1
,,,,,,373.44,1
,,,,,,Furniture,1
,,,,,,373.71,1
,,,,,,Furniture,1
,,,,,,373.74,1
,,,,,,Technology,1
,,,,,,373.76,1
,,,,,,Furniture,1
,,,,,,373.86,1
,,,,,,Furniture,1
,,,,,,373.9,1
,,,,,,Office Supplies,1
,,,,,,373.99,1
,,,,,,Technology,1
,,,,,,374.16,1
,,,,,,Technology,1
,,,,,,374.31,1
,,,,,,Technology,1
,,,,,,374.6,1
,,,,,,Furniture,1
,,,,,,374.74,1
,,,,,,Furniture,1
,,,,,,375.14,1
,,,,,,Technology,1
,,,,,,375.36,1
,,,,,,Technology,1
,,,,,,375.4,1
,,,,,,Technology,1
,,,,,,375.46,1
,,,,,,Furniture,1
,,,,,,376.21,1
,,,,,,Technology,1
,,,,,,376.31,1
,,,,,,Technology,1
,,,,,,376.4,1
,,,,,,Technology,1
,,,,,,376.55,1
,,,,,,Furniture,1
,,,,,,376.58,1
,,,,,,Furniture,1
,,,,,,376.59,1
,,,,,,Technology,1
,,,,,,376.73,1
,,,,,,Technology,1
,,,,,,377.22,1
,,,,,,Technology,1
,,,,,,378.68,1
,,,,,,Furniture,1
,,,,,,378.91,1
,,,,,,Office Supplies,1
,,,,,,379.36,1
,,,,,,Furniture,1
,,,,,,379.86,1
,,,,,,Furniture,1
,,,,,,380.04,1
,,,,,,Technology,1
,,,,,,380.36,1
,,,,,,Technology,1
,,,,,,380.4,1
,,,,,,Technology,1
,,,,,,380.58,1
,,,,,,Technology,1
,,,,,,380.62,1
,,,,,,Technology,1
,,,,,,381.08,1
,,,,,,Technology,1
,,,,,,381.19,1
,,,,,,Technology,1
,,,,,,381.69,1
,,,,,,Furniture,1
,,,,,,382.26,1
,,,,,,Technology,1
,,,,,,382.73,1
,,,,,,Technology,1
,,,,,,382.77,1
,,,,,,Technology,1
,,,,,,383.31,1
,,,,,,Furniture,1
,,,,,,384.01,1
,,,,,,Technology,1
,,,,,,384.58,1
,,,,,,Technology,1
,,,,,,384.62,1
,,,,,,Technology,1
,,,,,,384.72,1
,,,,,,Technology,1
,,,,,,384.76,1
,,,,,,Furniture,1
,,,,,,384.85,1
,,,,,,Furniture,1
,,,,,,385.27,1
,,,,,,Technology,1
,,,,,,385.43,1
,,,,,,Technology,1
,,,,,,385.47,1
,,,,,,Technology,1
,,,,,,385.7,1
,,,,,,Technology,1
,,,,,,385.75,1
,,,,,,Technology,1
,,,,,,385.91,1
,,,,,,Technology,1
,,,,,,385.94,1
,,,,,,Technology,1
,,,,,,387.49,1
,,,,,,Furniture,1
,,,,,,387.73,1
,,,,,,Furniture,1
,,,,,,389.1,1
,,,,,,Office Supplies,1
,,,,,,389.22,1
,,,,,,Technology,1
,,,,,,389.3,1
,,,,,,Technology,1
,,,,,,390.1,1
,,,,,,Technology,1
,,,,,,390.82,1
,,,,,,Technology,1
,,,,,,391.15,1
,,,,,,Technology,1
,,,,,,391.35,1
,,,,,,Technology,1
,,,,,,391.45,1
,,,,,,Technology,1
,,,,,,391.94,1
,,,,,,Technology,1
,,,,,,392.13,1
,,,,,,Technology,1
,,,,,,392.36,1
,,,,,,Furniture,1
,,,,,,392.38,1
,,,,,,Technology,1
,,,,,,393.14,1
,,,,,,Technology,1
,,,,,,393.2,1
,,,,,,Furniture,1
,,,,,,393.49,1
,,,,,,Furniture,1
,,,,,,393.85,1
,,,,,,Office Supplies,1
,,,,,,393.98,1
,,,,,,Technology,1
,,,,,,394.74,2
,,,,,,Technology,2
,,,,,,395.71,1
,,,,,,Technology,1
,,,,,,395.74,1
,,,,,,Technology,1
,,,,,,396.62,1
,,,,,,Technology,1
,,,,,,397.11,1
,,,,,,Technology,1
,,,,,,397.51,1
,,,,,,Technology,1
,,,,,,397.65,1
,,,,,,Furniture,1
,,,,,,397.68,1
,,,,,,Technology,1
,,,,,,397.81,1
,,,,,,Furniture,1
,,,,,,397.82,1
,,,,,,Technology,1
,,,,,,398.06,1
,,,,,,Technology,1
,,,,,,398.68,1
,,,,,,Furniture,1
,,,,,,399.4,1
,,,,,,Furniture,1
,,,,,,399.61,1
,,,,,,Technology,1
,,,,,,400.25,1
,,,,,,Furniture,1
,,,,,,400.44,1
,,,,,,Furniture,1
,,,,,,401.21,1
,,,,,,Furniture,1
,,,,,,401.37,1
,,,,,,Technology,1
,,,,,,402.33,1
,,,,,,Technology,1
,,,,,,402.61,1
,,,,,,Technology,1
,,,,,,403.85,1
,,,,,,Technology,1
,,,,,,403.99,1
,,,,,,Technology,1
,,,,,,404.05,1
,,,,,,Furniture,1
,,,,,,404.52,1
,,,,,,Technology,1
,,,,,,405.14,1
,,,,,,Technology,1
,,,,,,405.45,1
,,,,,,Technology,1
,,,,,,405.57,1
,,,,,,Technology,1
,,,,,,405.8,1
,,,,,,Technology,1
,,,,,,405.87,1
,,,,,,Furniture,1
,,,,,,406.04,1
,,,,,,Technology,1
,,,,,,406.12,1
,,,,,,Technology,1
,,,,,,406.13,1
,,,,,,Technology,1
,,,,,,406.45,1
,,,,,,Technology,1
,,,,,,406.74,1
,,,,,,Technology,1
,,,,,,406.97,1
,,,,,,Furniture,1
,,,,,,407.7,1
,,,,,,Technology,1
,,,,,,408.48,1
,,,,,,Furniture,1
,,,,,,409.03,1
,,,,,,Furniture,1
,,,,,,409.14,1
,,,,,,Furniture,1
,,,,,,409.58,1
,,,,,,Furniture,1
,,,,,,410.57,1
,,,,,,Technology,1
,,,,,,410.68,1
,,,,,,Technology,1
,,,,,,410.97,1
,,,,,,Technology,1
,,,,,,411.12,1
,,,,,,Furniture,1
,,,,,,411.3,1
,,,,,,Furniture,1
,,,,,,411.53,1
,,,,,,Technology,1
,,,,,,412.09,1
,,,,,,Office Supplies,1
,,,,,,412.34,1
,,,,,,Office Supplies,1
,,,,,,412.52,1
,,,,,,Furniture,1
,,,,,,412.83,1
,,,,,,Technology,1
,,,,,,413.19,1
,,,,,,Furniture,1
,,,,,,413.64,1
,,,,,,Technology,1
,,,,,,414.06,1
,,,,,,Furniture,1
,,,,,,415.13,1
,,,,,,Technology,1
,,,,,,415.46,1
,,,,,,Technology,1
,,,,,,415.48,1
,,,,,,Technology,1
,,,,,,415.82,1
,,,,,,Furniture,1
,,,,,,416.03,1
,,,,,,Technology,1
,,,,,,416.49,1
,,,,,,Furniture,1
,,,,,,416.51,1
,,,,,,Technology,1
,,,,,,417.82,1
,,,,,,Technology,1
,,,,,,419.48,1
,,,,,,Furniture,1
,,,,,,420.92,1
,,,,,,Technology,1
,,,,,,421.11,1
,,,,,,Technology,1
,,,,,,421.27,1
,,,,,,Technology,1
,,,,,,421.93,1
,,,,,,Technology,1
,,,,,,422.07,1
,,,,,,Technology,1
,,,,,,422.4,1
,,,,,,Technology,1
,,,,,,422.86,1
,,,,,,Technology,1
,,,,,,423.04,1
,,,,,,Technology,1
,,,,,,423.13,1
,,,,,,Furniture,1
,,,,,,423.25,1
,,,,,,Technology,1
,,,,,,423.34,2
,,,,,,Furniture,2
,,,,,,423.44,1
,,,,,,Technology,1
,,,,,,423.73,1
,,,,,,Technology,1
,,,,,,423.84,1
,,,,,,Technology,1
,,,,,,424.03,1
,,,,,,Furniture,1
,,,,,,424.62,1
,,,,,,Technology,1
,,,,,,424.7,1
,,,,,,Technology,1
,,,,,,425.52,1
,,,,,,Technology,1
,,,,,,425.68,1
,,,,,,Technology,1
,,,,,,425.86,1
,,,,,,Furniture,1
,,,,,,426.47,1
,,,,,,Technology,1
,,,,,,426.91,1
,,,,,,Furniture,1
,,,,,,427.13,1
,,,,,,Technology,1
,,,,,,427.6,1
,,,,,,Technology,1
,,,,,,427.78,1
,,,,,,Technology,1
,,,,,,428.48,1
,,,,,,Technology,1
,,,,,,428.9,1
,,,,,,Furniture,1
,,,,,,429.34,1
,,,,,,Furniture,1
,,,,,,429.91,1
,,,,,,Technology,1
,,,,,,429.94,1
,,,,,,Technology,1
,,,,,,430.65,1
,,,,,,Office Supplies,1
,,,,,,430.82,1
,,,,,,Technology,1
,,,,,,430.93,1
,,,,,,Technology,1
,,,,,,431.44,1
,,,,,,Technology,1
,,,,,,431.6,1
,,,,,,Technology,1
,,,,,,432.64,1
,,,,,,Office Supplies,1
,,,,,,433.31,1
,,,,,,Technology,1
,,,,,,433.98,1
,,,,,,Technology,1
,,,,,,434.19,1
,,,,,,Technology,1
,,,,,,435.04,1
,,,,,,Technology,1
,,,,,,435.74,2
,,,,,,Technology,2
,,,,,,436.45,1
,,,,,,Technology,1
,,,,,,436.49,1
,,,,,,Technology,1
,,,,,,437.17,1
,,,,,,Technology,1
,,,,,,438.04,1
,,,,,,Technology,1
,,,,,,438.06,1
,,,,,,Office Supplies,1
,,,,,,438.45,1
,,,,,,Technology,1
,,,,,,438.61,1
,,,,,,Furniture,1
,,,,,,438.66,1
,,,,,,Furniture,1
,,,,,,439.25,1
,,,,,,Furniture,1
,,,,,,439.66,1
,,,,,,Technology,1
,,,,,,440.59,1
,,,,,,Technology,1
,,,,,,442.05,1
,,,,,,Furniture,1
,,,,,,444.68,1
,,,,,,Technology,1
,,,,,,445.41,1
,,,,,,Office Supplies,1
,,,,,,445.61,1
,,,,,,Technology,1
,,,,,,447.06,1
,,,,,,Technology,1
,,,,,,447.94,1
,,,,,,Technology,1
,,,,,,448.92,1
,,,,,,Technology,1
,,,,,,449.16,1
,,,,,,Furniture,1
,,,,,,450.27,1
,,,,,,Technology,1
,,,,,,451.67,1
,,,,,,Technology,1
,,,,,,452.35,1
,,,,,,Technology,1
,,,,,,452.84,1
,,,,,,Technology,1
,,,,,,452.95,1
,,,,,,Furniture,1
,,,,,,454.01,1
,,,,,,Office Supplies,1
,,,,,,454.54,1
,,,,,,Furniture,1
,,,,,,454.79,1
,,,,,,Technology,1
,,,,,,455.03,1
,,,,,,Furniture,1
,,,,,,455.37,1
,,,,,,Technology,1
,,,,,,455.53,1
,,,,,,Technology,1
,,,,,,456.55,1
,,,,,,Technology,1
,,,,,,457.28,1
,,,,,,Furniture,1
,,,,,,457.48,1
,,,,,,Furniture,1
,,,,,,460.22,1
,,,,,,Technology,1
,,,,,,460.45,1
,,,,,,Technology,1
,,,,,,460.85,1
,,,,,,Office Supplies,1
,,,,,,460.89,1
,,,,,,Technology,1
,,,,,,460.91,1
,,,,,,Furniture,1
,,,,,,461.72,1
,,,,,,Technology,1
,,,,,,462.15,1
,,,,,,Furniture,1
,,,,,,462.38,1
,,,,,,Technology,1
,,,,,,462.59,1
,,,,,,Technology,1
,,,,,,463.26,1
,,,,,,Technology,1
,,,,,,463.72,1
,,,,,,Technology,1
,,,,,,465.05,1
,,,,,,Furniture,1
,,,,,,465.12,1
,,,,,,Technology,1
,,,,,,466.22,1
,,,,,,Technology,1
,,,,,,466.31,1
,,,,,,Technology,1
,,,,,,466.61,1
,,,,,,Office Supplies,1
,,,,,,467.98,1
,,,,,,Technology,1
,,,,,,468.67,1
,,,,,,Technology,1
,,,,,,469.11,1
,,,,,,Technology,1
,,,,,,469.96,1
,,,,,,Furniture,1
,,,,,,470.3,1
,,,,,,Technology,1
,,,,,,470.65,1
,,,,,,Technology,1
,,,,,,471.05,1
,,,,,,Technology,1
,,,,,,471.32,1
,,,,,,Technology,1
,,,,,,471.86,1
,,,,,,Office Supplies,1
,,,,,,472.11,1
,,,,,,Technology,1
,,,,,,472.61,1
,,,,,,Technology,1
,,,,,,473.42,1
,,,,,,Technology,1
,,,,,,474.09,1
,,,,,,Furniture,1
,,,,,,474.87,1
,,,,,,Furniture,1
,,,,,,475.03,1
,,,,,,Technology,1
,,,,,,476.34,1
,,,,,,Furniture,1
,,,,,,476.45,1
,,,,,,Technology,1
,,,,,,476.61,1
,,,,,,Technology,1
,,,,,,476.92,1
,,,,,,Technology,1
,,,,,,476.95,1
,,,,,,Furniture,1
,,,,,,477.66,1
,,,,,,Technology,1
,,,,,,477.87,1
,,,,,,Technology,1
,,,,,,480.24,1
,,,,,,Technology,1
,,,,,,482.15,1
,,,,,,Technology,1
,,,,,,482.64,1
,,,,,,Technology,1
,,,,,,483.29,1
,,,,,,Technology,1
,,,,,,483.33,1
,,,,,,Technology,1
,,,,,,483.89,1
,,,,,,Technology,1
,,,,,,484.67,1
,,,,,,Furniture,1
,,,,,,485.59,1
,,,,,,Furniture,1
,,,,,,485.72,1
,,,,,,Technology,1
,,,,,,487.48,1
,,,,,,Technology,1
,,,,,,490.77,1
,,,,,,Furniture,1
,,,,,,490.82,1
,,,,,,Technology,1
,,,,,,491.67,1
,,,,,,Furniture,1
,,,,,,491.69,1
,,,,,,Technology,1
,,,,,,491.76,1
,,,,,,Technology,1
,,,,,,492.93,1
,,,,,,Technology,1
,,,,,,493.26,1
,,,,,,Technology,1
,,,,,,493.31,1
,,,,,,Technology,1
,,,,,,493.89,1
,,,,,,Technology,1
,,,,,,494.99,1
,,,,,,Technology,1
,,,,,,496.28,1
,,,,,,Technology,1
,,,,,,497.04,1
,,,,,,Technology,1
,,,,,,497.07,1
,,,,,,Technology,1
,,,,,,498.13,1
,,,,,,Furniture,1
,,,,,,498.16,1
,,,,,,Furniture,1
,,,,,,501.21,1
,,,,,,Office Supplies,1
,,,,,,501.63,1
,,,,,,Technology,1
,,,,,,502.4,1
,,,,,,Furniture,1
,,,,,,504.5,1
,,,,,,Technology,1
,,,,,,507.15,1
,,,,,,Office Supplies,1
,,,,,,508.15,1
,,,,,,Technology,1
,,,,,,508.78,1
,,,,,,Technology,1
,,,,,,509.56,1
,,,,,,Office Supplies,1
,,,,,,511.18,1
,,,,,,Furniture,1
,,,,,,511.34,1
,,,,,,Technology,1
,,,,,,511.48,1
,,,,,,Technology,1
,,,,,,512.36,1
,,,,,,Technology,1
,,,,,,514.9,1
,,,,,,Technology,1
,,,,,,521.06,1
,,,,,,Technology,1
,,,,,,521.51,1
,,,,,,Furniture,1
,,,,,,524.42,1
,,,,,,Technology,1
,,,,,,525.53,1
,,,,,,Technology,1
,,,,,,528.02,1
,,,,,,Technology,1
,,,,,,528.75,1
,,,,,,Technology,1
,,,,,,529.98,1
,,,,,,Technology,1
,,,,,,531.65,1
,,,,,,Technology,1
,,,,,,531.98,1
,,,,,,Technology,1
,,,,,,532.17,1
,,,,,,Technology,1
,,,,,,533.31,1
,,,,,,Furniture,1
,,,,,,536.08,1
,,,,,,Furniture,1
,,,,,,536.12,1
,,,,,,Office Supplies,1
,,,,,,543.41,1
,,,,,,Technology,1
,,,,,,544.22,1
,,,,,,Technology,1
,,,,,,548.44,1
,,,,,,Technology,1
,,,,,,555.07,1
,,,,,,Technology,1
,,,,,,556.86,1
,,,,,,Technology,1
,,,,,,557.9,1
,,,,,,Furniture,1
,,,,,,558.54,1
,,,,,,Technology,1
,,,,,,559.9,1
,,,,,,Technology,1
,,,,,,560.21,1
,,,,,,Technology,1
,,,,,,562.23,1
,,,,,,Furniture,1
,,,,,,562.54,1
,,,,,,Technology,1
,,,,,,563.58,1
,,,,,,Technology,1
,,,,,,563.77,1
,,,,,,Technology,1
,,,,,,563.87,1
,,,,,,Furniture,1
,,,,,,567.95,1
,,,,,,Furniture,1
,,,,,,571.76,1
,,,,,,Technology,1
,,,,,,573.5,1
,,,,,,Technology,1
,,,,,,573.58,1
,,,,,,Furniture,1
,,,,,,575.81,1
,,,,,,Furniture,1
,,,,,,577.59,1
,,,,,,Technology,1
,,,,,,577.96,1
,,,,,,Technology,1
,,,,,,581.09,1
,,,,,,Technology,1
,,,,,,582.64,1
,,,,,,Technology,1
,,,,,,583.66,1
,,,,,,Technology,1
,,,,,,586.57,1
,,,,,,Furniture,1
,,,,,,589.67,1
,,,,,,Technology,1
,,,,,,590.2,1
,,,,,,Technology,1
,,,,,,590.4,1
,,,,,,Furniture,1
,,,,,,591.77,1
,,,,,,Technology,1
,,,,,,594.72,1
,,,,,,Furniture,1
,,,,,,596.99,1
,,,,,,Furniture,1
,,,,,,597.3,1
,,,,,,Technology,1
,,,,,,600.69,1
,,,,,,Technology,1
,,,,,,604.42,1
,,,,,,Furniture,1
,,,,,,605,1
,,,,,,Technology,1
,,,,,,605.59,1
,,,,,,Technology,1
,,,,,,608.05,1
,,,,,,Technology,1
,,,,,,610.19,1
,,,,,,Technology,1
,,,,,,611.92,1
,,,,,,Technology,1
,,,,,,612.06,1
,,,,,,Technology,1
,,,,,,617.41,1
,,,,,,Technology,1
,,,,,,620.7,1
,,,,,,Technology,1
,,,,,,622.01,1
,,,,,,Furniture,1
,,,,,,622.38,1
,,,,,,Technology,1
,,,,,,625.81,1
,,,,,,Technology,1
,,,,,,629.65,1
,,,,,,Technology,1
,,,,,,630.54,1
,,,,,,Technology,1
,,,,,,633.31,1
,,,,,,Technology,1
,,,,,,633.92,1
,,,,,,Technology,1
,,,,,,636.7,1
,,,,,,Technology,1
,,,,,,637.29,1
,,,,,,Furniture,1
,,,,,,638.29,1
,,,,,,Technology,1
,,,,,,642.26,1
,,,,,,Furniture,1
,,,,,,645.72,1
,,,,,,Technology,1
,,,,,,646.62,1
,,,,,,Technology,1
,,,,,,647.9,1
,,,,,,Technology,1
,,,,,,647.91,1
,,,,,,Technology,1
,,,,,,648.48,1
,,,,,,Furniture,1
,,,,,,650.5,1
,,,,,,Technology,1
,,,,,,655.34,1
,,,,,,Technology,1
,,,,,,666.2,1
,,,,,,Furniture,1
,,,,,,684.97,1
,,,,,,Technology,1
,,,,,,687.79,1
,,,,,,Furniture,1
,,,,,,693.55,1
,,,,,,Technology,1
,,,,,,696.08,1
,,,,,,Furniture,1
,,,,,,722.98,1
,,,,,,Technology,1
,,,,,,724.07,1
,,,,,,Technology,1
,,,,,,730.38,1
,,,,,,Technology,1
,,,,,,737.15,1
,,,,,,Furniture,1
,,,,,,738.26,1
,,,,,,Technology,1
,,,,,,756.26,1
,,,,,,Technology,1
,,,,,,790.2,1
,,,,,,Technology,1
,,,,,,857.23,1
,,,,,,Technology,1
,,,,,,857.46,1
,,,,,,Technology,1
,,,,,,861.39,1
,,,,,,Furniture,1
,,,,,,924.78,1
,,,,,,Technology,1
,,,,,,Profit,1
,,,,,,Category,1
,,,,,,(blank),
,,,,,,(blank),
,,,,,,Grand Total,12025
